entity_id,fiscal_year,counterparty_country,direction,txn_count,value_zar,dataset
E01,FY2024,Brazil,inbound,119,90381619.83,cross_border_payments
E01,FY2024,Brazil,outbound,126,85644982.36,cross_border_payments
E01,FY2024,China,inbound,117,83612310.87,cross_border_payments
E01,FY2024,China,outbound,112,113950565.09,cross_border_payments
E01,FY2024,Germany,inbound,110,99266266.35,cross_border_payments
E01,FY2024,Germany,outbound,106,74352748.31,cross_border_payments
E01,FY2024,India,inbound,109,122859879.76,cross_border_payments
E01,FY2024,India,outbound,127,113948992.06,cross_border_payments
E01,FY2024,Japan,inbound,107,87593735.23,cross_border_payments
E01,FY2024,Japan,outbound,110,107249789.37,cross_border_payments
E01,FY2024,Netherlands,inbound,96,124367761.88,cross_border_payments
E01,FY2024,Netherlands,outbound,121,122474640.98,cross_border_payments
E01,FY2024,Switzerland,inbound,122,97512061.6,cross_border_payments
E01,FY2024,Switzerland,outbound,112,103745567.77,cross_border_payments
E01,FY2024,United Arab Emirates,inbound,103,103395728.31,cross_border_payments
E01,FY2024,United Arab Emirates,outbound,112,96316866.42999999,cross_border_payments
E01,FY2024,United Kingdom,inbound,117,82028136.05,cross_border_payments
E01,FY2024,United Kingdom,outbound,113,95324771.07000001,cross_border_payments
E01,FY2024,United States,inbound,107,149103051.67,cross_border_payments
E01,FY2024,United States,outbound,129,109774816.63,cross_border_payments
E01,FY2024,Unknown,inbound,20,7434641.090000001,cross_border_payments
E01,FY2024,Unknown,outbound,14,12921394.28,cross_border_payments
E01,FY2025,Brazil,inbound,112,143835310.47,cross_border_payments
E01,FY2025,Brazil,outbound,132,120188353.47,cross_border_payments
E01,FY2025,China,inbound,94,106612458.24,cross_border_payments
E01,FY2025,China,outbound,136,134164742.19,cross_border_payments
E01,FY2025,Germany,inbound,103,90231452.92999999,cross_border_payments
E01,FY2025,Germany,outbound,147,127112972.42999999,cross_border_payments
E01,FY2025,India,inbound,116,106291480.96000001,cross_border_payments
E01,FY2025,India,outbound,127,126791410.66,cross_border_payments
E01,FY2025,Japan,inbound,108,90082024.02,cross_border_payments
E01,FY2025,Japan,outbound,125,117692716.52,cross_border_payments
E01,FY2025,Netherlands,inbound,104,65283191.39,cross_border_payments
E01,FY2025,Netherlands,outbound,113,88562737.95,cross_border_payments
E01,FY2025,Switzerland,inbound,118,101628972.67,cross_border_payments
E01,FY2025,Switzerland,outbound,111,109843698.54,cross_border_payments
E01,FY2025,United Arab Emirates,inbound,117,97801166.05,cross_border_payments
E01,FY2025,United Arab Emirates,outbound,122,84735916.61,cross_border_payments
E01,FY2025,United Kingdom,inbound,120,97000473.98,cross_border_payments
E01,FY2025,United Kingdom,outbound,124,123830874.12,cross_border_payments
E01,FY2025,United States,inbound,124,105235115.41,cross_border_payments
E01,FY2025,United States,outbound,124,117824034.2,cross_border_payments
E01,FY2025,Unknown,inbound,14,8348784.86,cross_border_payments
E01,FY2025,Unknown,outbound,20,11365564.74,cross_border_payments
E01,FY2026,Brazil,inbound,108,83391699.58,cross_border_payments
E01,FY2026,Brazil,outbound,104,98391230.03,cross_border_payments
E01,FY2026,China,inbound,98,143260142.73,cross_border_payments
E01,FY2026,China,outbound,124,100212577.48,cross_border_payments
E01,FY2026,Germany,inbound,81,84927156.61,cross_border_payments
E01,FY2026,Germany,outbound,115,74973511.2,cross_border_payments
E01,FY2026,India,inbound,105,97289387.49,cross_border_payments
E01,FY2026,India,outbound,103,92978042.78,cross_border_payments
E01,FY2026,Japan,inbound,97,86207417.22,cross_border_payments
E01,FY2026,Japan,outbound,120,112675448.02,cross_border_payments
E01,FY2026,Netherlands,inbound,92,84066047.72,cross_border_payments
E01,FY2026,Netherlands,outbound,106,121630271.21000001,cross_border_payments
E01,FY2026,Switzerland,inbound,93,98863046.94,cross_border_payments
E01,FY2026,Switzerland,outbound,99,119276580.39,cross_border_payments
E01,FY2026,United Arab Emirates,inbound,112,93136299.63,cross_border_payments
E01,FY2026,United Arab Emirates,outbound,114,113899186.63,cross_border_payments
E01,FY2026,United Kingdom,inbound,106,105650826.91,cross_border_payments
E01,FY2026,United Kingdom,outbound,131,109936495.76,cross_border_payments
E01,FY2026,United States,inbound,117,125499642.91,cross_border_payments
E01,FY2026,United States,outbound,129,97552548.38,cross_border_payments
E01,FY2026,Unknown,inbound,17,19149176.78,cross_border_payments
E01,FY2026,Unknown,outbound,20,19889526.72,cross_border_payments
E02,FY2024,Brazil,inbound,28,43862771.519999996,cross_border_payments
E02,FY2024,Brazil,outbound,34,57731025.25,cross_border_payments
E02,FY2024,China,inbound,30,113558836.2,cross_border_payments
E02,FY2024,China,outbound,28,30375509.98,cross_border_payments
E02,FY2024,DRC,inbound,341,516343653.08,cross_border_payments
E02,FY2024,DRC,outbound,347,567921947.15,cross_border_payments
E02,FY2024,Germany,inbound,37,92987622.94,cross_border_payments
E02,FY2024,Germany,outbound,28,52548247.24,cross_border_payments
E02,FY2024,Ghana,inbound,23,29508290.17,cross_border_payments
E02,FY2024,Ghana,outbound,28,51707883.629999995,cross_border_payments
E02,FY2024,India,inbound,34,63837763.84,cross_border_payments
E02,FY2024,India,outbound,27,33106875.85,cross_border_payments
E02,FY2024,Japan,inbound,24,24696386.66,cross_border_payments
E02,FY2024,Japan,outbound,33,50353693.65,cross_border_payments
E02,FY2024,Kenya,inbound,26,31717076.490000002,cross_border_payments
E02,FY2024,Kenya,outbound,15,56614085.849999994,cross_border_payments
E02,FY2024,Netherlands,inbound,16,43150468.0,cross_border_payments
E02,FY2024,Netherlands,outbound,31,27808854.96,cross_border_payments
E02,FY2024,Nigeria,inbound,44,62722801.17,cross_border_payments
E02,FY2024,Nigeria,outbound,24,26994188.47,cross_border_payments
E02,FY2024,Switzerland,inbound,22,41591885.79,cross_border_payments
E02,FY2024,Switzerland,outbound,26,45796397.81,cross_border_payments
E02,FY2024,United Arab Emirates,inbound,27,32338229.419999998,cross_border_payments
E02,FY2024,United Arab Emirates,outbound,37,67530556.03,cross_border_payments
E02,FY2024,United Kingdom,inbound,30,26878336.55,cross_border_payments
E02,FY2024,United Kingdom,outbound,30,48404163.6,cross_border_payments
E02,FY2024,United States,inbound,36,46039180.51,cross_border_payments
E02,FY2024,United States,outbound,29,54188698.8,cross_border_payments
E02,FY2024,Unknown,inbound,8,16361737.5,cross_border_payments
E02,FY2024,Unknown,outbound,11,20472422.52,cross_border_payments
E02,FY2025,Brazil,inbound,35,56852267.32,cross_border_payments
E02,FY2025,Brazil,outbound,38,51965299.95,cross_border_payments
E02,FY2025,China,inbound,33,60951834.54,cross_border_payments
E02,FY2025,China,outbound,40,49560188.86,cross_border_payments
E02,FY2025,DRC,inbound,396,673647121.12,cross_border_payments
E02,FY2025,DRC,outbound,370,577745030.68,cross_border_payments
E02,FY2025,Germany,inbound,25,40243010.79,cross_border_payments
E02,FY2025,Germany,outbound,25,32591376.58,cross_border_payments
E02,FY2025,Ghana,inbound,24,34829745.96,cross_border_payments
E02,FY2025,Ghana,outbound,21,27677307.85,cross_border_payments
E02,FY2025,India,inbound,20,20285304.990000002,cross_border_payments
E02,FY2025,India,outbound,35,53594148.62,cross_border_payments
E02,FY2025,Japan,inbound,32,66370182.61,cross_border_payments
E02,FY2025,Japan,outbound,41,48695473.86,cross_border_payments
E02,FY2025,Kenya,inbound,20,17357205.04,cross_border_payments
E02,FY2025,Kenya,outbound,25,34837933.55,cross_border_payments
E02,FY2025,Netherlands,inbound,26,26561706.54,cross_border_payments
E02,FY2025,Netherlands,outbound,30,39306896.42,cross_border_payments
E02,FY2025,Nigeria,inbound,24,29162782.66,cross_border_payments
E02,FY2025,Nigeria,outbound,22,29237298.64,cross_border_payments
E02,FY2025,Switzerland,inbound,38,50714006.84,cross_border_payments
E02,FY2025,Switzerland,outbound,36,59986214.85,cross_border_payments
E02,FY2025,United Arab Emirates,inbound,32,46518266.03,cross_border_payments
E02,FY2025,United Arab Emirates,outbound,30,23004238.47,cross_border_payments
E02,FY2025,United Kingdom,inbound,40,74975990.54,cross_border_payments
E02,FY2025,United Kingdom,outbound,40,90926089.24,cross_border_payments
E02,FY2025,United States,inbound,21,23582353.18,cross_border_payments
E02,FY2025,United States,outbound,29,30775037.43,cross_border_payments
E02,FY2025,Unknown,inbound,16,25053239.47,cross_border_payments
E02,FY2025,Unknown,outbound,17,12949866.32,cross_border_payments
E02,FY2026,Brazil,inbound,24,33720198.739999995,cross_border_payments
E02,FY2026,Brazil,outbound,28,31862392.5,cross_border_payments
E02,FY2026,China,inbound,31,46632281.42,cross_border_payments
E02,FY2026,China,outbound,35,46089451.52,cross_border_payments
E02,FY2026,DRC,inbound,347,596509039.86,cross_border_payments
E02,FY2026,DRC,outbound,358,578877523.8100001,cross_border_payments
E02,FY2026,Germany,inbound,30,50906334.01,cross_border_payments
E02,FY2026,Germany,outbound,37,61708443.09,cross_border_payments
E02,FY2026,Ghana,inbound,24,27068419.88,cross_border_payments
E02,FY2026,Ghana,outbound,29,37534313.8,cross_border_payments
E02,FY2026,India,inbound,28,57928835.54,cross_border_payments
E02,FY2026,India,outbound,26,24504674.63,cross_border_payments
E02,FY2026,Japan,inbound,28,44387480.050000004,cross_border_payments
E02,FY2026,Japan,outbound,28,36429346.28,cross_border_payments
E02,FY2026,Kenya,inbound,20,26635884.13,cross_border_payments
E02,FY2026,Kenya,outbound,24,24554557.84,cross_border_payments
E02,FY2026,Netherlands,inbound,33,43860604.47,cross_border_payments
E02,FY2026,Netherlands,outbound,20,29722138.560000002,cross_border_payments
E02,FY2026,Nigeria,inbound,32,59133584.76,cross_border_payments
E02,FY2026,Nigeria,outbound,23,41243678.93,cross_border_payments
E02,FY2026,Switzerland,inbound,20,22648306.560000002,cross_border_payments
E02,FY2026,Switzerland,outbound,36,47433552.29,cross_border_payments
E02,FY2026,United Arab Emirates,inbound,22,35298397.26,cross_border_payments
E02,FY2026,United Arab Emirates,outbound,41,86424666.36,cross_border_payments
E02,FY2026,United Kingdom,inbound,21,25824230.41,cross_border_payments
E02,FY2026,United Kingdom,outbound,32,68746645.63,cross_border_payments
E02,FY2026,United States,inbound,35,48943083.89,cross_border_payments
E02,FY2026,United States,outbound,34,65962355.39,cross_border_payments
E02,FY2026,Unknown,inbound,10,11324457.139999999,cross_border_payments
E02,FY2026,Unknown,outbound,8,12011447.53,cross_border_payments
E03,FY2024,Botswana,inbound,272,212769445.43,cross_border_payments
E03,FY2024,Botswana,outbound,301,190547208.77,cross_border_payments
E03,FY2024,Brazil,inbound,42,24703811.34,cross_border_payments
E03,FY2024,Brazil,outbound,42,28469928.669999998,cross_border_payments
E03,FY2024,China,inbound,53,36566150.85,cross_border_payments
E03,FY2024,China,outbound,47,41136069.879999995,cross_border_payments
E03,FY2024,Germany,inbound,45,20969445.49,cross_border_payments
E03,FY2024,Germany,outbound,56,28001038.15,cross_border_payments
E03,FY2024,Ghana,inbound,23,12165679.379999999,cross_border_payments
E03,FY2024,Ghana,outbound,25,11808267.889999999,cross_border_payments
E03,FY2024,India,inbound,59,31085639.93,cross_border_payments
E03,FY2024,India,outbound,51,32247733.31,cross_border_payments
E03,FY2024,Japan,inbound,45,68007136.64,cross_border_payments
E03,FY2024,Japan,outbound,45,21397664.12,cross_border_payments
E03,FY2024,Kenya,inbound,29,16946273.76,cross_border_payments
E03,FY2024,Kenya,outbound,29,19506684.39,cross_border_payments
E03,FY2024,Namibia,inbound,286,195570516.44,cross_border_payments
E03,FY2024,Namibia,outbound,334,278245783.16,cross_border_payments
E03,FY2024,Netherlands,inbound,44,30505144.8,cross_border_payments
E03,FY2024,Netherlands,outbound,61,38255823.71,cross_border_payments
E03,FY2024,Nigeria,inbound,27,8897272.629999999,cross_border_payments
E03,FY2024,Nigeria,outbound,37,14592274.42,cross_border_payments
E03,FY2024,Switzerland,inbound,42,53474733.84,cross_border_payments
E03,FY2024,Switzerland,outbound,58,47200236.95,cross_border_payments
E03,FY2024,United Arab Emirates,inbound,35,12480738.45,cross_border_payments
E03,FY2024,United Arab Emirates,outbound,51,38765652.31,cross_border_payments
E03,FY2024,United Kingdom,inbound,46,38505347.66,cross_border_payments
E03,FY2024,United Kingdom,outbound,50,39344429.64,cross_border_payments
E03,FY2024,United States,inbound,33,31918650.11,cross_border_payments
E03,FY2024,United States,outbound,51,77374139.59,cross_border_payments
E03,FY2024,Unknown,inbound,20,19113295.72,cross_border_payments
E03,FY2024,Unknown,outbound,19,17746739.14,cross_border_payments
E03,FY2025,Botswana,inbound,253,157709853.74,cross_border_payments
E03,FY2025,Botswana,outbound,285,182051433.22,cross_border_payments
E03,FY2025,Brazil,inbound,43,28763943.14,cross_border_payments
E03,FY2025,Brazil,outbound,42,23100162.93,cross_border_payments
E03,FY2025,China,inbound,43,40408610.31,cross_border_payments
E03,FY2025,China,outbound,30,18382461.21,cross_border_payments
E03,FY2025,Germany,inbound,36,24761894.830000002,cross_border_payments
E03,FY2025,Germany,outbound,43,40816294.12,cross_border_payments
E03,FY2025,Ghana,inbound,29,15248661.11,cross_border_payments
E03,FY2025,Ghana,outbound,21,10706756.6,cross_border_payments
E03,FY2025,India,inbound,47,40265952.4,cross_border_payments
E03,FY2025,India,outbound,43,31471683.93,cross_border_payments
E03,FY2025,Japan,inbound,36,25961003.14,cross_border_payments
E03,FY2025,Japan,outbound,40,24031213.919999998,cross_border_payments
E03,FY2025,Kenya,inbound,26,11423986.97,cross_border_payments
E03,FY2025,Kenya,outbound,35,20598578.63,cross_border_payments
E03,FY2025,Namibia,inbound,246,156626800.01,cross_border_payments
E03,FY2025,Namibia,outbound,257,180517999.49,cross_border_payments
E03,FY2025,Netherlands,inbound,41,28326524.32,cross_border_payments
E03,FY2025,Netherlands,outbound,43,35882225.65,cross_border_payments
E03,FY2025,Nigeria,inbound,24,15203339.03,cross_border_payments
E03,FY2025,Nigeria,outbound,26,16900510.62,cross_border_payments
E03,FY2025,Switzerland,inbound,37,17404676.93,cross_border_payments
E03,FY2025,Switzerland,outbound,42,21960020.31,cross_border_payments
E03,FY2025,United Arab Emirates,inbound,45,39714293.8,cross_border_payments
E03,FY2025,United Arab Emirates,outbound,44,26760907.98,cross_border_payments
E03,FY2025,United Kingdom,inbound,35,20466001.9,cross_border_payments
E03,FY2025,United Kingdom,outbound,44,29094730.96,cross_border_payments
E03,FY2025,United States,inbound,27,11945864.06,cross_border_payments
E03,FY2025,United States,outbound,43,32579078.95,cross_border_payments
E03,FY2025,Unknown,inbound,15,7866515.2,cross_border_payments
E03,FY2025,Unknown,outbound,17,12328648.01,cross_border_payments
E03,FY2026,Botswana,inbound,144,95224625.01,cross_border_payments
E03,FY2026,Botswana,outbound,203,163746421.64,cross_border_payments
E03,FY2026,Brazil,inbound,29,15570039.56,cross_border_payments
E03,FY2026,Brazil,outbound,38,27224445.86,cross_border_payments
E03,FY2026,China,inbound,29,17424902.22,cross_border_payments
E03,FY2026,China,outbound,33,24707518.61,cross_border_payments
E03,FY2026,Germany,inbound,25,13064578.04,cross_border_payments
E03,FY2026,Germany,outbound,29,27139386.14,cross_border_payments
E03,FY2026,Ghana,inbound,22,10066141.69,cross_border_payments
E03,FY2026,Ghana,outbound,19,13379469.83,cross_border_payments
E03,FY2026,India,inbound,32,18732288.150000002,cross_border_payments
E03,FY2026,India,outbound,35,28648764.55,cross_border_payments
E03,FY2026,Japan,inbound,33,33020146.32,cross_border_payments
E03,FY2026,Japan,outbound,31,23170887.31,cross_border_payments
E03,FY2026,Kenya,inbound,18,12641835.95,cross_border_payments
E03,FY2026,Kenya,outbound,18,7026938.67,cross_border_payments
E03,FY2026,Namibia,inbound,162,99254383.69,cross_border_payments
E03,FY2026,Namibia,outbound,205,116704960.53,cross_border_payments
E03,FY2026,Netherlands,inbound,22,13581412.43,cross_border_payments
E03,FY2026,Netherlands,outbound,39,24669596.78,cross_border_payments
E03,FY2026,Nigeria,inbound,14,5773783.68,cross_border_payments
E03,FY2026,Nigeria,outbound,20,8504209.68,cross_border_payments
E03,FY2026,Switzerland,inbound,22,20233191.05,cross_border_payments
E03,FY2026,Switzerland,outbound,28,20998189.28,cross_border_payments
E03,FY2026,United Arab Emirates,inbound,34,25811744.46,cross_border_payments
E03,FY2026,United Arab Emirates,outbound,31,18099938.11,cross_border_payments
E03,FY2026,United Kingdom,inbound,30,18873837.54,cross_border_payments
E03,FY2026,United Kingdom,outbound,34,32253743.619999997,cross_border_payments
E03,FY2026,United States,inbound,25,15896714.54,cross_border_payments
E03,FY2026,United States,outbound,40,33681537.36,cross_border_payments
E03,FY2026,Unknown,inbound,10,3116044.13,cross_border_payments
E03,FY2026,Unknown,outbound,13,8137233.97,cross_border_payments
E04,FY2024,Brazil,inbound,35,24088015.55,cross_border_payments
E04,FY2024,Brazil,outbound,31,11950398.129999999,cross_border_payments
E04,FY2024,China,inbound,31,31802767.83,cross_border_payments
E04,FY2024,China,outbound,34,14738670.45,cross_border_payments
E04,FY2024,DRC,inbound,65,32062405.46,cross_border_payments
E04,FY2024,DRC,outbound,82,41968913.74,cross_border_payments
E04,FY2024,Egypt,inbound,79,42293031.71,cross_border_payments
E04,FY2024,Egypt,outbound,92,41516569.15,cross_border_payments
E04,FY2024,Germany,inbound,38,23545127.78,cross_border_payments
E04,FY2024,Germany,outbound,34,15009571.77,cross_border_payments
E04,FY2024,Ghana,inbound,89,76779996.49,cross_border_payments
E04,FY2024,Ghana,outbound,112,67753505.4,cross_border_payments
E04,FY2024,Guinea,inbound,70,41945775.89,cross_border_payments
E04,FY2024,Guinea,outbound,104,51184580.25,cross_border_payments
E04,FY2024,India,inbound,31,19553657.45,cross_border_payments
E04,FY2024,India,outbound,38,15313755.93,cross_border_payments
E04,FY2024,Japan,inbound,36,13424636.68,cross_border_payments
E04,FY2024,Japan,outbound,28,11190422.95,cross_border_payments
E04,FY2024,Kenya,inbound,16,6820134.75,cross_border_payments
E04,FY2024,Kenya,outbound,15,6212207.55,cross_border_payments
E04,FY2024,Netherlands,inbound,29,14428998.67,cross_border_payments
E04,FY2024,Netherlands,outbound,41,27218710.23,cross_border_payments
E04,FY2024,Nigeria,inbound,7,3287002.54,cross_border_payments
E04,FY2024,Nigeria,outbound,15,6722396.23,cross_border_payments
E04,FY2024,Switzerland,inbound,24,20807359.68,cross_border_payments
E04,FY2024,Switzerland,outbound,24,15370360.09,cross_border_payments
E04,FY2024,Tanzania,inbound,75,33198028.9,cross_border_payments
E04,FY2024,Tanzania,outbound,75,43399888.51,cross_border_payments
E04,FY2024,United Arab Emirates,inbound,30,25534878.17,cross_border_payments
E04,FY2024,United Arab Emirates,outbound,29,13661125.43,cross_border_payments
E04,FY2024,United Kingdom,inbound,20,21813989.82,cross_border_payments
E04,FY2024,United Kingdom,outbound,14,5491307.0,cross_border_payments
E04,FY2024,United States,inbound,29,13324910.129999999,cross_border_payments
E04,FY2024,United States,outbound,27,11516618.84,cross_border_payments
E04,FY2024,Unknown,inbound,9,4214508.87,cross_border_payments
E04,FY2024,Unknown,outbound,7,5512547.35,cross_border_payments
E04,FY2025,Brazil,inbound,39,21321188.32,cross_border_payments
E04,FY2025,Brazil,outbound,32,11488762.69,cross_border_payments
E04,FY2025,China,inbound,36,14140264.42,cross_border_payments
E04,FY2025,China,outbound,47,25864342.06,cross_border_payments
E04,FY2025,DRC,inbound,68,30079070.91,cross_border_payments
E04,FY2025,DRC,outbound,92,53817682.8,cross_border_payments
E04,FY2025,Egypt,inbound,83,37871327.75,cross_border_payments
E04,FY2025,Egypt,outbound,82,33946063.3,cross_border_payments
E04,FY2025,Germany,inbound,29,15420510.459999999,cross_border_payments
E04,FY2025,Germany,outbound,37,17914212.71,cross_border_payments
E04,FY2025,Ghana,inbound,98,37953253.54,cross_border_payments
E04,FY2025,Ghana,outbound,109,60020289.24,cross_border_payments
E04,FY2025,Guinea,inbound,79,43200706.72,cross_border_payments
E04,FY2025,Guinea,outbound,89,50378692.62,cross_border_payments
E04,FY2025,India,inbound,30,18691694.07,cross_border_payments
E04,FY2025,India,outbound,37,35940101.92,cross_border_payments
E04,FY2025,Japan,inbound,30,17720094.52,cross_border_payments
E04,FY2025,Japan,outbound,32,12426306.58,cross_border_payments
E04,FY2025,Kenya,inbound,12,4946088.34,cross_border_payments
E04,FY2025,Kenya,outbound,8,5969019.25,cross_border_payments
E04,FY2025,Netherlands,inbound,28,32157925.78,cross_border_payments
E04,FY2025,Netherlands,outbound,39,33568816.16,cross_border_payments
E04,FY2025,Nigeria,inbound,21,17450412.560000002,cross_border_payments
E04,FY2025,Nigeria,outbound,11,6703995.04,cross_border_payments
E04,FY2025,Switzerland,inbound,27,12634975.66,cross_border_payments
E04,FY2025,Switzerland,outbound,37,22514117.13,cross_border_payments
E04,FY2025,Tanzania,inbound,63,38979790.2,cross_border_payments
E04,FY2025,Tanzania,outbound,76,28383297.16,cross_border_payments
E04,FY2025,United Arab Emirates,inbound,37,20124804.240000002,cross_border_payments
E04,FY2025,United Arab Emirates,outbound,30,26472586.099999998,cross_border_payments
E04,FY2025,United Kingdom,inbound,29,15224362.2,cross_border_payments
E04,FY2025,United Kingdom,outbound,42,20391084.85,cross_border_payments
E04,FY2025,United States,inbound,30,32332720.31,cross_border_payments
E04,FY2025,United States,outbound,33,20219630.009999998,cross_border_payments
E04,FY2025,Unknown,inbound,11,9036742.709999999,cross_border_payments
E04,FY2025,Unknown,outbound,14,7486119.67,cross_border_payments
E04,FY2026,Brazil,inbound,24,10346087.65,cross_border_payments
E04,FY2026,Brazil,outbound,30,23181304.97,cross_border_payments
E04,FY2026,China,inbound,34,14352877.49,cross_border_payments
E04,FY2026,China,outbound,27,21289976.19,cross_border_payments
E04,FY2026,DRC,inbound,77,58232780.17,cross_border_payments
E04,FY2026,DRC,outbound,73,38114380.58,cross_border_payments
E04,FY2026,Egypt,inbound,69,28750840.22,cross_border_payments
E04,FY2026,Egypt,outbound,88,40520499.72,cross_border_payments
E04,FY2026,Germany,inbound,33,15360183.17,cross_border_payments
E04,FY2026,Germany,outbound,35,16531536.36,cross_border_payments
E04,FY2026,Ghana,inbound,86,54344299.83,cross_border_payments
E04,FY2026,Ghana,outbound,93,39941101.48,cross_border_payments
E04,FY2026,Guinea,inbound,88,40673610.59,cross_border_payments
E04,FY2026,Guinea,outbound,98,51355294.76,cross_border_payments
E04,FY2026,India,inbound,31,17576954.43,cross_border_payments
E04,FY2026,India,outbound,31,15458422.66,cross_border_payments
E04,FY2026,Japan,inbound,35,20006647.98,cross_border_payments
E04,FY2026,Japan,outbound,29,19141461.189999998,cross_border_payments
E04,FY2026,Kenya,inbound,17,11314320.629999999,cross_border_payments
E04,FY2026,Kenya,outbound,8,2343076.2800000003,cross_border_payments
E04,FY2026,Netherlands,inbound,48,35384148.84,cross_border_payments
E04,FY2026,Netherlands,outbound,30,10300376.95,cross_border_payments
E04,FY2026,Nigeria,inbound,15,6303038.78,cross_border_payments
E04,FY2026,Nigeria,outbound,14,4170550.38,cross_border_payments
E04,FY2026,Switzerland,inbound,32,16006145.27,cross_border_payments
E04,FY2026,Switzerland,outbound,30,16036127.25,cross_border_payments
E04,FY2026,Tanzania,inbound,83,48821140.47,cross_border_payments
E04,FY2026,Tanzania,outbound,79,48000558.54,cross_border_payments
E04,FY2026,United Arab Emirates,inbound,24,10141253.09,cross_border_payments
E04,FY2026,United Arab Emirates,outbound,23,9200884.08,cross_border_payments
E04,FY2026,United Kingdom,inbound,21,11941530.56,cross_border_payments
E04,FY2026,United Kingdom,outbound,32,14098787.79,cross_border_payments
E04,FY2026,United States,inbound,37,47759006.25,cross_border_payments
E04,FY2026,United States,outbound,31,18622570.71,cross_border_payments
E04,FY2026,Unknown,inbound,9,4407167.43,cross_border_payments
E04,FY2026,Unknown,outbound,13,8463752.32,cross_border_payments
E05,FY2024,Brazil,inbound,35,16079049.61,cross_border_payments
E05,FY2024,Brazil,outbound,37,16934284.01,cross_border_payments
E05,FY2024,China,inbound,27,22582943.49,cross_border_payments
E05,FY2024,China,outbound,31,14575133.12,cross_border_payments
E05,FY2024,Germany,inbound,29,17530274.23,cross_border_payments
E05,FY2024,Germany,outbound,34,24384263.03,cross_border_payments
E05,FY2024,Ghana,inbound,402,272880811.34,cross_border_payments
E05,FY2024,Ghana,outbound,479,279783795.99,cross_border_payments
E05,FY2024,India,inbound,28,17171919.79,cross_border_payments
E05,FY2024,India,outbound,31,17312854.71,cross_border_payments
E05,FY2024,Japan,inbound,30,10104067.51,cross_border_payments
E05,FY2024,Japan,outbound,40,11238911.89,cross_border_payments
E05,FY2024,Kenya,inbound,26,10465892.0,cross_border_payments
E05,FY2024,Kenya,outbound,26,9441302.55,cross_border_payments
E05,FY2024,Netherlands,inbound,36,13916054.209999999,cross_border_payments
E05,FY2024,Netherlands,outbound,32,10730092.3,cross_border_payments
E05,FY2024,Nigeria,inbound,28,27173948.41,cross_border_payments
E05,FY2024,Nigeria,outbound,19,11106316.81,cross_border_payments
E05,FY2024,Switzerland,inbound,27,16737028.47,cross_border_payments
E05,FY2024,Switzerland,outbound,30,19214294.049999997,cross_border_payments
E05,FY2024,United Arab Emirates,inbound,35,27618188.28,cross_border_payments
E05,FY2024,United Arab Emirates,outbound,31,13674060.91,cross_border_payments
E05,FY2024,United Kingdom,inbound,32,9886625.78,cross_border_payments
E05,FY2024,United Kingdom,outbound,41,34374091.58,cross_border_payments
E05,FY2024,United States,inbound,47,19959763.669999998,cross_border_payments
E05,FY2024,United States,outbound,39,18419566.93,cross_border_payments
E05,FY2024,Unknown,inbound,11,1951309.62,cross_border_payments
E05,FY2024,Unknown,outbound,12,8153160.3100000005,cross_border_payments
E05,FY2025,Brazil,inbound,26,18677943.13,cross_border_payments
E05,FY2025,Brazil,outbound,30,11683402.32,cross_border_payments
E05,FY2025,China,inbound,29,16391100.31,cross_border_payments
E05,FY2025,China,outbound,35,24683717.650000002,cross_border_payments
E05,FY2025,Germany,inbound,40,37903020.94,cross_border_payments
E05,FY2025,Germany,outbound,44,21948923.35,cross_border_payments
E05,FY2025,Ghana,inbound,419,220545298.57,cross_border_payments
E05,FY2025,Ghana,outbound,435,238357751.56,cross_border_payments
E05,FY2025,India,inbound,31,14776715.44,cross_border_payments
E05,FY2025,India,outbound,53,35141183.519999996,cross_border_payments
E05,FY2025,Japan,inbound,35,18881290.17,cross_border_payments
E05,FY2025,Japan,outbound,33,13875423.68,cross_border_payments
E05,FY2025,Kenya,inbound,30,13890661.33,cross_border_payments
E05,FY2025,Kenya,outbound,46,27900622.45,cross_border_payments
E05,FY2025,Netherlands,inbound,30,14883551.33,cross_border_payments
E05,FY2025,Netherlands,outbound,37,15599509.31,cross_border_payments
E05,FY2025,Nigeria,inbound,19,23000135.57,cross_border_payments
E05,FY2025,Nigeria,outbound,29,10562116.13,cross_border_payments
E05,FY2025,Switzerland,inbound,31,10910888.14,cross_border_payments
E05,FY2025,Switzerland,outbound,34,17609658.419999998,cross_border_payments
E05,FY2025,United Arab Emirates,inbound,25,19078021.26,cross_border_payments
E05,FY2025,United Arab Emirates,outbound,29,17540304.91,cross_border_payments
E05,FY2025,United Kingdom,inbound,42,33424203.369999997,cross_border_payments
E05,FY2025,United Kingdom,outbound,34,17270471.4,cross_border_payments
E05,FY2025,United States,inbound,40,16092922.02,cross_border_payments
E05,FY2025,United States,outbound,34,21334464.18,cross_border_payments
E05,FY2025,Unknown,inbound,17,6595236.53,cross_border_payments
E05,FY2025,Unknown,outbound,19,9537087.540000001,cross_border_payments
E05,FY2026,Brazil,inbound,26,7289488.49,cross_border_payments
E05,FY2026,Brazil,outbound,34,20990975.65,cross_border_payments
E05,FY2026,China,inbound,25,13346132.93,cross_border_payments
E05,FY2026,China,outbound,37,26579850.34,cross_border_payments
E05,FY2026,Germany,inbound,35,20893990.7,cross_border_payments
E05,FY2026,Germany,outbound,40,18210833.79,cross_border_payments
E05,FY2026,Ghana,inbound,412,220720849.71,cross_border_payments
E05,FY2026,Ghana,outbound,470,243005439.22,cross_border_payments
E05,FY2026,India,inbound,32,15174004.139999999,cross_border_payments
E05,FY2026,India,outbound,42,32343923.25,cross_border_payments
E05,FY2026,Japan,inbound,29,15023822.57,cross_border_payments
E05,FY2026,Japan,outbound,19,6444807.92,cross_border_payments
E05,FY2026,Kenya,inbound,27,15873902.35,cross_border_payments
E05,FY2026,Kenya,outbound,28,11151995.52,cross_border_payments
E05,FY2026,Netherlands,inbound,33,11787612.24,cross_border_payments
E05,FY2026,Netherlands,outbound,43,20768838.89,cross_border_payments
E05,FY2026,Nigeria,inbound,17,7852737.54,cross_border_payments
E05,FY2026,Nigeria,outbound,25,19401535.81,cross_border_payments
E05,FY2026,Switzerland,inbound,28,15127978.75,cross_border_payments
E05,FY2026,Switzerland,outbound,28,13899086.43,cross_border_payments
E05,FY2026,United Arab Emirates,inbound,41,18774191.37,cross_border_payments
E05,FY2026,United Arab Emirates,outbound,35,17315976.13,cross_border_payments
E05,FY2026,United Kingdom,inbound,42,26812029.490000002,cross_border_payments
E05,FY2026,United Kingdom,outbound,41,16905019.580000002,cross_border_payments
E05,FY2026,United States,inbound,37,16988108.05,cross_border_payments
E05,FY2026,United States,outbound,30,14842086.49,cross_border_payments
E05,FY2026,Unknown,inbound,13,4431956.09,cross_border_payments
E05,FY2026,Unknown,outbound,19,27793604.720000003,cross_border_payments
E06,FY2024,Brazil,inbound,6,6236432.41,cross_border_payments
E06,FY2024,Brazil,outbound,7,3265614.9299999997,cross_border_payments
E06,FY2024,China,inbound,10,3765959.42,cross_border_payments
E06,FY2024,China,outbound,3,2922007.0999999996,cross_border_payments
E06,FY2024,Germany,inbound,9,4850283.74,cross_border_payments
E06,FY2024,Germany,outbound,9,2110840.17,cross_border_payments
E06,FY2024,Ghana,inbound,4,805708.58,cross_border_payments
E06,FY2024,Ghana,outbound,5,2620515.81,cross_border_payments
E06,FY2024,India,inbound,12,11065722.89,cross_border_payments
E06,FY2024,India,outbound,10,5998923.91,cross_border_payments
E06,FY2024,Japan,inbound,8,5628984.58,cross_border_payments
E06,FY2024,Japan,outbound,10,4690755.029999999,cross_border_payments
E06,FY2024,Kenya,inbound,3,1378717.35,cross_border_payments
E06,FY2024,Kenya,outbound,7,3154574.55,cross_border_payments
E06,FY2024,Netherlands,inbound,7,2432074.41,cross_border_payments
E06,FY2024,Netherlands,outbound,10,4606489.52,cross_border_payments
E06,FY2024,Nigeria,inbound,9,5769863.14,cross_border_payments
E06,FY2024,Nigeria,outbound,7,1263192.68,cross_border_payments
E06,FY2024,Switzerland,inbound,6,2961152.21,cross_border_payments
E06,FY2024,Switzerland,outbound,10,2860912.63,cross_border_payments
E06,FY2024,United Arab Emirates,inbound,13,5276048.46,cross_border_payments
E06,FY2024,United Arab Emirates,outbound,6,7936444.83,cross_border_payments
E06,FY2024,United Kingdom,inbound,2,211005.91,cross_border_payments
E06,FY2024,United Kingdom,outbound,6,682785.61,cross_border_payments
E06,FY2024,United States,inbound,8,1712901.25,cross_border_payments
E06,FY2024,United States,outbound,6,4043955.18,cross_border_payments
E06,FY2024,Unknown,inbound,1,219958.64,cross_border_payments
E06,FY2024,Unknown,outbound,2,662169.33,cross_border_payments
E06,FY2024,Zimbabwe,inbound,82,39011195.1,cross_border_payments
E06,FY2024,Zimbabwe,outbound,85,36014313.9,cross_border_payments
E06,FY2025,Brazil,inbound,5,1343577.76,cross_border_payments
E06,FY2025,Brazil,outbound,10,1890289.42,cross_border_payments
E06,FY2025,China,inbound,6,3640432.94,cross_border_payments
E06,FY2025,China,outbound,10,6452217.55,cross_border_payments
E06,FY2025,Germany,inbound,2,2834307.74,cross_border_payments
E06,FY2025,Germany,outbound,8,2071113.88,cross_border_payments
E06,FY2025,Ghana,inbound,5,995919.97,cross_border_payments
E06,FY2025,Ghana,outbound,9,3495436.67,cross_border_payments
E06,FY2025,India,inbound,4,1606791.02,cross_border_payments
E06,FY2025,India,outbound,8,6703025.16,cross_border_payments
E06,FY2025,Japan,inbound,10,1516200.44,cross_border_payments
E06,FY2025,Japan,outbound,5,1354836.63,cross_border_payments
E06,FY2025,Kenya,inbound,6,3646707.08,cross_border_payments
E06,FY2025,Kenya,outbound,6,2634445.79,cross_border_payments
E06,FY2025,Netherlands,inbound,4,6940457.449999999,cross_border_payments
E06,FY2025,Netherlands,outbound,4,818693.84,cross_border_payments
E06,FY2025,Nigeria,inbound,2,127658.06,cross_border_payments
E06,FY2025,Nigeria,outbound,6,2536497.3600000003,cross_border_payments
E06,FY2025,Switzerland,inbound,10,6250471.37,cross_border_payments
E06,FY2025,Switzerland,outbound,7,1670121.67,cross_border_payments
E06,FY2025,United Arab Emirates,inbound,14,6966180.91,cross_border_payments
E06,FY2025,United Arab Emirates,outbound,8,3614115.74,cross_border_payments
E06,FY2025,United Kingdom,inbound,5,1672977.03,cross_border_payments
E06,FY2025,United Kingdom,outbound,6,5367856.859999999,cross_border_payments
E06,FY2025,United States,inbound,12,7149195.75,cross_border_payments
E06,FY2025,United States,outbound,12,6851660.35,cross_border_payments
E06,FY2025,Unknown,inbound,2,986523.6799999999,cross_border_payments
E06,FY2025,Unknown,outbound,2,846877.86,cross_border_payments
E06,FY2025,Zimbabwe,inbound,80,44439705.7,cross_border_payments
E06,FY2025,Zimbabwe,outbound,95,56368434.38,cross_border_payments
E06,FY2026,Brazil,inbound,9,4198287.03,cross_border_payments
E06,FY2026,Brazil,outbound,9,3056746.64,cross_border_payments
E06,FY2026,China,inbound,7,3193786.4699999997,cross_border_payments
E06,FY2026,China,outbound,10,3337508.5999999996,cross_border_payments
E06,FY2026,Germany,inbound,13,4038076.0,cross_border_payments
E06,FY2026,Germany,outbound,3,3412229.23,cross_border_payments
E06,FY2026,Ghana,inbound,7,2457067.33,cross_border_payments
E06,FY2026,Ghana,outbound,8,2062421.85,cross_border_payments
E06,FY2026,India,inbound,1,381956.24,cross_border_payments
E06,FY2026,India,outbound,6,3431793.91,cross_border_payments
E06,FY2026,Japan,inbound,7,2888725.3,cross_border_payments
E06,FY2026,Japan,outbound,8,3058892.04,cross_border_payments
E06,FY2026,Kenya,inbound,7,9250139.07,cross_border_payments
E06,FY2026,Kenya,outbound,11,6115383.04,cross_border_payments
E06,FY2026,Netherlands,inbound,5,2337989.44,cross_border_payments
E06,FY2026,Netherlands,outbound,7,3376772.79,cross_border_payments
E06,FY2026,Nigeria,inbound,7,6028579.75,cross_border_payments
E06,FY2026,Nigeria,outbound,8,5593439.1,cross_border_payments
E06,FY2026,Switzerland,inbound,9,3342188.8000000003,cross_border_payments
E06,FY2026,Switzerland,outbound,6,3641725.82,cross_border_payments
E06,FY2026,United Arab Emirates,inbound,9,2175214.5100000002,cross_border_payments
E06,FY2026,United Arab Emirates,outbound,7,3665233.83,cross_border_payments
E06,FY2026,United Kingdom,inbound,11,3445077.8099999996,cross_border_payments
E06,FY2026,United Kingdom,outbound,9,3193809.01,cross_border_payments
E06,FY2026,United States,inbound,7,3322265.31,cross_border_payments
E06,FY2026,United States,outbound,10,4764708.61,cross_border_payments
E06,FY2026,Unknown,inbound,6,6296100.35,cross_border_payments
E06,FY2026,Unknown,outbound,3,1032781.53,cross_border_payments
E06,FY2026,Zimbabwe,inbound,76,50629012.14,cross_border_payments
E06,FY2026,Zimbabwe,outbound,94,48783629.33,cross_border_payments
E07,FY2024,Brazil,inbound,65,21085187.71,cross_border_payments
E07,FY2024,Brazil,outbound,68,15658778.2,cross_border_payments
E07,FY2024,China,inbound,49,14700659.81,cross_border_payments
E07,FY2024,China,outbound,59,17343498.88,cross_border_payments
E07,FY2024,Germany,inbound,64,22533431.33,cross_border_payments
E07,FY2024,Germany,outbound,72,20318178.27,cross_border_payments
E07,FY2024,India,inbound,65,16696013.61,cross_border_payments
E07,FY2024,India,outbound,75,21139744.48,cross_border_payments
E07,FY2024,Japan,inbound,69,17991216.14,cross_border_payments
E07,FY2024,Japan,outbound,79,32506406.57,cross_border_payments
E07,FY2024,Netherlands,inbound,53,13755942.59,cross_border_payments
E07,FY2024,Netherlands,outbound,67,28926617.07,cross_border_payments
E07,FY2024,Switzerland,inbound,70,19562759.74,cross_border_payments
E07,FY2024,Switzerland,outbound,74,19357161.43,cross_border_payments
E07,FY2024,United Arab Emirates,inbound,61,21995933.12,cross_border_payments
E07,FY2024,United Arab Emirates,outbound,67,23560435.87,cross_border_payments
E07,FY2024,United Kingdom,inbound,80,23923948.69,cross_border_payments
E07,FY2024,United Kingdom,outbound,76,18270773.55,cross_border_payments
E07,FY2024,United States,inbound,58,20689015.919999998,cross_border_payments
E07,FY2024,United States,outbound,61,20534858.77,cross_border_payments
E07,FY2024,Unknown,inbound,11,1087985.01,cross_border_payments
E07,FY2024,Unknown,outbound,8,2503258.33,cross_border_payments
E07,FY2025,Brazil,inbound,132,38938718.22,cross_border_payments
E07,FY2025,Brazil,outbound,148,50119783.71,cross_border_payments
E07,FY2025,China,inbound,116,31559292.96,cross_border_payments
E07,FY2025,China,outbound,115,27823043.01,cross_border_payments
E07,FY2025,Germany,inbound,125,52627493.84,cross_border_payments
E07,FY2025,Germany,outbound,122,36568413.48,cross_border_payments
E07,FY2025,India,inbound,111,42253284.99,cross_border_payments
E07,FY2025,India,outbound,126,46558170.730000004,cross_border_payments
E07,FY2025,Japan,inbound,111,34580814.12,cross_border_payments
E07,FY2025,Japan,outbound,126,40854914.44,cross_border_payments
E07,FY2025,Netherlands,inbound,136,57029354.81,cross_border_payments
E07,FY2025,Netherlands,outbound,131,46322304.01,cross_border_payments
E07,FY2025,Switzerland,inbound,100,28382613.89,cross_border_payments
E07,FY2025,Switzerland,outbound,130,59484115.67,cross_border_payments
E07,FY2025,United Arab Emirates,inbound,117,42307217.39,cross_border_payments
E07,FY2025,United Arab Emirates,outbound,111,34833445.69,cross_border_payments
E07,FY2025,United Kingdom,inbound,123,41337755.35,cross_border_payments
E07,FY2025,United Kingdom,outbound,107,31149028.67,cross_border_payments
E07,FY2025,United States,inbound,109,39704122.04,cross_border_payments
E07,FY2025,United States,outbound,122,35683673.98,cross_border_payments
E07,FY2025,Unknown,inbound,16,4939726.16,cross_border_payments
E07,FY2025,Unknown,outbound,15,5941328.12,cross_border_payments
E07,FY2026,Brazil,inbound,147,46480495.410000004,cross_border_payments
E07,FY2026,Brazil,outbound,159,59507664.14,cross_border_payments
E07,FY2026,China,inbound,141,50701489.02,cross_border_payments
E07,FY2026,China,outbound,172,65540126.77,cross_border_payments
E07,FY2026,Germany,inbound,154,61717037.76,cross_border_payments
E07,FY2026,Germany,outbound,159,71229846.0,cross_border_payments
E07,FY2026,India,inbound,161,59162026.37,cross_border_payments
E07,FY2026,India,outbound,161,55637871.160000004,cross_border_payments
E07,FY2026,Japan,inbound,147,45025414.88,cross_border_payments
E07,FY2026,Japan,outbound,193,69878529.63,cross_border_payments
E07,FY2026,Netherlands,inbound,153,40918082.83,cross_border_payments
E07,FY2026,Netherlands,outbound,170,56821395.86,cross_border_payments
E07,FY2026,Switzerland,inbound,149,41580808.59,cross_border_payments
E07,FY2026,Switzerland,outbound,169,58076050.0,cross_border_payments
E07,FY2026,United Arab Emirates,inbound,150,51858419.02,cross_border_payments
E07,FY2026,United Arab Emirates,outbound,184,76952840.61,cross_border_payments
E07,FY2026,United Kingdom,inbound,149,50259743.44,cross_border_payments
E07,FY2026,United Kingdom,outbound,175,66182114.16,cross_border_payments
E07,FY2026,United States,inbound,151,46070633.0,cross_border_payments
E07,FY2026,United States,outbound,136,50216953.68,cross_border_payments
E07,FY2026,Unknown,inbound,27,5752070.5,cross_border_payments
E07,FY2026,Unknown,outbound,27,7247163.38,cross_border_payments
E08,FY2024,Angola,inbound,188,89449880.6,cross_border_payments
E08,FY2024,Angola,outbound,188,83624377.25,cross_border_payments
E08,FY2024,Botswana,inbound,190,94397238.11,cross_border_payments
E08,FY2024,Botswana,outbound,226,128660270.17,cross_border_payments
E08,FY2024,Brazil,inbound,109,54268464.01,cross_border_payments
E08,FY2024,Brazil,outbound,120,58505592.269999996,cross_border_payments
E08,FY2024,China,inbound,94,47871443.7,cross_border_payments
E08,FY2024,China,outbound,116,48787691.33,cross_border_payments
E08,FY2024,Egypt,inbound,205,99107124.56,cross_border_payments
E08,FY2024,Egypt,outbound,187,87255850.59,cross_border_payments
E08,FY2024,Germany,inbound,116,51852187.22,cross_border_payments
E08,FY2024,Germany,outbound,132,56663980.83,cross_border_payments
E08,FY2024,Ghana,inbound,33,14594499.78,cross_border_payments
E08,FY2024,Ghana,outbound,39,16590366.1,cross_border_payments
E08,FY2024,India,inbound,108,44383734.87,cross_border_payments
E08,FY2024,India,outbound,104,64365019.01,cross_border_payments
E08,FY2024,Japan,inbound,103,48714249.49,cross_border_payments
E08,FY2024,Japan,outbound,114,50123062.45,cross_border_payments
E08,FY2024,Kenya,inbound,237,135638675.86,cross_border_payments
E08,FY2024,Kenya,outbound,225,109861924.75,cross_border_payments
E08,FY2024,Mauritius,inbound,187,91631730.81,cross_border_payments
E08,FY2024,Mauritius,outbound,188,109891149.88,cross_border_payments
E08,FY2024,Morocco,inbound,193,77375494.22,cross_border_payments
E08,FY2024,Morocco,outbound,200,95860914.22,cross_border_payments
E08,FY2024,Namibia,inbound,174,78681621.48,cross_border_payments
E08,FY2024,Namibia,outbound,212,124212147.39,cross_border_payments
E08,FY2024,Netherlands,inbound,97,56055396.51,cross_border_payments
E08,FY2024,Netherlands,outbound,126,101401291.47,cross_border_payments
E08,FY2024,Nigeria,inbound,45,27728392.349999998,cross_border_payments
E08,FY2024,Nigeria,outbound,35,15424210.66,cross_border_payments
E08,FY2024,Switzerland,inbound,101,44926237.86,cross_border_payments
E08,FY2024,Switzerland,outbound,100,48267124.58,cross_border_payments
E08,FY2024,United Arab Emirates,inbound,122,61895273.83,cross_border_payments
E08,FY2024,United Arab Emirates,outbound,124,73649145.48,cross_border_payments
E08,FY2024,United Kingdom,inbound,107,42674824.62,cross_border_payments
E08,FY2024,United Kingdom,outbound,106,40732173.7,cross_border_payments
E08,FY2024,United States,inbound,101,72342470.1,cross_border_payments
E08,FY2024,United States,outbound,125,67594752.42,cross_border_payments
E08,FY2024,Unknown,inbound,34,20078757.95,cross_border_payments
E08,FY2024,Unknown,outbound,39,20808127.66,cross_border_payments
E08,FY2024,Zambia,inbound,167,83874883.0,cross_border_payments
E08,FY2024,Zambia,outbound,185,111735301.39,cross_border_payments
E08,FY2025,Angola,inbound,182,105996428.50999999,cross_border_payments
E08,FY2025,Angola,outbound,216,86435597.86,cross_border_payments
E08,FY2025,Botswana,inbound,179,97464268.06,cross_border_payments
E08,FY2025,Botswana,outbound,192,92118939.52,cross_border_payments
E08,FY2025,Brazil,inbound,102,55587317.8,cross_border_payments
E08,FY2025,Brazil,outbound,133,56241761.04,cross_border_payments
E08,FY2025,China,inbound,93,53475045.81,cross_border_payments
E08,FY2025,China,outbound,120,64792088.44,cross_border_payments
E08,FY2025,Egypt,inbound,170,109709548.51,cross_border_payments
E08,FY2025,Egypt,outbound,185,87961124.26,cross_border_payments
E08,FY2025,Germany,inbound,94,53183590.92,cross_border_payments
E08,FY2025,Germany,outbound,101,53067027.519999996,cross_border_payments
E08,FY2025,Ghana,inbound,24,5867432.43,cross_border_payments
E08,FY2025,Ghana,outbound,38,14069795.68,cross_border_payments
E08,FY2025,India,inbound,100,47992906.68,cross_border_payments
E08,FY2025,India,outbound,135,83436564.47,cross_border_payments
E08,FY2025,Japan,inbound,114,54490523.9,cross_border_payments
E08,FY2025,Japan,outbound,123,57995859.16,cross_border_payments
E08,FY2025,Kenya,inbound,215,100090171.33,cross_border_payments
E08,FY2025,Kenya,outbound,222,131003376.02,cross_border_payments
E08,FY2025,Mauritius,inbound,191,85580445.42,cross_border_payments
E08,FY2025,Mauritius,outbound,196,92712215.41,cross_border_payments
E08,FY2025,Morocco,inbound,165,76082810.84,cross_border_payments
E08,FY2025,Morocco,outbound,177,101258827.1,cross_border_payments
E08,FY2025,Namibia,inbound,193,101845892.53999999,cross_border_payments
E08,FY2025,Namibia,outbound,196,102175476.51,cross_border_payments
E08,FY2025,Netherlands,inbound,92,57016450.58,cross_border_payments
E08,FY2025,Netherlands,outbound,119,58355173.21,cross_border_payments
E08,FY2025,Nigeria,inbound,39,19521534.28,cross_border_payments
E08,FY2025,Nigeria,outbound,32,15164833.49,cross_border_payments
E08,FY2025,Switzerland,inbound,108,46990877.47,cross_border_payments
E08,FY2025,Switzerland,outbound,133,66825715.4,cross_border_payments
E08,FY2025,United Arab Emirates,inbound,101,72903709.89,cross_border_payments
E08,FY2025,United Arab Emirates,outbound,115,47092733.8,cross_border_payments
E08,FY2025,United Kingdom,inbound,122,64922901.4,cross_border_payments
E08,FY2025,United Kingdom,outbound,125,57142742.550000004,cross_border_payments
E08,FY2025,United States,inbound,108,50033918.63,cross_border_payments
E08,FY2025,United States,outbound,89,57307408.26,cross_border_payments
E08,FY2025,Unknown,inbound,37,20412242.95,cross_border_payments
E08,FY2025,Unknown,outbound,46,30919306.57,cross_border_payments
E08,FY2025,Zambia,inbound,166,107137680.62,cross_border_payments
E08,FY2025,Zambia,outbound,178,82859422.4,cross_border_payments
E08,FY2026,Angola,inbound,158,82631509.95,cross_border_payments
E08,FY2026,Angola,outbound,150,81245314.73,cross_border_payments
E08,FY2026,Botswana,inbound,155,80807909.19,cross_border_payments
E08,FY2026,Botswana,outbound,196,116982730.98,cross_border_payments
E08,FY2026,Brazil,inbound,86,45725521.36,cross_border_payments
E08,FY2026,Brazil,outbound,111,47266870.64,cross_border_payments
E08,FY2026,China,inbound,94,83312120.44,cross_border_payments
E08,FY2026,China,outbound,117,60970468.08,cross_border_payments
E08,FY2026,Egypt,inbound,140,55077099.52,cross_border_payments
E08,FY2026,Egypt,outbound,174,126231691.86,cross_border_payments
E08,FY2026,Germany,inbound,93,47212977.11,cross_border_payments
E08,FY2026,Germany,outbound,110,48703092.36,cross_border_payments
E08,FY2026,Ghana,inbound,36,40558286.21,cross_border_payments
E08,FY2026,Ghana,outbound,31,9779640.04,cross_border_payments
E08,FY2026,India,inbound,78,41167582.0,cross_border_payments
E08,FY2026,India,outbound,88,51203557.51,cross_border_payments
E08,FY2026,Japan,inbound,91,56544041.25,cross_border_payments
E08,FY2026,Japan,outbound,100,50741403.63,cross_border_payments
E08,FY2026,Kenya,inbound,190,101544033.47,cross_border_payments
E08,FY2026,Kenya,outbound,205,106506556.43,cross_border_payments
E08,FY2026,Mauritius,inbound,162,80816001.81,cross_border_payments
E08,FY2026,Mauritius,outbound,170,80352835.33,cross_border_payments
E08,FY2026,Morocco,inbound,170,105968219.22,cross_border_payments
E08,FY2026,Morocco,outbound,197,96369840.61,cross_border_payments
E08,FY2026,Namibia,inbound,160,66227961.82,cross_border_payments
E08,FY2026,Namibia,outbound,186,95495222.01,cross_border_payments
E08,FY2026,Netherlands,inbound,90,47701499.49,cross_border_payments
E08,FY2026,Netherlands,outbound,111,63526512.72,cross_border_payments
E08,FY2026,Nigeria,inbound,23,19059807.89,cross_border_payments
E08,FY2026,Nigeria,outbound,39,13343696.86,cross_border_payments
E08,FY2026,Switzerland,inbound,89,45152459.72,cross_border_payments
E08,FY2026,Switzerland,outbound,106,62760387.66,cross_border_payments
E08,FY2026,United Arab Emirates,inbound,94,62741621.0,cross_border_payments
E08,FY2026,United Arab Emirates,outbound,99,44936739.839999996,cross_border_payments
E08,FY2026,United Kingdom,inbound,106,44433044.51,cross_border_payments
E08,FY2026,United Kingdom,outbound,121,73452203.39,cross_border_payments
E08,FY2026,United States,inbound,99,55043590.79,cross_border_payments
E08,FY2026,United States,outbound,101,40716159.68,cross_border_payments
E08,FY2026,Unknown,inbound,39,16077473.18,cross_border_payments
E08,FY2026,Unknown,outbound,42,26473074.41,cross_border_payments
E08,FY2026,Zambia,inbound,172,88126838.66,cross_border_payments
E08,FY2026,Zambia,outbound,161,101902666.53,cross_border_payments
E09,FY2024,Angola,inbound,156,112414122.39,cross_border_payments
E09,FY2024,Angola,outbound,167,107118597.77,cross_border_payments
E09,FY2024,Botswana,inbound,150,85261940.5,cross_border_payments
E09,FY2024,Botswana,outbound,166,124646452.2,cross_border_payments
E09,FY2024,Brazil,inbound,114,75881070.42,cross_border_payments
E09,FY2024,Brazil,outbound,117,68264019.35,cross_border_payments
E09,FY2024,China,inbound,91,64870745.31,cross_border_payments
E09,FY2024,China,outbound,100,56189306.94,cross_border_payments
E09,FY2024,Eswatini,inbound,164,90388683.62,cross_border_payments
E09,FY2024,Eswatini,outbound,154,85384818.17,cross_border_payments
E09,FY2024,Germany,inbound,98,75031358.87,cross_border_payments
E09,FY2024,Germany,outbound,110,62467510.83,cross_border_payments
E09,FY2024,Ghana,inbound,164,119233706.98,cross_border_payments
E09,FY2024,Ghana,outbound,194,118164748.77,cross_border_payments
E09,FY2024,India,inbound,110,87131544.15,cross_border_payments
E09,FY2024,India,outbound,109,53676203.65,cross_border_payments
E09,FY2024,Japan,inbound,91,53152284.36,cross_border_payments
E09,FY2024,Japan,outbound,104,56235283.75,cross_border_payments
E09,FY2024,Kenya,inbound,31,22033203.78,cross_border_payments
E09,FY2024,Kenya,outbound,36,26023018.02,cross_border_payments
E09,FY2024,Lesotho,inbound,157,100245474.71,cross_border_payments
E09,FY2024,Lesotho,outbound,164,105022247.02,cross_border_payments
E09,FY2024,Malawi,inbound,135,90768087.09,cross_border_payments
E09,FY2024,Malawi,outbound,138,126419139.24,cross_border_payments
E09,FY2024,Mozambique,inbound,159,97720692.25,cross_border_payments
E09,FY2024,Mozambique,outbound,160,119489541.14,cross_border_payments
E09,FY2024,Namibia,inbound,145,86927826.63,cross_border_payments
E09,FY2024,Namibia,outbound,145,106831817.92,cross_border_payments
E09,FY2024,Netherlands,inbound,115,74327987.24,cross_border_payments
E09,FY2024,Netherlands,outbound,98,76091516.88,cross_border_payments
E09,FY2024,Nigeria,inbound,23,13473026.09,cross_border_payments
E09,FY2024,Nigeria,outbound,24,9796960.82,cross_border_payments
E09,FY2024,Switzerland,inbound,115,68115043.78,cross_border_payments
E09,FY2024,Switzerland,outbound,112,57636649.48,cross_border_payments
E09,FY2024,United Arab Emirates,inbound,100,61442894.55,cross_border_payments
E09,FY2024,United Arab Emirates,outbound,99,72937964.07,cross_border_payments
E09,FY2024,United Kingdom,inbound,91,52670978.08,cross_border_payments
E09,FY2024,United Kingdom,outbound,98,69928107.42,cross_border_payments
E09,FY2024,United States,inbound,96,66442323.75,cross_border_payments
E09,FY2024,United States,outbound,105,62141139.94,cross_border_payments
E09,FY2024,Unknown,inbound,33,18502447.07,cross_border_payments
E09,FY2024,Unknown,outbound,47,32301273.27,cross_border_payments
E09,FY2024,Zambia,inbound,151,108056153.87,cross_border_payments
E09,FY2024,Zambia,outbound,178,85142398.92,cross_border_payments
E09,FY2025,Angola,inbound,154,108573906.4,cross_border_payments
E09,FY2025,Angola,outbound,165,116285401.01,cross_border_payments
E09,FY2025,Botswana,inbound,153,82487555.98,cross_border_payments
E09,FY2025,Botswana,outbound,182,135297553.09,cross_border_payments
E09,FY2025,Brazil,inbound,116,64795041.79,cross_border_payments
E09,FY2025,Brazil,outbound,120,65305864.76,cross_border_payments
E09,FY2025,China,inbound,116,58220821.64,cross_border_payments
E09,FY2025,China,outbound,111,51512740.3,cross_border_payments
E09,FY2025,Eswatini,inbound,156,79629077.16,cross_border_payments
E09,FY2025,Eswatini,outbound,180,112999713.84,cross_border_payments
E09,FY2025,Germany,inbound,134,73772391.26,cross_border_payments
E09,FY2025,Germany,outbound,117,55978614.57,cross_border_payments
E09,FY2025,Ghana,inbound,192,122394228.88,cross_border_payments
E09,FY2025,Ghana,outbound,214,113740486.03,cross_border_payments
E09,FY2025,India,inbound,120,68400601.91,cross_border_payments
E09,FY2025,India,outbound,118,79842740.48,cross_border_payments
E09,FY2025,Japan,inbound,96,40912135.7,cross_border_payments
E09,FY2025,Japan,outbound,131,75678710.33,cross_border_payments
E09,FY2025,Kenya,inbound,27,13367324.43,cross_border_payments
E09,FY2025,Kenya,outbound,35,16966372.15,cross_border_payments
E09,FY2025,Lesotho,inbound,154,133236561.61,cross_border_payments
E09,FY2025,Lesotho,outbound,157,105025392.15,cross_border_payments
E09,FY2025,Malawi,inbound,172,141333403.2,cross_border_payments
E09,FY2025,Malawi,outbound,186,129645192.95,cross_border_payments
E09,FY2025,Mozambique,inbound,164,138088491.78,cross_border_payments
E09,FY2025,Mozambique,outbound,175,93702109.78,cross_border_payments
E09,FY2025,Namibia,inbound,160,129687737.76,cross_border_payments
E09,FY2025,Namibia,outbound,171,105083459.28999999,cross_border_payments
E09,FY2025,Netherlands,inbound,101,58509432.58,cross_border_payments
E09,FY2025,Netherlands,outbound,115,69521369.91,cross_border_payments
E09,FY2025,Nigeria,inbound,26,16509655.93,cross_border_payments
E09,FY2025,Nigeria,outbound,25,21979005.14,cross_border_payments
E09,FY2025,Switzerland,inbound,108,55523560.94,cross_border_payments
E09,FY2025,Switzerland,outbound,128,87221219.05,cross_border_payments
E09,FY2025,United Arab Emirates,inbound,100,76175679.61,cross_border_payments
E09,FY2025,United Arab Emirates,outbound,105,59133739.77,cross_border_payments
E09,FY2025,United Kingdom,inbound,124,89109199.72,cross_border_payments
E09,FY2025,United Kingdom,outbound,109,62156228.56,cross_border_payments
E09,FY2025,United States,inbound,103,74861797.56,cross_border_payments
E09,FY2025,United States,outbound,93,49326086.62,cross_border_payments
E09,FY2025,Unknown,inbound,36,18867596.01,cross_border_payments
E09,FY2025,Unknown,outbound,34,19644798.06,cross_border_payments
E09,FY2025,Zambia,inbound,158,94583840.71,cross_border_payments
E09,FY2025,Zambia,outbound,170,92791001.9,cross_border_payments
E09,FY2026,Angola,inbound,160,94906376.58,cross_border_payments
E09,FY2026,Angola,outbound,141,97313545.87,cross_border_payments
E09,FY2026,Botswana,inbound,156,83225842.31,cross_border_payments
E09,FY2026,Botswana,outbound,151,108406152.52,cross_border_payments
E09,FY2026,Brazil,inbound,107,59486932.38,cross_border_payments
E09,FY2026,Brazil,outbound,106,65489326.82,cross_border_payments
E09,FY2026,China,inbound,94,54348320.78,cross_border_payments
E09,FY2026,China,outbound,126,69123389.32000001,cross_border_payments
E09,FY2026,Eswatini,inbound,167,98640723.2,cross_border_payments
E09,FY2026,Eswatini,outbound,172,129646680.51,cross_border_payments
E09,FY2026,Germany,inbound,100,60080626.08,cross_border_payments
E09,FY2026,Germany,outbound,108,78623022.83,cross_border_payments
E09,FY2026,Ghana,inbound,169,104168620.46,cross_border_payments
E09,FY2026,Ghana,outbound,225,134656528.07,cross_border_payments
E09,FY2026,India,inbound,95,59791619.31,cross_border_payments
E09,FY2026,India,outbound,121,77497589.94,cross_border_payments
E09,FY2026,Japan,inbound,96,83921630.67,cross_border_payments
E09,FY2026,Japan,outbound,117,58690968.63,cross_border_payments
E09,FY2026,Kenya,inbound,27,13181497.55,cross_border_payments
E09,FY2026,Kenya,outbound,31,29209748.73,cross_border_payments
E09,FY2026,Lesotho,inbound,148,85695447.34,cross_border_payments
E09,FY2026,Lesotho,outbound,193,142475624.04,cross_border_payments
E09,FY2026,Malawi,inbound,139,117364401.0,cross_border_payments
E09,FY2026,Malawi,outbound,163,93040975.74,cross_border_payments
E09,FY2026,Mozambique,inbound,156,91275673.65,cross_border_payments
E09,FY2026,Mozambique,outbound,165,116624033.71000001,cross_border_payments
E09,FY2026,Namibia,inbound,142,119510794.38,cross_border_payments
E09,FY2026,Namibia,outbound,153,99356460.63,cross_border_payments
E09,FY2026,Netherlands,inbound,103,59263541.79,cross_border_payments
E09,FY2026,Netherlands,outbound,112,75121038.54,cross_border_payments
E09,FY2026,Nigeria,inbound,19,16547476.49,cross_border_payments
E09,FY2026,Nigeria,outbound,38,37140553.05,cross_border_payments
E09,FY2026,Switzerland,inbound,120,67767015.88,cross_border_payments
E09,FY2026,Switzerland,outbound,109,72106334.14,cross_border_payments
E09,FY2026,United Arab Emirates,inbound,99,55695413.72,cross_border_payments
E09,FY2026,United Arab Emirates,outbound,105,67361509.47,cross_border_payments
E09,FY2026,United Kingdom,inbound,99,71852969.01,cross_border_payments
E09,FY2026,United Kingdom,outbound,88,69545819.71,cross_border_payments
E09,FY2026,United States,inbound,98,58582518.07,cross_border_payments
E09,FY2026,United States,outbound,103,63116556.14,cross_border_payments
E09,FY2026,Unknown,inbound,42,22859781.31,cross_border_payments
E09,FY2026,Unknown,outbound,33,13941986.52,cross_border_payments
E09,FY2026,Zambia,inbound,135,87633398.81,cross_border_payments
E09,FY2026,Zambia,outbound,150,91929345.09,cross_border_payments
E10,FY2024,Botswana,inbound,785,505848630.51,cross_border_payments
E10,FY2024,Botswana,outbound,855,474588339.52,cross_border_payments
E10,FY2024,Brazil,inbound,113,62556518.64,cross_border_payments
E10,FY2024,Brazil,outbound,128,79308954.21,cross_border_payments
E10,FY2024,China,inbound,102,70656099.89,cross_border_payments
E10,FY2024,China,outbound,141,84917804.65,cross_border_payments
E10,FY2024,Germany,inbound,121,82117044.88,cross_border_payments
E10,FY2024,Germany,outbound,143,115130325.8,cross_border_payments
E10,FY2024,Ghana,inbound,83,67506580.44,cross_border_payments
E10,FY2024,Ghana,outbound,61,41924464.7,cross_border_payments
E10,FY2024,India,inbound,127,78646743.95,cross_border_payments
E10,FY2024,India,outbound,139,71055984.52,cross_border_payments
E10,FY2024,Japan,inbound,138,77598122.97,cross_border_payments
E10,FY2024,Japan,outbound,114,72618842.66,cross_border_payments
E10,FY2024,Kenya,inbound,89,51281800.06,cross_border_payments
E10,FY2024,Kenya,outbound,76,56741261.74,cross_border_payments
E10,FY2024,Netherlands,inbound,139,92984431.66,cross_border_payments
E10,FY2024,Netherlands,outbound,134,89811733.69,cross_border_payments
E10,FY2024,Nigeria,inbound,81,70697599.25,cross_border_payments
E10,FY2024,Nigeria,outbound,78,44755661.49,cross_border_payments
E10,FY2024,Switzerland,inbound,114,83108458.24,cross_border_payments
E10,FY2024,Switzerland,outbound,137,88311539.48,cross_border_payments
E10,FY2024,United Arab Emirates,inbound,109,66979114.57,cross_border_payments
E10,FY2024,United Arab Emirates,outbound,149,88922928.8,cross_border_payments
E10,FY2024,United Kingdom,inbound,136,85777573.59,cross_border_payments
E10,FY2024,United Kingdom,outbound,136,90073173.75,cross_border_payments
E10,FY2024,United States,inbound,136,67718856.15,cross_border_payments
E10,FY2024,United States,outbound,128,73615654.13,cross_border_payments
E10,FY2024,Unknown,inbound,36,24557975.2,cross_border_payments
E10,FY2024,Unknown,outbound,53,45265198.68,cross_border_payments
E10,FY2024,Zambia,inbound,752,478168744.08,cross_border_payments
E10,FY2024,Zambia,outbound,768,481479711.13,cross_border_payments
E10,FY2025,Botswana,inbound,1020,657547150.78,cross_border_payments
E10,FY2025,Botswana,outbound,1093,689817879.25,cross_border_payments
E10,FY2025,Brazil,inbound,174,93628200.81,cross_border_payments
E10,FY2025,Brazil,outbound,183,120049065.62,cross_border_payments
E10,FY2025,China,inbound,180,131480333.2,cross_border_payments
E10,FY2025,China,outbound,171,89884958.12,cross_border_payments
E10,FY2025,Germany,inbound,157,73138293.85,cross_border_payments
E10,FY2025,Germany,outbound,173,119927829.17999999,cross_border_payments
E10,FY2025,Ghana,inbound,114,81982377.26,cross_border_payments
E10,FY2025,Ghana,outbound,109,59277540.18,cross_border_payments
E10,FY2025,India,inbound,146,93547612.8,cross_border_payments
E10,FY2025,India,outbound,176,108072240.55,cross_border_payments
E10,FY2025,Japan,inbound,167,96939517.64,cross_border_payments
E10,FY2025,Japan,outbound,173,144124516.24,cross_border_payments
E10,FY2025,Kenya,inbound,100,63471497.9,cross_border_payments
E10,FY2025,Kenya,outbound,117,73447999.04,cross_border_payments
E10,FY2025,Netherlands,inbound,160,89587061.84,cross_border_payments
E10,FY2025,Netherlands,outbound,154,104492421.39,cross_border_payments
E10,FY2025,Nigeria,inbound,122,63051425.41,cross_border_payments
E10,FY2025,Nigeria,outbound,105,53083751.33,cross_border_payments
E10,FY2025,Switzerland,inbound,170,100428786.0,cross_border_payments
E10,FY2025,Switzerland,outbound,166,98300193.87,cross_border_payments
E10,FY2025,United Arab Emirates,inbound,142,98949127.12,cross_border_payments
E10,FY2025,United Arab Emirates,outbound,187,129503448.25,cross_border_payments
E10,FY2025,United Kingdom,inbound,174,97631840.75,cross_border_payments
E10,FY2025,United Kingdom,outbound,167,129778743.53,cross_border_payments
E10,FY2025,United States,inbound,153,95812270.51,cross_border_payments
E10,FY2025,United States,outbound,162,79897008.64,cross_border_payments
E10,FY2025,Unknown,inbound,64,36795163.2,cross_border_payments
E10,FY2025,Unknown,outbound,54,39319524.47,cross_border_payments
E10,FY2025,Zambia,inbound,976,627245686.62,cross_border_payments
E10,FY2025,Zambia,outbound,1118,641093851.78,cross_border_payments
E10,FY2026,Botswana,inbound,1214,747165763.18,cross_border_payments
E10,FY2026,Botswana,outbound,1289,849472846.59,cross_border_payments
E10,FY2026,Brazil,inbound,188,113454106.5,cross_border_payments
E10,FY2026,Brazil,outbound,208,137805747.73,cross_border_payments
E10,FY2026,China,inbound,191,124824605.2,cross_border_payments
E10,FY2026,China,outbound,197,158521788.48,cross_border_payments
E10,FY2026,Germany,inbound,200,108646670.54,cross_border_payments
E10,FY2026,Germany,outbound,191,109395584.24,cross_border_payments
E10,FY2026,Ghana,inbound,113,58834038.43,cross_border_payments
E10,FY2026,Ghana,outbound,135,74810123.2,cross_border_payments
E10,FY2026,India,inbound,197,115962391.71,cross_border_payments
E10,FY2026,India,outbound,193,127291774.74,cross_border_payments
E10,FY2026,Japan,inbound,185,99641648.45,cross_border_payments
E10,FY2026,Japan,outbound,207,127451747.87,cross_border_payments
E10,FY2026,Kenya,inbound,134,87317181.59,cross_border_payments
E10,FY2026,Kenya,outbound,126,69600738.56,cross_border_payments
E10,FY2026,Netherlands,inbound,174,118326495.14,cross_border_payments
E10,FY2026,Netherlands,outbound,193,114547837.32000001,cross_border_payments
E10,FY2026,Nigeria,inbound,116,99654793.63,cross_border_payments
E10,FY2026,Nigeria,outbound,158,85416337.81,cross_border_payments
E10,FY2026,Switzerland,inbound,228,139327020.85,cross_border_payments
E10,FY2026,Switzerland,outbound,214,121396706.85,cross_border_payments
E10,FY2026,United Arab Emirates,inbound,216,131184500.22,cross_border_payments
E10,FY2026,United Arab Emirates,outbound,221,122342914.21,cross_border_payments
E10,FY2026,United Kingdom,inbound,189,109037845.37,cross_border_payments
E10,FY2026,United Kingdom,outbound,215,118690654.01,cross_border_payments
E10,FY2026,United States,inbound,196,123317638.1,cross_border_payments
E10,FY2026,United States,outbound,182,98898204.84,cross_border_payments
E10,FY2026,Unknown,inbound,85,44091402.48,cross_border_payments
E10,FY2026,Unknown,outbound,71,51061787.93,cross_border_payments
E10,FY2026,Zambia,inbound,1145,741104505.7,cross_border_payments
E10,FY2026,Zambia,outbound,1241,837005752.8,cross_border_payments
E11,FY2024,Angola,inbound,450,194592719.06,cross_border_payments
E11,FY2024,Angola,outbound,491,242675990.69,cross_border_payments
E11,FY2024,Botswana,inbound,470,220066928.99,cross_border_payments
E11,FY2024,Botswana,outbound,488,255902496.04,cross_border_payments
E11,FY2024,Brazil,inbound,259,108493179.74,cross_border_payments
E11,FY2024,Brazil,outbound,297,122074851.34,cross_border_payments
E11,FY2024,China,inbound,264,107522510.41,cross_border_payments
E11,FY2024,China,outbound,306,119802992.99,cross_border_payments
E11,FY2024,Eswatini,inbound,462,245610948.16,cross_border_payments
E11,FY2024,Eswatini,outbound,497,211095918.7,cross_border_payments
E11,FY2024,Germany,inbound,287,147166684.13,cross_border_payments
E11,FY2024,Germany,outbound,279,102212084.05,cross_border_payments
E11,FY2024,Ghana,inbound,81,27597335.37,cross_border_payments
E11,FY2024,Ghana,outbound,89,38671098.82,cross_border_payments
E11,FY2024,India,inbound,291,147066936.29,cross_border_payments
E11,FY2024,India,outbound,298,130047123.57,cross_border_payments
E11,FY2024,Japan,inbound,291,114599591.67999999,cross_border_payments
E11,FY2024,Japan,outbound,285,140356561.89,cross_border_payments
E11,FY2024,Kenya,inbound,75,28298619.99,cross_border_payments
E11,FY2024,Kenya,outbound,89,43774136.91,cross_border_payments
E11,FY2024,Lesotho,inbound,439,193442053.65,cross_border_payments
E11,FY2024,Lesotho,outbound,478,213490797.65,cross_border_payments
E11,FY2024,Malawi,inbound,420,182270791.89000002,cross_border_payments
E11,FY2024,Malawi,outbound,499,275928136.38,cross_border_payments
E11,FY2024,Mozambique,inbound,481,200873547.8,cross_border_payments
E11,FY2024,Mozambique,outbound,467,220990541.07,cross_border_payments
E11,FY2024,Namibia,inbound,469,237362433.33,cross_border_payments
E11,FY2024,Namibia,outbound,492,210880952.74,cross_border_payments
E11,FY2024,Netherlands,inbound,240,132798382.02,cross_border_payments
E11,FY2024,Netherlands,outbound,317,140116207.08,cross_border_payments
E11,FY2024,Nigeria,inbound,92,40865668.32,cross_border_payments
E11,FY2024,Nigeria,outbound,82,48224280.22,cross_border_payments
E11,FY2024,Switzerland,inbound,279,115360580.42,cross_border_payments
E11,FY2024,Switzerland,outbound,274,122757742.62,cross_border_payments
E11,FY2024,United Arab Emirates,inbound,277,115613679.42,cross_border_payments
E11,FY2024,United Arab Emirates,outbound,309,150861974.94,cross_border_payments
E11,FY2024,United Kingdom,inbound,295,134364654.44,cross_border_payments
E11,FY2024,United Kingdom,outbound,281,110627137.14,cross_border_payments
E11,FY2024,United States,inbound,259,114093287.53,cross_border_payments
E11,FY2024,United States,outbound,292,126177118.47,cross_border_payments
E11,FY2024,Unknown,inbound,113,52281539.03,cross_border_payments
E11,FY2024,Unknown,outbound,110,57728788.56,cross_border_payments
E11,FY2024,Zambia,inbound,465,209983882.21,cross_border_payments
E11,FY2024,Zambia,outbound,496,212708988.4,cross_border_payments
E11,FY2025,Angola,inbound,513,233064983.08,cross_border_payments
E11,FY2025,Angola,outbound,490,224531817.56,cross_border_payments
E11,FY2025,Botswana,inbound,471,214533756.53,cross_border_payments
E11,FY2025,Botswana,outbound,496,228023375.48,cross_border_payments
E11,FY2025,Brazil,inbound,284,117656396.77,cross_border_payments
E11,FY2025,Brazil,outbound,304,182455060.39000002,cross_border_payments
E11,FY2025,China,inbound,297,147692845.1,cross_border_payments
E11,FY2025,China,outbound,291,136892932.37,cross_border_payments
E11,FY2025,Eswatini,inbound,438,220168204.02,cross_border_payments
E11,FY2025,Eswatini,outbound,538,230314097.62,cross_border_payments
E11,FY2025,Germany,inbound,275,146216375.97,cross_border_payments
E11,FY2025,Germany,outbound,304,138106485.21,cross_border_payments
E11,FY2025,Ghana,inbound,82,36317238.57,cross_border_payments
E11,FY2025,Ghana,outbound,93,39806939.67,cross_border_payments
E11,FY2025,India,inbound,278,111232668.59,cross_border_payments
E11,FY2025,India,outbound,283,118979296.28,cross_border_payments
E11,FY2025,Japan,inbound,298,152176218.71,cross_border_payments
E11,FY2025,Japan,outbound,323,163923692.93,cross_border_payments
E11,FY2025,Kenya,inbound,81,27942615.99,cross_border_payments
E11,FY2025,Kenya,outbound,102,41721272.63,cross_border_payments
E11,FY2025,Lesotho,inbound,463,240361553.66,cross_border_payments
E11,FY2025,Lesotho,outbound,541,276130853.31,cross_border_payments
E11,FY2025,Malawi,inbound,465,211626202.79,cross_border_payments
E11,FY2025,Malawi,outbound,553,301023322.68,cross_border_payments
E11,FY2025,Mozambique,inbound,489,272349634.29,cross_border_payments
E11,FY2025,Mozambique,outbound,557,242630580.55,cross_border_payments
E11,FY2025,Namibia,inbound,441,204890677.28,cross_border_payments
E11,FY2025,Namibia,outbound,514,244287825.33,cross_border_payments
E11,FY2025,Netherlands,inbound,277,140762449.48,cross_border_payments
E11,FY2025,Netherlands,outbound,345,151234184.8,cross_border_payments
E11,FY2025,Nigeria,inbound,90,54973422.98,cross_border_payments
E11,FY2025,Nigeria,outbound,89,31754291.51,cross_border_payments
E11,FY2025,Switzerland,inbound,283,125048099.38,cross_border_payments
E11,FY2025,Switzerland,outbound,305,160225545.64,cross_border_payments
E11,FY2025,United Arab Emirates,inbound,313,134155467.45,cross_border_payments
E11,FY2025,United Arab Emirates,outbound,329,146745326.13,cross_border_payments
E11,FY2025,United Kingdom,inbound,281,134083410.22,cross_border_payments
E11,FY2025,United Kingdom,outbound,305,149045339.06,cross_border_payments
E11,FY2025,United States,inbound,283,149196906.22,cross_border_payments
E11,FY2025,United States,outbound,312,134320281.68,cross_border_payments
E11,FY2025,Unknown,inbound,108,52814834.0,cross_border_payments
E11,FY2025,Unknown,outbound,131,56027784.64,cross_border_payments
E11,FY2025,Zambia,inbound,467,229079338.51,cross_border_payments
E11,FY2025,Zambia,outbound,519,216395464.62,cross_border_payments
E11,FY2026,Angola,inbound,441,186028523.08,cross_border_payments
E11,FY2026,Angola,outbound,525,251483621.26,cross_border_payments
E11,FY2026,Botswana,inbound,488,235480599.15,cross_border_payments
E11,FY2026,Botswana,outbound,493,237017015.62,cross_border_payments
E11,FY2026,Brazil,inbound,268,140461360.54,cross_border_payments
E11,FY2026,Brazil,outbound,315,126294632.31,cross_border_payments
E11,FY2026,China,inbound,262,124263179.11,cross_border_payments
E11,FY2026,China,outbound,286,137121362.05,cross_border_payments
E11,FY2026,Eswatini,inbound,478,196542567.59,cross_border_payments
E11,FY2026,Eswatini,outbound,486,225090326.99,cross_border_payments
E11,FY2026,Germany,inbound,297,133248414.86,cross_border_payments
E11,FY2026,Germany,outbound,314,186473222.28,cross_border_payments
E11,FY2026,Ghana,inbound,74,34698045.74,cross_border_payments
E11,FY2026,Ghana,outbound,92,43391801.57,cross_border_payments
E11,FY2026,India,inbound,244,114558493.55,cross_border_payments
E11,FY2026,India,outbound,273,146375571.02,cross_border_payments
E11,FY2026,Japan,inbound,275,101889779.51,cross_border_payments
E11,FY2026,Japan,outbound,302,131828957.65,cross_border_payments
E11,FY2026,Kenya,inbound,84,39970769.63,cross_border_payments
E11,FY2026,Kenya,outbound,88,49942104.769999996,cross_border_payments
E11,FY2026,Lesotho,inbound,455,204834735.27,cross_border_payments
E11,FY2026,Lesotho,outbound,534,265207434.98,cross_border_payments
E11,FY2026,Malawi,inbound,458,199605762.99,cross_border_payments
E11,FY2026,Malawi,outbound,505,225252875.98,cross_border_payments
E11,FY2026,Mozambique,inbound,476,203919979.56,cross_border_payments
E11,FY2026,Mozambique,outbound,495,211560276.15,cross_border_payments
E11,FY2026,Namibia,inbound,442,233185960.96,cross_border_payments
E11,FY2026,Namibia,outbound,506,231664363.6,cross_border_payments
E11,FY2026,Netherlands,inbound,280,141437944.22,cross_border_payments
E11,FY2026,Netherlands,outbound,302,129642565.55,cross_border_payments
E11,FY2026,Nigeria,inbound,79,39764463.07,cross_border_payments
E11,FY2026,Nigeria,outbound,86,53852735.52,cross_border_payments
E11,FY2026,Switzerland,inbound,282,123070826.9,cross_border_payments
E11,FY2026,Switzerland,outbound,301,147987272.51,cross_border_payments
E11,FY2026,United Arab Emirates,inbound,273,151575750.67,cross_border_payments
E11,FY2026,United Arab Emirates,outbound,326,150831742.7,cross_border_payments
E11,FY2026,United Kingdom,inbound,234,107422632.44,cross_border_payments
E11,FY2026,United Kingdom,outbound,340,131202971.01,cross_border_payments
E11,FY2026,United States,inbound,274,112238511.5,cross_border_payments
E11,FY2026,United States,outbound,325,148678469.24,cross_border_payments
E11,FY2026,Unknown,inbound,100,47386622.519999996,cross_border_payments
E11,FY2026,Unknown,outbound,110,44046161.3,cross_border_payments
E11,FY2026,Zambia,inbound,442,250204339.98,cross_border_payments
E11,FY2026,Zambia,outbound,492,258785393.02,cross_border_payments
E12,FY2024,Botswana,inbound,153,68965655.54,cross_border_payments
E12,FY2024,Botswana,outbound,173,82413283.86,cross_border_payments
E12,FY2024,Brazil,inbound,59,28722163.05,cross_border_payments
E12,FY2024,Brazil,outbound,56,20509189.47,cross_border_payments
E12,FY2024,China,inbound,48,29314013.62,cross_border_payments
E12,FY2024,China,outbound,57,23174742.84,cross_border_payments
E12,FY2024,Eswatini,inbound,157,49974884.35,cross_border_payments
E12,FY2024,Eswatini,outbound,172,58488043.46,cross_border_payments
E12,FY2024,Germany,inbound,47,18359720.72,cross_border_payments
E12,FY2024,Germany,outbound,52,20902951.95,cross_border_payments
E12,FY2024,Ghana,inbound,18,11578977.99,cross_border_payments
E12,FY2024,Ghana,outbound,25,7811425.25,cross_border_payments
E12,FY2024,India,inbound,55,13378122.22,cross_border_payments
E12,FY2024,India,outbound,71,22007035.21,cross_border_payments
E12,FY2024,Japan,inbound,51,19027186.48,cross_border_payments
E12,FY2024,Japan,outbound,50,13550893.06,cross_border_payments
E12,FY2024,Kenya,inbound,22,11036076.16,cross_border_payments
E12,FY2024,Kenya,outbound,34,13418733.030000001,cross_border_payments
E12,FY2024,Lesotho,inbound,158,66078865.76,cross_border_payments
E12,FY2024,Lesotho,outbound,166,57573781.019999996,cross_border_payments
E12,FY2024,Namibia,inbound,166,73216204.65,cross_border_payments
E12,FY2024,Namibia,outbound,198,72796816.59,cross_border_payments
E12,FY2024,Netherlands,inbound,43,21310606.72,cross_border_payments
E12,FY2024,Netherlands,outbound,52,20399606.16,cross_border_payments
E12,FY2024,Nigeria,inbound,22,5133676.3,cross_border_payments
E12,FY2024,Nigeria,outbound,25,11421296.36,cross_border_payments
E12,FY2024,Switzerland,inbound,68,30550136.25,cross_border_payments
E12,FY2024,Switzerland,outbound,52,14601187.690000001,cross_border_payments
E12,FY2024,United Arab Emirates,inbound,51,15666065.72,cross_border_payments
E12,FY2024,United Arab Emirates,outbound,53,18509927.44,cross_border_payments
E12,FY2024,United Kingdom,inbound,58,21543878.01,cross_border_payments
E12,FY2024,United Kingdom,outbound,53,14882198.2,cross_border_payments
E12,FY2024,United States,inbound,49,15060539.68,cross_border_payments
E12,FY2024,United States,outbound,56,23454235.94,cross_border_payments
E12,FY2024,Unknown,inbound,19,7866210.279999999,cross_border_payments
E12,FY2024,Unknown,outbound,25,10460331.71,cross_border_payments
E12,FY2025,Botswana,inbound,147,53622906.07,cross_border_payments
E12,FY2025,Botswana,outbound,159,54572897.28,cross_border_payments
E12,FY2025,Brazil,inbound,55,21739260.75,cross_border_payments
E12,FY2025,Brazil,outbound,52,24144489.18,cross_border_payments
E12,FY2025,China,inbound,54,32306207.09,cross_border_payments
E12,FY2025,China,outbound,57,30811259.67,cross_border_payments
E12,FY2025,Eswatini,inbound,156,70712820.78,cross_border_payments
E12,FY2025,Eswatini,outbound,168,62733988.39,cross_border_payments
E12,FY2025,Germany,inbound,58,23273760.79,cross_border_payments
E12,FY2025,Germany,outbound,64,22205753.5,cross_border_payments
E12,FY2025,Ghana,inbound,23,8670158.08,cross_border_payments
E12,FY2025,Ghana,outbound,39,13584446.5,cross_border_payments
E12,FY2025,India,inbound,49,18283740.509999998,cross_border_payments
E12,FY2025,India,outbound,74,35148572.17,cross_border_payments
E12,FY2025,Japan,inbound,54,18191606.64,cross_border_payments
E12,FY2025,Japan,outbound,65,18516604.76,cross_border_payments
E12,FY2025,Kenya,inbound,25,11686474.31,cross_border_payments
E12,FY2025,Kenya,outbound,19,8352058.87,cross_border_payments
E12,FY2025,Lesotho,inbound,161,62345570.86,cross_border_payments
E12,FY2025,Lesotho,outbound,158,74293077.11,cross_border_payments
E12,FY2025,Namibia,inbound,167,71441597.61,cross_border_payments
E12,FY2025,Namibia,outbound,168,52287210.79,cross_border_payments
E12,FY2025,Netherlands,inbound,65,21260794.87,cross_border_payments
E12,FY2025,Netherlands,outbound,61,20193492.12,cross_border_payments
E12,FY2025,Nigeria,inbound,23,10202399.17,cross_border_payments
E12,FY2025,Nigeria,outbound,25,6810212.53,cross_border_payments
E12,FY2025,Switzerland,inbound,47,12854002.99,cross_border_payments
E12,FY2025,Switzerland,outbound,56,27086530.4,cross_border_payments
E12,FY2025,United Arab Emirates,inbound,55,19075185.65,cross_border_payments
E12,FY2025,United Arab Emirates,outbound,62,22463061.62,cross_border_payments
E12,FY2025,United Kingdom,inbound,52,21584214.08,cross_border_payments
E12,FY2025,United Kingdom,outbound,56,19796575.76,cross_border_payments
E12,FY2025,United States,inbound,41,11230254.620000001,cross_border_payments
E12,FY2025,United States,outbound,53,18784208.23,cross_border_payments
E12,FY2025,Unknown,inbound,19,6351465.52,cross_border_payments
E12,FY2025,Unknown,outbound,18,6267014.96,cross_border_payments
E12,FY2026,Botswana,inbound,167,53373799.92,cross_border_payments
E12,FY2026,Botswana,outbound,194,78151201.01,cross_border_payments
E12,FY2026,Brazil,inbound,55,19918984.87,cross_border_payments
E12,FY2026,Brazil,outbound,53,21760627.61,cross_border_payments
E12,FY2026,China,inbound,52,16846550.43,cross_border_payments
E12,FY2026,China,outbound,54,22570409.5,cross_border_payments
E12,FY2026,Eswatini,inbound,189,75216791.26,cross_border_payments
E12,FY2026,Eswatini,outbound,164,61384214.22,cross_border_payments
E12,FY2026,Germany,inbound,38,14222968.92,cross_border_payments
E12,FY2026,Germany,outbound,56,24612129.21,cross_border_payments
E12,FY2026,Ghana,inbound,16,7056042.3,cross_border_payments
E12,FY2026,Ghana,outbound,14,4527963.5,cross_border_payments
E12,FY2026,India,inbound,59,21265038.98,cross_border_payments
E12,FY2026,India,outbound,44,23882935.86,cross_border_payments
E12,FY2026,Japan,inbound,65,25979632.25,cross_border_payments
E12,FY2026,Japan,outbound,56,19488868.27,cross_border_payments
E12,FY2026,Kenya,inbound,25,10849868.56,cross_border_payments
E12,FY2026,Kenya,outbound,16,4649507.36,cross_border_payments
E12,FY2026,Lesotho,inbound,148,59700842.85,cross_border_payments
E12,FY2026,Lesotho,outbound,187,94007480.97,cross_border_payments
E12,FY2026,Namibia,inbound,176,65314727.38,cross_border_payments
E12,FY2026,Namibia,outbound,155,59362640.31,cross_border_payments
E12,FY2026,Netherlands,inbound,50,19490492.63,cross_border_payments
E12,FY2026,Netherlands,outbound,41,14155987.42,cross_border_payments
E12,FY2026,Nigeria,inbound,18,6768010.03,cross_border_payments
E12,FY2026,Nigeria,outbound,30,10169896.82,cross_border_payments
E12,FY2026,Switzerland,inbound,57,26334200.8,cross_border_payments
E12,FY2026,Switzerland,outbound,56,21171398.84,cross_border_payments
E12,FY2026,United Arab Emirates,inbound,42,10986624.29,cross_border_payments
E12,FY2026,United Arab Emirates,outbound,55,15259536.47,cross_border_payments
E12,FY2026,United Kingdom,inbound,55,25345371.419999998,cross_border_payments
E12,FY2026,United Kingdom,outbound,58,17813629.240000002,cross_border_payments
E12,FY2026,United States,inbound,56,14031644.11,cross_border_payments
E12,FY2026,United States,outbound,62,25937481.64,cross_border_payments
E12,FY2026,Unknown,inbound,15,3949615.82,cross_border_payments
E12,FY2026,Unknown,outbound,28,9939674.49,cross_border_payments
E13,FY2024,Brazil,inbound,36,11423392.23,cross_border_payments
E13,FY2024,Brazil,outbound,44,8158934.88,cross_border_payments
E13,FY2024,China,inbound,23,4389936.18,cross_border_payments
E13,FY2024,China,outbound,30,11104830.52,cross_border_payments
E13,FY2024,Germany,inbound,35,10838426.01,cross_border_payments
E13,FY2024,Germany,outbound,29,6854194.36,cross_border_payments
E13,FY2024,India,inbound,33,8047325.19,cross_border_payments
E13,FY2024,India,outbound,35,7804366.83,cross_border_payments
E13,FY2024,Japan,inbound,19,3596068.94,cross_border_payments
E13,FY2024,Japan,outbound,26,5025126.26,cross_border_payments
E13,FY2024,Netherlands,inbound,32,4796412.01,cross_border_payments
E13,FY2024,Netherlands,outbound,44,9409566.32,cross_border_payments
E13,FY2024,Switzerland,inbound,26,4558441.7,cross_border_payments
E13,FY2024,Switzerland,outbound,46,7875172.63,cross_border_payments
E13,FY2024,United Arab Emirates,inbound,30,5904161.6,cross_border_payments
E13,FY2024,United Arab Emirates,outbound,42,7087874.26,cross_border_payments
E13,FY2024,United Kingdom,inbound,37,10631125.16,cross_border_payments
E13,FY2024,United Kingdom,outbound,47,8450711.4,cross_border_payments
E13,FY2024,United States,inbound,24,3644797.3800000004,cross_border_payments
E13,FY2024,United States,outbound,29,6998676.94,cross_border_payments
E13,FY2024,Unknown,inbound,7,1935382.82,cross_border_payments
E13,FY2024,Unknown,outbound,10,2713743.96,cross_border_payments
E13,FY2025,Brazil,inbound,54,11873435.18,cross_border_payments
E13,FY2025,Brazil,outbound,51,10320546.22,cross_border_payments
E13,FY2025,China,inbound,43,15981903.75,cross_border_payments
E13,FY2025,China,outbound,62,16200545.620000001,cross_border_payments
E13,FY2025,Germany,inbound,60,12341256.36,cross_border_payments
E13,FY2025,Germany,outbound,46,12805742.88,cross_border_payments
E13,FY2025,India,inbound,42,12120448.43,cross_border_payments
E13,FY2025,India,outbound,46,11273793.61,cross_border_payments
E13,FY2025,Japan,inbound,46,12698376.92,cross_border_payments
E13,FY2025,Japan,outbound,51,16058265.35,cross_border_payments
E13,FY2025,Netherlands,inbound,42,11955090.73,cross_border_payments
E13,FY2025,Netherlands,outbound,49,10136508.56,cross_border_payments
E13,FY2025,Switzerland,inbound,55,13651693.19,cross_border_payments
E13,FY2025,Switzerland,outbound,54,15017817.77,cross_border_payments
E13,FY2025,United Arab Emirates,inbound,50,10493909.09,cross_border_payments
E13,FY2025,United Arab Emirates,outbound,54,14583938.469999999,cross_border_payments
E13,FY2025,United Kingdom,inbound,50,13638977.52,cross_border_payments
E13,FY2025,United Kingdom,outbound,49,11321273.59,cross_border_payments
E13,FY2025,United States,inbound,57,10003224.56,cross_border_payments
E13,FY2025,United States,outbound,43,11803133.08,cross_border_payments
E13,FY2025,Unknown,inbound,9,1556135.06,cross_border_payments
E13,FY2025,Unknown,outbound,6,763262.23,cross_border_payments
E13,FY2026,Brazil,inbound,60,13812013.06,cross_border_payments
E13,FY2026,Brazil,outbound,54,14028752.879999999,cross_border_payments
E13,FY2026,China,inbound,77,20013981.02,cross_border_payments
E13,FY2026,China,outbound,59,10965250.89,cross_border_payments
E13,FY2026,Germany,inbound,52,12530875.34,cross_border_payments
E13,FY2026,Germany,outbound,69,14261298.42,cross_border_payments
E13,FY2026,India,inbound,60,20320432.52,cross_border_payments
E13,FY2026,India,outbound,59,17612070.29,cross_border_payments
E13,FY2026,Japan,inbound,46,13527958.59,cross_border_payments
E13,FY2026,Japan,outbound,64,18827108.53,cross_border_payments
E13,FY2026,Netherlands,inbound,59,17216096.580000002,cross_border_payments
E13,FY2026,Netherlands,outbound,38,11270269.08,cross_border_payments
E13,FY2026,Switzerland,inbound,50,7698071.22,cross_border_payments
E13,FY2026,Switzerland,outbound,58,15969914.129999999,cross_border_payments
E13,FY2026,United Arab Emirates,inbound,66,15482779.18,cross_border_payments
E13,FY2026,United Arab Emirates,outbound,65,16408714.959999999,cross_border_payments
E13,FY2026,United Kingdom,inbound,56,14604693.620000001,cross_border_payments
E13,FY2026,United Kingdom,outbound,49,17830443.08,cross_border_payments
E13,FY2026,United States,inbound,44,9282785.1,cross_border_payments
E13,FY2026,United States,outbound,73,18896048.39,cross_border_payments
E13,FY2026,Unknown,inbound,9,2330165.69,cross_border_payments
E13,FY2026,Unknown,outbound,8,1335794.12,cross_border_payments
E14,FY2024,Brazil,inbound,194,100864099.04,cross_border_payments
E14,FY2024,Brazil,outbound,198,84927984.17,cross_border_payments
E14,FY2024,China,inbound,185,97582773.25,cross_border_payments
E14,FY2024,China,outbound,214,89186490.1,cross_border_payments
E14,FY2024,Germany,inbound,156,82305247.91,cross_border_payments
E14,FY2024,Germany,outbound,189,70671428.6,cross_border_payments
E14,FY2024,India,inbound,192,86622491.08,cross_border_payments
E14,FY2024,India,outbound,176,95776845.95,cross_border_payments
E14,FY2024,Japan,inbound,194,113643220.11,cross_border_payments
E14,FY2024,Japan,outbound,236,134729975.96,cross_border_payments
E14,FY2024,Netherlands,inbound,190,97054262.51,cross_border_payments
E14,FY2024,Netherlands,outbound,216,73538315.62,cross_border_payments
E14,FY2024,Switzerland,inbound,181,86864485.25,cross_border_payments
E14,FY2024,Switzerland,outbound,199,103664223.58,cross_border_payments
E14,FY2024,United Arab Emirates,inbound,179,84667399.9,cross_border_payments
E14,FY2024,United Arab Emirates,outbound,209,109274473.69,cross_border_payments
E14,FY2024,United Kingdom,inbound,198,98189166.32,cross_border_payments
E14,FY2024,United Kingdom,outbound,196,112378801.62,cross_border_payments
E14,FY2024,United States,inbound,184,81245340.01,cross_border_payments
E14,FY2024,United States,outbound,231,109677527.62,cross_border_payments
E14,FY2024,Unknown,inbound,17,9428542.89,cross_border_payments
E14,FY2024,Unknown,outbound,35,15054877.86,cross_border_payments
E14,FY2025,Brazil,inbound,205,103882903.8,cross_border_payments
E14,FY2025,Brazil,outbound,223,123775947.81,cross_border_payments
E14,FY2025,China,inbound,189,81732504.82,cross_border_payments
E14,FY2025,China,outbound,233,123055865.18,cross_border_payments
E14,FY2025,Germany,inbound,197,101594261.37,cross_border_payments
E14,FY2025,Germany,outbound,199,88572956.19,cross_border_payments
E14,FY2025,India,inbound,201,118602526.07,cross_border_payments
E14,FY2025,India,outbound,207,105024058.44,cross_border_payments
E14,FY2025,Japan,inbound,180,121985667.78,cross_border_payments
E14,FY2025,Japan,outbound,222,93685310.06,cross_border_payments
E14,FY2025,Netherlands,inbound,214,88868153.7,cross_border_payments
E14,FY2025,Netherlands,outbound,211,111709781.76,cross_border_payments
E14,FY2025,Switzerland,inbound,188,89519829.05,cross_border_payments
E14,FY2025,Switzerland,outbound,183,95841016.3,cross_border_payments
E14,FY2025,United Arab Emirates,inbound,198,100375211.26,cross_border_payments
E14,FY2025,United Arab Emirates,outbound,221,121053571.46,cross_border_payments
E14,FY2025,United Kingdom,inbound,214,96749271.84,cross_border_payments
E14,FY2025,United Kingdom,outbound,206,97869567.62,cross_border_payments
E14,FY2025,United States,inbound,185,87258306.65,cross_border_payments
E14,FY2025,United States,outbound,206,101637236.64999999,cross_border_payments
E14,FY2025,Unknown,inbound,31,19583824.94,cross_border_payments
E14,FY2025,Unknown,outbound,33,11281279.69,cross_border_payments
E14,FY2026,Brazil,inbound,181,88436238.89,cross_border_payments
E14,FY2026,Brazil,outbound,204,78839612.87,cross_border_payments
E14,FY2026,China,inbound,189,110305194.09,cross_border_payments
E14,FY2026,China,outbound,202,110525186.27,cross_border_payments
E14,FY2026,Germany,inbound,160,73874401.2,cross_border_payments
E14,FY2026,Germany,outbound,194,94785848.08,cross_border_payments
E14,FY2026,India,inbound,187,106317803.31,cross_border_payments
E14,FY2026,India,outbound,218,120167597.8,cross_border_payments
E14,FY2026,Japan,inbound,192,86540749.99,cross_border_payments
E14,FY2026,Japan,outbound,225,97998825.24,cross_border_payments
E14,FY2026,Netherlands,inbound,170,75937125.73,cross_border_payments
E14,FY2026,Netherlands,outbound,245,114618244.72,cross_border_payments
E14,FY2026,Switzerland,inbound,209,93239971.85,cross_border_payments
E14,FY2026,Switzerland,outbound,203,129117171.88,cross_border_payments
E14,FY2026,United Arab Emirates,inbound,190,101055349.71,cross_border_payments
E14,FY2026,United Arab Emirates,outbound,198,88856615.97,cross_border_payments
E14,FY2026,United Kingdom,inbound,209,86880269.44,cross_border_payments
E14,FY2026,United Kingdom,outbound,202,112419185.36,cross_border_payments
E14,FY2026,United States,inbound,168,89950291.99,cross_border_payments
E14,FY2026,United States,outbound,201,85150620.45,cross_border_payments
E14,FY2026,Unknown,inbound,26,14082616.01,cross_border_payments
E14,FY2026,Unknown,outbound,37,14215507.68,cross_border_payments
E15,FY2024,Brazil,inbound,198,91241414.39,cross_border_payments
E15,FY2024,Brazil,outbound,201,103126368.32,cross_border_payments
E15,FY2024,China,inbound,162,66661556.69,cross_border_payments
E15,FY2024,China,outbound,201,105960916.62,cross_border_payments
E15,FY2024,Germany,inbound,187,80643674.51,cross_border_payments
E15,FY2024,Germany,outbound,175,72173079.78,cross_border_payments
E15,FY2024,India,inbound,205,89018793.08,cross_border_payments
E15,FY2024,India,outbound,210,98675839.46000001,cross_border_payments
E15,FY2024,Japan,inbound,175,79400407.98,cross_border_payments
E15,FY2024,Japan,outbound,194,93007571.38,cross_border_payments
E15,FY2024,Netherlands,inbound,189,90449341.45,cross_border_payments
E15,FY2024,Netherlands,outbound,209,120892415.68,cross_border_payments
E15,FY2024,Switzerland,inbound,177,87289204.14,cross_border_payments
E15,FY2024,Switzerland,outbound,213,119798722.47,cross_border_payments
E15,FY2024,United Arab Emirates,inbound,189,98612158.81,cross_border_payments
E15,FY2024,United Arab Emirates,outbound,173,87707888.33,cross_border_payments
E15,FY2024,United Kingdom,inbound,167,89758128.89,cross_border_payments
E15,FY2024,United Kingdom,outbound,204,87645131.77,cross_border_payments
E15,FY2024,United States,inbound,191,102320593.51,cross_border_payments
E15,FY2024,United States,outbound,201,85941649.8,cross_border_payments
E15,FY2024,Unknown,inbound,46,35170465.11,cross_border_payments
E15,FY2024,Unknown,outbound,32,12502468.66,cross_border_payments
E15,FY2025,Brazil,inbound,198,93495172.58,cross_border_payments
E15,FY2025,Brazil,outbound,231,106472015.37,cross_border_payments
E15,FY2025,China,inbound,195,99450976.84,cross_border_payments
E15,FY2025,China,outbound,231,125034144.97,cross_border_payments
E15,FY2025,Germany,inbound,179,101528651.94,cross_border_payments
E15,FY2025,Germany,outbound,204,92495084.58,cross_border_payments
E15,FY2025,India,inbound,196,95294773.85,cross_border_payments
E15,FY2025,India,outbound,226,102661803.92,cross_border_payments
E15,FY2025,Japan,inbound,202,94292910.39,cross_border_payments
E15,FY2025,Japan,outbound,193,85793654.21,cross_border_payments
E15,FY2025,Netherlands,inbound,194,100397092.55,cross_border_payments
E15,FY2025,Netherlands,outbound,205,94788981.39,cross_border_payments
E15,FY2025,Switzerland,inbound,210,105717472.6,cross_border_payments
E15,FY2025,Switzerland,outbound,195,118495999.43,cross_border_payments
E15,FY2025,United Arab Emirates,inbound,196,86044995.27,cross_border_payments
E15,FY2025,United Arab Emirates,outbound,199,109353084.46,cross_border_payments
E15,FY2025,United Kingdom,inbound,182,85587958.07,cross_border_payments
E15,FY2025,United Kingdom,outbound,211,88719510.92,cross_border_payments
E15,FY2025,United States,inbound,193,86271402.63,cross_border_payments
E15,FY2025,United States,outbound,205,109184498.61,cross_border_payments
E15,FY2025,Unknown,inbound,31,20445378.45,cross_border_payments
E15,FY2025,Unknown,outbound,29,16882229.71,cross_border_payments
E15,FY2026,Brazil,inbound,206,88165759.61,cross_border_payments
E15,FY2026,Brazil,outbound,203,82015650.85,cross_border_payments
E15,FY2026,China,inbound,184,111691704.76,cross_border_payments
E15,FY2026,China,outbound,214,130506150.51,cross_border_payments
E15,FY2026,Germany,inbound,203,113426836.14999999,cross_border_payments
E15,FY2026,Germany,outbound,190,98987670.31,cross_border_payments
E15,FY2026,India,inbound,177,75192791.63,cross_border_payments
E15,FY2026,India,outbound,199,126060145.65,cross_border_payments
E15,FY2026,Japan,inbound,177,73342071.36,cross_border_payments
E15,FY2026,Japan,outbound,196,111232879.68,cross_border_payments
E15,FY2026,Netherlands,inbound,192,99621773.48,cross_border_payments
E15,FY2026,Netherlands,outbound,201,115576989.41,cross_border_payments
E15,FY2026,Switzerland,inbound,185,99496929.81,cross_border_payments
E15,FY2026,Switzerland,outbound,196,108844404.22,cross_border_payments
E15,FY2026,United Arab Emirates,inbound,188,110310898.72,cross_border_payments
E15,FY2026,United Arab Emirates,outbound,204,123338496.68,cross_border_payments
E15,FY2026,United Kingdom,inbound,171,83640537.44,cross_border_payments
E15,FY2026,United Kingdom,outbound,193,92433777.66,cross_border_payments
E15,FY2026,United States,inbound,203,87422838.7,cross_border_payments
E15,FY2026,United States,outbound,181,89583422.78999999,cross_border_payments
E15,FY2026,Unknown,inbound,29,18322008.92,cross_border_payments
E15,FY2026,Unknown,outbound,38,14145090.4,cross_border_payments
E16,FY2024,Brazil,inbound,194,115778883.83,cross_border_payments
E16,FY2024,Brazil,outbound,222,135992627.72,cross_border_payments
E16,FY2024,Cameroon,inbound,415,285471904.68,cross_border_payments
E16,FY2024,Cameroon,outbound,431,245810898.10999998,cross_border_payments
E16,FY2024,China,inbound,225,128489696.64,cross_border_payments
E16,FY2024,China,outbound,214,149304667.07,cross_border_payments
E16,FY2024,Germany,inbound,215,167161701.89000002,cross_border_payments
E16,FY2024,Germany,outbound,241,145559090.08,cross_border_payments
E16,FY2024,Ghana,inbound,420,265385549.02,cross_border_payments
E16,FY2024,Ghana,outbound,518,325261134.44,cross_border_payments
E16,FY2024,India,inbound,188,126958736.82,cross_border_payments
E16,FY2024,India,outbound,241,120916836.99,cross_border_payments
E16,FY2024,Ivory Coast,inbound,333,193965770.60999998,cross_border_payments
E16,FY2024,Ivory Coast,outbound,429,255488171.51,cross_border_payments
E16,FY2024,Japan,inbound,195,123083181.81,cross_border_payments
E16,FY2024,Japan,outbound,236,120629813.32,cross_border_payments
E16,FY2024,Kenya,inbound,70,35898609.8,cross_border_payments
E16,FY2024,Kenya,outbound,81,64792970.71,cross_border_payments
E16,FY2024,Netherlands,inbound,196,114093982.19,cross_border_payments
E16,FY2024,Netherlands,outbound,215,129765713.48,cross_border_payments
E16,FY2024,Nigeria,inbound,413,282026656.15,cross_border_payments
E16,FY2024,Nigeria,outbound,495,375139196.49,cross_border_payments
E16,FY2024,South Sudan,inbound,416,243465539.25,cross_border_payments
E16,FY2024,South Sudan,outbound,407,243472098.28,cross_border_payments
E16,FY2024,Sudan,inbound,358,224220197.88,cross_border_payments
E16,FY2024,Sudan,outbound,387,221443328.95,cross_border_payments
E16,FY2024,Switzerland,inbound,207,96390165.51,cross_border_payments
E16,FY2024,Switzerland,outbound,219,134481884.92,cross_border_payments
E16,FY2024,Uganda,inbound,384,230881470.19,cross_border_payments
E16,FY2024,Uganda,outbound,432,275229520.0,cross_border_payments
E16,FY2024,United Arab Emirates,inbound,211,138060614.65,cross_border_payments
E16,FY2024,United Arab Emirates,outbound,199,109140256.15,cross_border_payments
E16,FY2024,United Kingdom,inbound,220,132302045.65,cross_border_payments
E16,FY2024,United Kingdom,outbound,217,129192878.29,cross_border_payments
E16,FY2024,United States,inbound,194,139456127.92,cross_border_payments
E16,FY2024,United States,outbound,232,141608819.62,cross_border_payments
E16,FY2024,Unknown,inbound,68,33365594.96,cross_border_payments
E16,FY2024,Unknown,outbound,70,37652092.96,cross_border_payments
E16,FY2025,Brazil,inbound,226,136543141.62,cross_border_payments
E16,FY2025,Brazil,outbound,213,125232729.9,cross_border_payments
E16,FY2025,Cameroon,inbound,378,250803592.53,cross_border_payments
E16,FY2025,Cameroon,outbound,428,227035567.27,cross_border_payments
E16,FY2025,China,inbound,174,108169974.41,cross_border_payments
E16,FY2025,China,outbound,255,156066182.35,cross_border_payments
E16,FY2025,Germany,inbound,212,116749351.26,cross_border_payments
E16,FY2025,Germany,outbound,245,185874585.32,cross_border_payments
E16,FY2025,Ghana,inbound,485,276460293.76,cross_border_payments
E16,FY2025,Ghana,outbound,535,320367437.32,cross_border_payments
E16,FY2025,India,inbound,244,128650830.05,cross_border_payments
E16,FY2025,India,outbound,192,132275408.7,cross_border_payments
E16,FY2025,Ivory Coast,inbound,383,234951949.65,cross_border_payments
E16,FY2025,Ivory Coast,outbound,435,258841068.11,cross_border_payments
E16,FY2025,Japan,inbound,230,124663180.97,cross_border_payments
E16,FY2025,Japan,outbound,249,164731306.04,cross_border_payments
E16,FY2025,Kenya,inbound,59,32510579.26,cross_border_payments
E16,FY2025,Kenya,outbound,73,60430984.77,cross_border_payments
E16,FY2025,Netherlands,inbound,208,131341372.38,cross_border_payments
E16,FY2025,Netherlands,outbound,233,114130905.89,cross_border_payments
E16,FY2025,Nigeria,inbound,462,273282033.85,cross_border_payments
E16,FY2025,Nigeria,outbound,534,378844562.58,cross_border_payments
E16,FY2025,South Sudan,inbound,396,225020861.87,cross_border_payments
E16,FY2025,South Sudan,outbound,431,296625676.05,cross_border_payments
E16,FY2025,Sudan,inbound,382,256259290.96,cross_border_payments
E16,FY2025,Sudan,outbound,470,284915193.65,cross_border_payments
E16,FY2025,Switzerland,inbound,199,103598272.82000001,cross_border_payments
E16,FY2025,Switzerland,outbound,218,146249467.13,cross_border_payments
E16,FY2025,Uganda,inbound,381,216540886.25,cross_border_payments
E16,FY2025,Uganda,outbound,447,274032881.13,cross_border_payments
E16,FY2025,United Arab Emirates,inbound,198,133121036.37,cross_border_payments
E16,FY2025,United Arab Emirates,outbound,236,148026304.39,cross_border_payments
E16,FY2025,United Kingdom,inbound,211,113280284.86,cross_border_payments
E16,FY2025,United Kingdom,outbound,242,167230665.49,cross_border_payments
E16,FY2025,United States,inbound,190,106817709.11,cross_border_payments
E16,FY2025,United States,outbound,244,164533247.37,cross_border_payments
E16,FY2025,Unknown,inbound,88,44356660.85,cross_border_payments
E16,FY2025,Unknown,outbound,91,51005311.879999995,cross_border_payments
E16,FY2026,Brazil,inbound,235,165402291.47,cross_border_payments
E16,FY2026,Brazil,outbound,247,136890794.26,cross_border_payments
E16,FY2026,Cameroon,inbound,401,223524897.83,cross_border_payments
E16,FY2026,Cameroon,outbound,394,231293314.39,cross_border_payments
E16,FY2026,China,inbound,213,121684204.59,cross_border_payments
E16,FY2026,China,outbound,228,143316167.36,cross_border_payments
E16,FY2026,Germany,inbound,219,151636448.39,cross_border_payments
E16,FY2026,Germany,outbound,228,143742195.06,cross_border_payments
E16,FY2026,Ghana,inbound,459,265784055.24,cross_border_payments
E16,FY2026,Ghana,outbound,495,314539147.92,cross_border_payments
E16,FY2026,India,inbound,222,122887238.11,cross_border_payments
E16,FY2026,India,outbound,245,147880922.41,cross_border_payments
E16,FY2026,Ivory Coast,inbound,405,253876860.81,cross_border_payments
E16,FY2026,Ivory Coast,outbound,402,257214530.77,cross_border_payments
E16,FY2026,Japan,inbound,214,128174892.56,cross_border_payments
E16,FY2026,Japan,outbound,232,96444684.59,cross_border_payments
E16,FY2026,Kenya,inbound,56,47962201.52,cross_border_payments
E16,FY2026,Kenya,outbound,64,30911634.33,cross_border_payments
E16,FY2026,Netherlands,inbound,203,127308317.53,cross_border_payments
E16,FY2026,Netherlands,outbound,240,152951200.06,cross_border_payments
E16,FY2026,Nigeria,inbound,429,251834196.18,cross_border_payments
E16,FY2026,Nigeria,outbound,479,289569666.68,cross_border_payments
E16,FY2026,South Sudan,inbound,396,184022217.98,cross_border_payments
E16,FY2026,South Sudan,outbound,395,218120955.73,cross_border_payments
E16,FY2026,Sudan,inbound,362,215976610.43,cross_border_payments
E16,FY2026,Sudan,outbound,430,264625822.79,cross_border_payments
E16,FY2026,Switzerland,inbound,168,82081288.9,cross_border_payments
E16,FY2026,Switzerland,outbound,195,144073860.79,cross_border_payments
E16,FY2026,Uganda,inbound,361,249162686.24,cross_border_payments
E16,FY2026,Uganda,outbound,409,229062723.31,cross_border_payments
E16,FY2026,United Arab Emirates,inbound,223,109452247.7,cross_border_payments
E16,FY2026,United Arab Emirates,outbound,235,149147616.82,cross_border_payments
E16,FY2026,United Kingdom,inbound,213,113412598.08,cross_border_payments
E16,FY2026,United Kingdom,outbound,224,109539479.62,cross_border_payments
E16,FY2026,United States,inbound,204,106414525.73,cross_border_payments
E16,FY2026,United States,outbound,217,135565107.48,cross_border_payments
E16,FY2026,Unknown,inbound,72,47869854.35,cross_border_payments
E16,FY2026,Unknown,outbound,78,46288722.27,cross_border_payments
E17,FY2024,Brazil,inbound,112,60491583.86,cross_border_payments
E17,FY2024,Brazil,outbound,124,61947745.49,cross_border_payments
E17,FY2024,China,inbound,118,94847787.21,cross_border_payments
E17,FY2024,China,outbound,123,61420536.19,cross_border_payments
E17,FY2024,DRC,inbound,195,94297785.71,cross_border_payments
E17,FY2024,DRC,outbound,187,96834630.11,cross_border_payments
E17,FY2024,Egypt,inbound,208,117208936.84,cross_border_payments
E17,FY2024,Egypt,outbound,236,134061642.13,cross_border_payments
E17,FY2024,Ethiopia,inbound,193,115974672.94,cross_border_payments
E17,FY2024,Ethiopia,outbound,223,117068911.79,cross_border_payments
E17,FY2024,Germany,inbound,133,58460042.33,cross_border_payments
E17,FY2024,Germany,outbound,124,62066798.31,cross_border_payments
E17,FY2024,Ghana,inbound,41,41523574.38,cross_border_payments
E17,FY2024,Ghana,outbound,35,13501422.06,cross_border_payments
E17,FY2024,India,inbound,105,58013296.05,cross_border_payments
E17,FY2024,India,outbound,139,79487650.46,cross_border_payments
E17,FY2024,Japan,inbound,98,56476324.46,cross_border_payments
E17,FY2024,Japan,outbound,110,62001988.07,cross_border_payments
E17,FY2024,Kenya,inbound,249,136371629.66,cross_border_payments
E17,FY2024,Kenya,outbound,237,126490036.9,cross_border_payments
E17,FY2024,Lesotho,inbound,213,116580630.65,cross_border_payments
E17,FY2024,Lesotho,outbound,241,126114391.58,cross_border_payments
E17,FY2024,Mozambique,inbound,201,93646539.61,cross_border_payments
E17,FY2024,Mozambique,outbound,223,131061159.92,cross_border_payments
E17,FY2024,Netherlands,inbound,108,61015966.64,cross_border_payments
E17,FY2024,Netherlands,outbound,101,46842948.75,cross_border_payments
E17,FY2024,Nigeria,inbound,30,8676789.28,cross_border_payments
E17,FY2024,Nigeria,outbound,40,16747582.73,cross_border_payments
E17,FY2024,Switzerland,inbound,115,69342089.24,cross_border_payments
E17,FY2024,Switzerland,outbound,123,58640754.81,cross_border_payments
E17,FY2024,Tanzania,inbound,180,98874479.64999999,cross_border_payments
E17,FY2024,Tanzania,outbound,227,117411047.94,cross_border_payments
E17,FY2024,United Arab Emirates,inbound,111,64767057.85,cross_border_payments
E17,FY2024,United Arab Emirates,outbound,120,68487134.58,cross_border_payments
E17,FY2024,United Kingdom,inbound,106,54571567.8,cross_border_payments
E17,FY2024,United Kingdom,outbound,114,88287637.74,cross_border_payments
E17,FY2024,United States,inbound,112,56485930.37,cross_border_payments
E17,FY2024,United States,outbound,114,55483741.589999996,cross_border_payments
E17,FY2024,Unknown,inbound,37,18114743.1,cross_border_payments
E17,FY2024,Unknown,outbound,54,21603596.33,cross_border_payments
E17,FY2025,Brazil,inbound,126,75806341.13,cross_border_payments
E17,FY2025,Brazil,outbound,137,80981240.74,cross_border_payments
E17,FY2025,China,inbound,115,48455467.87,cross_border_payments
E17,FY2025,China,outbound,105,50057548.79,cross_border_payments
E17,FY2025,DRC,inbound,210,111126178.94,cross_border_payments
E17,FY2025,DRC,outbound,244,122197648.9,cross_border_payments
E17,FY2025,Egypt,inbound,209,110174328.92,cross_border_payments
E17,FY2025,Egypt,outbound,229,107636659.19,cross_border_payments
E17,FY2025,Ethiopia,inbound,192,85923689.91,cross_border_payments
E17,FY2025,Ethiopia,outbound,231,124602614.44,cross_border_payments
E17,FY2025,Germany,inbound,109,60999713.98,cross_border_payments
E17,FY2025,Germany,outbound,154,75206091.07,cross_border_payments
E17,FY2025,Ghana,inbound,37,22259310.27,cross_border_payments
E17,FY2025,Ghana,outbound,38,16790870.23,cross_border_payments
E17,FY2025,India,inbound,102,60471185.82,cross_border_payments
E17,FY2025,India,outbound,131,81326519.98,cross_border_payments
E17,FY2025,Japan,inbound,132,77885691.94,cross_border_payments
E17,FY2025,Japan,outbound,132,85603702.87,cross_border_payments
E17,FY2025,Kenya,inbound,244,120950271.02,cross_border_payments
E17,FY2025,Kenya,outbound,279,144915755.78,cross_border_payments
E17,FY2025,Lesotho,inbound,187,103459923.67,cross_border_payments
E17,FY2025,Lesotho,outbound,251,107016662.03,cross_border_payments
E17,FY2025,Mozambique,inbound,225,128923130.02,cross_border_payments
E17,FY2025,Mozambique,outbound,206,121851269.78,cross_border_payments
E17,FY2025,Netherlands,inbound,104,53214714.36,cross_border_payments
E17,FY2025,Netherlands,outbound,137,65472714.83,cross_border_payments
E17,FY2025,Nigeria,inbound,48,24666877.1,cross_border_payments
E17,FY2025,Nigeria,outbound,38,11958543.74,cross_border_payments
E17,FY2025,Switzerland,inbound,110,93336113.13,cross_border_payments
E17,FY2025,Switzerland,outbound,113,40758527.09,cross_border_payments
E17,FY2025,Tanzania,inbound,191,107143489.98,cross_border_payments
E17,FY2025,Tanzania,outbound,209,89745540.06,cross_border_payments
E17,FY2025,United Arab Emirates,inbound,113,109478167.64,cross_border_payments
E17,FY2025,United Arab Emirates,outbound,107,56944108.050000004,cross_border_payments
E17,FY2025,United Kingdom,inbound,116,65772153.32,cross_border_payments
E17,FY2025,United Kingdom,outbound,110,59492818.449999996,cross_border_payments
E17,FY2025,United States,inbound,97,60802201.19,cross_border_payments
E17,FY2025,United States,outbound,108,63747876.74,cross_border_payments
E17,FY2025,Unknown,inbound,47,20028002.39,cross_border_payments
E17,FY2025,Unknown,outbound,41,20298705.42,cross_border_payments
E17,FY2026,Brazil,inbound,95,54797849.71,cross_border_payments
E17,FY2026,Brazil,outbound,138,55000464.47,cross_border_payments
E17,FY2026,China,inbound,104,46257328.82,cross_border_payments
E17,FY2026,China,outbound,115,55043545.31,cross_border_payments
E17,FY2026,DRC,inbound,203,126318255.68,cross_border_payments
E17,FY2026,DRC,outbound,216,130977040.24,cross_border_payments
E17,FY2026,Egypt,inbound,207,93007594.75,cross_border_payments
E17,FY2026,Egypt,outbound,239,130647455.44,cross_border_payments
E17,FY2026,Ethiopia,inbound,212,107282443.94,cross_border_payments
E17,FY2026,Ethiopia,outbound,217,115253269.73,cross_border_payments
E17,FY2026,Germany,inbound,79,39882846.65,cross_border_payments
E17,FY2026,Germany,outbound,115,69369734.0,cross_border_payments
E17,FY2026,Ghana,inbound,36,21686125.009999998,cross_border_payments
E17,FY2026,Ghana,outbound,43,20605833.07,cross_border_payments
E17,FY2026,India,inbound,102,61119241.79,cross_border_payments
E17,FY2026,India,outbound,108,49565727.76,cross_border_payments
E17,FY2026,Japan,inbound,138,88543135.71,cross_border_payments
E17,FY2026,Japan,outbound,110,78597759.33,cross_border_payments
E17,FY2026,Kenya,inbound,238,111262826.85,cross_border_payments
E17,FY2026,Kenya,outbound,252,140711759.49,cross_border_payments
E17,FY2026,Lesotho,inbound,199,129353899.98,cross_border_payments
E17,FY2026,Lesotho,outbound,221,101582579.09,cross_border_payments
E17,FY2026,Mozambique,inbound,190,84354472.87,cross_border_payments
E17,FY2026,Mozambique,outbound,237,111961290.75,cross_border_payments
E17,FY2026,Netherlands,inbound,115,56029443.99,cross_border_payments
E17,FY2026,Netherlands,outbound,111,51685283.230000004,cross_border_payments
E17,FY2026,Nigeria,inbound,29,7742479.08,cross_border_payments
E17,FY2026,Nigeria,outbound,39,17142670.89,cross_border_payments
E17,FY2026,Switzerland,inbound,102,55686858.38,cross_border_payments
E17,FY2026,Switzerland,outbound,129,67740832.84,cross_border_payments
E17,FY2026,Tanzania,inbound,221,132693007.97,cross_border_payments
E17,FY2026,Tanzania,outbound,225,132209516.93,cross_border_payments
E17,FY2026,United Arab Emirates,inbound,132,56547698.36,cross_border_payments
E17,FY2026,United Arab Emirates,outbound,116,53890199.34,cross_border_payments
E17,FY2026,United Kingdom,inbound,101,47593847.4,cross_border_payments
E17,FY2026,United Kingdom,outbound,101,47680681.59,cross_border_payments
E17,FY2026,United States,inbound,100,53094378.05,cross_border_payments
E17,FY2026,United States,outbound,124,59697810.61,cross_border_payments
E17,FY2026,Unknown,inbound,37,24519839.59,cross_border_payments
E17,FY2026,Unknown,outbound,47,23597774.79,cross_border_payments
E18,FY2024,Botswana,inbound,64,29777545.48,cross_border_payments
E18,FY2024,Botswana,outbound,85,59720383.9,cross_border_payments
E18,FY2024,Brazil,inbound,60,39611024.24,cross_border_payments
E18,FY2024,Brazil,outbound,64,59603710.94,cross_border_payments
E18,FY2024,China,inbound,66,31265050.69,cross_border_payments
E18,FY2024,China,outbound,52,34709329.99,cross_border_payments
E18,FY2024,Eswatini,inbound,83,47809598.96,cross_border_payments
E18,FY2024,Eswatini,outbound,86,40509122.3,cross_border_payments
E18,FY2024,Germany,inbound,59,29625918.16,cross_border_payments
E18,FY2024,Germany,outbound,63,23966324.45,cross_border_payments
E18,FY2024,Ghana,inbound,93,45952312.46,cross_border_payments
E18,FY2024,Ghana,outbound,100,52249272.09,cross_border_payments
E18,FY2024,India,inbound,66,25898603.34,cross_border_payments
E18,FY2024,India,outbound,74,54942739.99,cross_border_payments
E18,FY2024,Japan,inbound,62,30203001.98,cross_border_payments
E18,FY2024,Japan,outbound,53,18612839.32,cross_border_payments
E18,FY2024,Kenya,inbound,111,50430162.45,cross_border_payments
E18,FY2024,Kenya,outbound,81,46548377.86,cross_border_payments
E18,FY2024,Lesotho,inbound,84,33117377.75,cross_border_payments
E18,FY2024,Lesotho,outbound,90,31142133.97,cross_border_payments
E18,FY2024,Mauritius,inbound,76,28892213.61,cross_border_payments
E18,FY2024,Mauritius,outbound,68,38283252.33,cross_border_payments
E18,FY2024,Mozambique,inbound,70,26604291.009999998,cross_border_payments
E18,FY2024,Mozambique,outbound,82,39755566.87,cross_border_payments
E18,FY2024,Namibia,inbound,78,45999648.7,cross_border_payments
E18,FY2024,Namibia,outbound,120,55337854.29,cross_border_payments
E18,FY2024,Netherlands,inbound,54,25545975.81,cross_border_payments
E18,FY2024,Netherlands,outbound,73,39712683.63,cross_border_payments
E18,FY2024,Nigeria,inbound,7,3037054.15,cross_border_payments
E18,FY2024,Nigeria,outbound,9,4205368.32,cross_border_payments
E18,FY2024,Switzerland,inbound,78,51060473.39,cross_border_payments
E18,FY2024,Switzerland,outbound,54,21947984.45,cross_border_payments
E18,FY2024,Uganda,inbound,68,47529471.84,cross_border_payments
E18,FY2024,Uganda,outbound,98,53197865.85,cross_border_payments
E18,FY2024,United Arab Emirates,inbound,61,26960292.59,cross_border_payments
E18,FY2024,United Arab Emirates,outbound,69,39161953.769999996,cross_border_payments
E18,FY2024,United Kingdom,inbound,59,28338608.88,cross_border_payments
E18,FY2024,United Kingdom,outbound,82,46870889.07,cross_border_payments
E18,FY2024,United States,inbound,58,23808433.03,cross_border_payments
E18,FY2024,United States,outbound,69,31246429.759999998,cross_border_payments
E18,FY2024,Unknown,inbound,24,9862555.81,cross_border_payments
E18,FY2024,Unknown,outbound,29,16375259.48,cross_border_payments
E18,FY2024,Zambia,inbound,68,34607258.82,cross_border_payments
E18,FY2024,Zambia,outbound,99,61983397.71,cross_border_payments
E18,FY2024,Zimbabwe,inbound,64,47521250.35,cross_border_payments
E18,FY2024,Zimbabwe,outbound,103,69979649.9,cross_border_payments
E18,FY2025,Botswana,inbound,90,38009179.33,cross_border_payments
E18,FY2025,Botswana,outbound,91,40141005.38,cross_border_payments
E18,FY2025,Brazil,inbound,83,34159731.17,cross_border_payments
E18,FY2025,Brazil,outbound,80,39590439.82,cross_border_payments
E18,FY2025,China,inbound,65,30594670.42,cross_border_payments
E18,FY2025,China,outbound,62,47088834.599999994,cross_border_payments
E18,FY2025,Eswatini,inbound,82,39231728.18,cross_border_payments
E18,FY2025,Eswatini,outbound,105,57488228.24,cross_border_payments
E18,FY2025,Germany,inbound,49,33600193.94,cross_border_payments
E18,FY2025,Germany,outbound,62,21516427.83,cross_border_payments
E18,FY2025,Ghana,inbound,83,35743855.97,cross_border_payments
E18,FY2025,Ghana,outbound,128,58734373.83,cross_border_payments
E18,FY2025,India,inbound,60,24385018.42,cross_border_payments
E18,FY2025,India,outbound,59,31381472.45,cross_border_payments
E18,FY2025,Japan,inbound,66,23676447.2,cross_border_payments
E18,FY2025,Japan,outbound,75,37502846.95,cross_border_payments
E18,FY2025,Kenya,inbound,95,42315890.12,cross_border_payments
E18,FY2025,Kenya,outbound,107,65592975.13,cross_border_payments
E18,FY2025,Lesotho,inbound,68,52568497.06,cross_border_payments
E18,FY2025,Lesotho,outbound,85,49906243.56,cross_border_payments
E18,FY2025,Mauritius,inbound,84,38978253.96,cross_border_payments
E18,FY2025,Mauritius,outbound,95,39770096.34,cross_border_payments
E18,FY2025,Mozambique,inbound,63,25733373.39,cross_border_payments
E18,FY2025,Mozambique,outbound,71,39102606.15,cross_border_payments
E18,FY2025,Namibia,inbound,74,39051688.37,cross_border_payments
E18,FY2025,Namibia,outbound,88,45256520.26,cross_border_payments
E18,FY2025,Netherlands,inbound,56,29015261.02,cross_border_payments
E18,FY2025,Netherlands,outbound,71,50745207.98,cross_border_payments
E18,FY2025,Nigeria,inbound,16,4674087.25,cross_border_payments
E18,FY2025,Nigeria,outbound,14,6646757.92,cross_border_payments
E18,FY2025,Switzerland,inbound,67,35491533.29,cross_border_payments
E18,FY2025,Switzerland,outbound,70,36843853.22,cross_border_payments
E18,FY2025,Uganda,inbound,74,43898797.15,cross_border_payments
E18,FY2025,Uganda,outbound,95,57135374.589999996,cross_border_payments
E18,FY2025,United Arab Emirates,inbound,58,34187011.94,cross_border_payments
E18,FY2025,United Arab Emirates,outbound,67,40787674.949999996,cross_border_payments
E18,FY2025,United Kingdom,inbound,57,40876108.75,cross_border_payments
E18,FY2025,United Kingdom,outbound,63,31637617.720000003,cross_border_payments
E18,FY2025,United States,inbound,73,35682100.03,cross_border_payments
E18,FY2025,United States,outbound,67,37799207.699999996,cross_border_payments
E18,FY2025,Unknown,inbound,13,5782287.68,cross_border_payments
E18,FY2025,Unknown,outbound,23,11842191.73,cross_border_payments
E18,FY2025,Zambia,inbound,71,31550098.04,cross_border_payments
E18,FY2025,Zambia,outbound,90,28944713.36,cross_border_payments
E18,FY2025,Zimbabwe,inbound,76,35906655.57,cross_border_payments
E18,FY2025,Zimbabwe,outbound,73,32435503.669999998,cross_border_payments
E18,FY2026,Botswana,inbound,61,34820124.34,cross_border_payments
E18,FY2026,Botswana,outbound,83,45363984.5,cross_border_payments
E18,FY2026,Brazil,inbound,71,37308542.24,cross_border_payments
E18,FY2026,Brazil,outbound,70,26049217.33,cross_border_payments
E18,FY2026,China,inbound,54,25291274.07,cross_border_payments
E18,FY2026,China,outbound,63,35896933.68,cross_border_payments
E18,FY2026,Eswatini,inbound,67,44108408.99,cross_border_payments
E18,FY2026,Eswatini,outbound,71,34583393.85,cross_border_payments
E18,FY2026,Germany,inbound,68,38513583.21,cross_border_payments
E18,FY2026,Germany,outbound,73,36431974.15,cross_border_payments
E18,FY2026,Ghana,inbound,85,45502542.33,cross_border_payments
E18,FY2026,Ghana,outbound,88,32273402.04,cross_border_payments
E18,FY2026,India,inbound,70,33048017.62,cross_border_payments
E18,FY2026,India,outbound,70,45662640.31,cross_border_payments
E18,FY2026,Japan,inbound,64,39920826.96,cross_border_payments
E18,FY2026,Japan,outbound,67,40422990.35,cross_border_payments
E18,FY2026,Kenya,inbound,80,38710471.57,cross_border_payments
E18,FY2026,Kenya,outbound,106,59194546.55,cross_border_payments
E18,FY2026,Lesotho,inbound,84,34571150.69,cross_border_payments
E18,FY2026,Lesotho,outbound,69,44034154.45,cross_border_payments
E18,FY2026,Mauritius,inbound,78,39818856.59,cross_border_payments
E18,FY2026,Mauritius,outbound,73,33790914.47,cross_border_payments
E18,FY2026,Mozambique,inbound,74,36297268.17,cross_border_payments
E18,FY2026,Mozambique,outbound,80,50796987.46,cross_border_payments
E18,FY2026,Namibia,inbound,79,41073996.07,cross_border_payments
E18,FY2026,Namibia,outbound,67,36993199.660000004,cross_border_payments
E18,FY2026,Netherlands,inbound,61,28582935.15,cross_border_payments
E18,FY2026,Netherlands,outbound,55,21868413.29,cross_border_payments
E18,FY2026,Nigeria,inbound,17,10409647.17,cross_border_payments
E18,FY2026,Nigeria,outbound,11,3296434.72,cross_border_payments
E18,FY2026,Switzerland,inbound,53,22641618.94,cross_border_payments
E18,FY2026,Switzerland,outbound,70,42348992.66,cross_border_payments
E18,FY2026,Uganda,inbound,74,46999732.93,cross_border_payments
E18,FY2026,Uganda,outbound,84,42734631.73,cross_border_payments
E18,FY2026,United Arab Emirates,inbound,62,25378520.77,cross_border_payments
E18,FY2026,United Arab Emirates,outbound,69,31199771.07,cross_border_payments
E18,FY2026,United Kingdom,inbound,73,40173850.98,cross_border_payments
E18,FY2026,United Kingdom,outbound,69,31120642.97,cross_border_payments
E18,FY2026,United States,inbound,82,31933705.88,cross_border_payments
E18,FY2026,United States,outbound,76,45188762.48,cross_border_payments
E18,FY2026,Unknown,inbound,16,7798680.5600000005,cross_border_payments
E18,FY2026,Unknown,outbound,24,8075153.83,cross_border_payments
E18,FY2026,Zambia,inbound,77,35867133.78,cross_border_payments
E18,FY2026,Zambia,outbound,93,56090561.99,cross_border_payments
E18,FY2026,Zimbabwe,inbound,93,30846863.93,cross_border_payments
E18,FY2026,Zimbabwe,outbound,82,41222417.11,cross_border_payments
E19,FY2024,Brazil,inbound,75,24585692.24,cross_border_payments
E19,FY2024,Brazil,outbound,79,33952405.94,cross_border_payments
E19,FY2024,China,inbound,56,17262798.6,cross_border_payments
E19,FY2024,China,outbound,92,29805107.69,cross_border_payments
E19,FY2024,Germany,inbound,70,26731224.54,cross_border_payments
E19,FY2024,Germany,outbound,70,24160226.91,cross_border_payments
E19,FY2024,Ghana,inbound,185,76063100.4,cross_border_payments
E19,FY2024,Ghana,outbound,195,89720511.53,cross_border_payments
E19,FY2024,India,inbound,76,21501346.92,cross_border_payments
E19,FY2024,India,outbound,78,35474043.78,cross_border_payments
E19,FY2024,Japan,inbound,72,28869534.88,cross_border_payments
E19,FY2024,Japan,outbound,92,27981895.83,cross_border_payments
E19,FY2024,Kenya,inbound,186,78928999.21,cross_border_payments
E19,FY2024,Kenya,outbound,217,81121423.41,cross_border_payments
E19,FY2024,Mauritius,inbound,166,67768240.37,cross_border_payments
E19,FY2024,Mauritius,outbound,183,63382520.05,cross_border_payments
E19,FY2024,Netherlands,inbound,73,36435149.980000004,cross_border_payments
E19,FY2024,Netherlands,outbound,85,33868789.26,cross_border_payments
E19,FY2024,Nigeria,inbound,185,54983417.53,cross_border_payments
E19,FY2024,Nigeria,outbound,220,81259447.58,cross_border_payments
E19,FY2024,Switzerland,inbound,77,20491234.06,cross_border_payments
E19,FY2024,Switzerland,outbound,68,28078413.2,cross_border_payments
E19,FY2024,Tanzania,inbound,166,87754056.37,cross_border_payments
E19,FY2024,Tanzania,outbound,152,62510031.13,cross_border_payments
E19,FY2024,Uganda,inbound,165,58574235.84,cross_border_payments
E19,FY2024,Uganda,outbound,168,66241056.800000004,cross_border_payments
E19,FY2024,United Arab Emirates,inbound,69,35245305.88,cross_border_payments
E19,FY2024,United Arab Emirates,outbound,72,23331533.97,cross_border_payments
E19,FY2024,United Kingdom,inbound,67,22994715.83,cross_border_payments
E19,FY2024,United Kingdom,outbound,86,26537450.36,cross_border_payments
E19,FY2024,United States,inbound,78,25528871.47,cross_border_payments
E19,FY2024,United States,outbound,72,25516180.87,cross_border_payments
E19,FY2024,Unknown,inbound,19,8384967.68,cross_border_payments
E19,FY2024,Unknown,outbound,36,14210015.74,cross_border_payments
E19,FY2025,Brazil,inbound,84,27335013.71,cross_border_payments
E19,FY2025,Brazil,outbound,74,28341060.15,cross_border_payments
E19,FY2025,China,inbound,83,28202713.6,cross_border_payments
E19,FY2025,China,outbound,73,25656945.09,cross_border_payments
E19,FY2025,Germany,inbound,67,27181915.88,cross_border_payments
E19,FY2025,Germany,outbound,86,39628445.77,cross_border_payments
E19,FY2025,Ghana,inbound,171,57964422.01,cross_border_payments
E19,FY2025,Ghana,outbound,177,64789211.82,cross_border_payments
E19,FY2025,India,inbound,69,25556008.14,cross_border_payments
E19,FY2025,India,outbound,87,23545547.57,cross_border_payments
E19,FY2025,Japan,inbound,64,16776380.73,cross_border_payments
E19,FY2025,Japan,outbound,87,29083318.52,cross_border_payments
E19,FY2025,Kenya,inbound,179,63971716.87,cross_border_payments
E19,FY2025,Kenya,outbound,215,82377368.26,cross_border_payments
E19,FY2025,Mauritius,inbound,174,64391736.25,cross_border_payments
E19,FY2025,Mauritius,outbound,184,68345024.1,cross_border_payments
E19,FY2025,Netherlands,inbound,74,42649516.78,cross_border_payments
E19,FY2025,Netherlands,outbound,92,28447432.08,cross_border_payments
E19,FY2025,Nigeria,inbound,184,57635569.67,cross_border_payments
E19,FY2025,Nigeria,outbound,205,70479625.03,cross_border_payments
E19,FY2025,Switzerland,inbound,66,24440588.14,cross_border_payments
E19,FY2025,Switzerland,outbound,84,38537057.44,cross_border_payments
E19,FY2025,Tanzania,inbound,152,51059879.24,cross_border_payments
E19,FY2025,Tanzania,outbound,180,64843828.33,cross_border_payments
E19,FY2025,Uganda,inbound,161,68476698.98,cross_border_payments
E19,FY2025,Uganda,outbound,171,60804087.07,cross_border_payments
E19,FY2025,United Arab Emirates,inbound,74,27087811.57,cross_border_payments
E19,FY2025,United Arab Emirates,outbound,76,23996992.73,cross_border_payments
E19,FY2025,United Kingdom,inbound,74,30930226.73,cross_border_payments
E19,FY2025,United Kingdom,outbound,100,35083537.77,cross_border_payments
E19,FY2025,United States,inbound,73,21580422.45,cross_border_payments
E19,FY2025,United States,outbound,76,26808281.25,cross_border_payments
E19,FY2025,Unknown,inbound,25,7459715.42,cross_border_payments
E19,FY2025,Unknown,outbound,28,17305531.86,cross_border_payments
E19,FY2026,Brazil,inbound,75,36447697.1,cross_border_payments
E19,FY2026,Brazil,outbound,71,18465624.2,cross_border_payments
E19,FY2026,China,inbound,61,24881349.78,cross_border_payments
E19,FY2026,China,outbound,71,35786313.86,cross_border_payments
E19,FY2026,Germany,inbound,73,32499336.64,cross_border_payments
E19,FY2026,Germany,outbound,76,51016957.04,cross_border_payments
E19,FY2026,Ghana,inbound,161,72085115.06,cross_border_payments
E19,FY2026,Ghana,outbound,222,110320831.76,cross_border_payments
E19,FY2026,India,inbound,57,13915311.5,cross_border_payments
E19,FY2026,India,outbound,81,24960005.3,cross_border_payments
E19,FY2026,Japan,inbound,84,34800227.05,cross_border_payments
E19,FY2026,Japan,outbound,68,22245187.19,cross_border_payments
E19,FY2026,Kenya,inbound,199,68723956.66,cross_border_payments
E19,FY2026,Kenya,outbound,201,71264505.71,cross_border_payments
E19,FY2026,Mauritius,inbound,162,58178607.81,cross_border_payments
E19,FY2026,Mauritius,outbound,159,57611810.6,cross_border_payments
E19,FY2026,Netherlands,inbound,79,24340656.62,cross_border_payments
E19,FY2026,Netherlands,outbound,69,28909216.8,cross_border_payments
E19,FY2026,Nigeria,inbound,166,63852984.5,cross_border_payments
E19,FY2026,Nigeria,outbound,198,77349390.88,cross_border_payments
E19,FY2026,Switzerland,inbound,69,34896816.76,cross_border_payments
E19,FY2026,Switzerland,outbound,86,31204091.56,cross_border_payments
E19,FY2026,Tanzania,inbound,161,56491097.17,cross_border_payments
E19,FY2026,Tanzania,outbound,170,60099844.54,cross_border_payments
E19,FY2026,Uganda,inbound,168,50094174.31,cross_border_payments
E19,FY2026,Uganda,outbound,180,69394562.66,cross_border_payments
E19,FY2026,United Arab Emirates,inbound,79,22674821.8,cross_border_payments
E19,FY2026,United Arab Emirates,outbound,60,19143713.11,cross_border_payments
E19,FY2026,United Kingdom,inbound,61,21175156.98,cross_border_payments
E19,FY2026,United Kingdom,outbound,70,24859626.14,cross_border_payments
E19,FY2026,United States,inbound,85,45099254.36,cross_border_payments
E19,FY2026,United States,outbound,75,27404855.830000002,cross_border_payments
E19,FY2026,Unknown,inbound,27,7717996.26,cross_border_payments
E19,FY2026,Unknown,outbound,29,15075892.81,cross_border_payments
E20,FY2024,Brazil,inbound,28,2995452.79,cross_border_payments
E20,FY2024,Brazil,outbound,27,3106346.99,cross_border_payments
E20,FY2024,China,inbound,12,1352645.1199999999,cross_border_payments
E20,FY2024,China,outbound,40,7438654.67,cross_border_payments
E20,FY2024,Germany,inbound,22,3878162.89,cross_border_payments
E20,FY2024,Germany,outbound,32,7650123.880000001,cross_border_payments
E20,FY2024,India,inbound,20,3458965.02,cross_border_payments
E20,FY2024,India,outbound,34,4705042.28,cross_border_payments
E20,FY2024,Japan,inbound,33,6025622.58,cross_border_payments
E20,FY2024,Japan,outbound,24,5490057.11,cross_border_payments
E20,FY2024,Netherlands,inbound,31,4481631.87,cross_border_payments
E20,FY2024,Netherlands,outbound,32,4688105.5,cross_border_payments
E20,FY2024,Switzerland,inbound,25,4097262.42,cross_border_payments
E20,FY2024,Switzerland,outbound,31,4146976.52,cross_border_payments
E20,FY2024,United Arab Emirates,inbound,23,6346268.65,cross_border_payments
E20,FY2024,United Arab Emirates,outbound,15,2376797.42,cross_border_payments
E20,FY2024,United Kingdom,inbound,22,3447578.56,cross_border_payments
E20,FY2024,United Kingdom,outbound,33,7587300.29,cross_border_payments
E20,FY2024,United States,inbound,30,6764295.09,cross_border_payments
E20,FY2024,United States,outbound,35,8762612.790000001,cross_border_payments
E20,FY2024,Unknown,inbound,2,357531.31,cross_border_payments
E20,FY2024,Unknown,outbound,3,260972.32,cross_border_payments
E20,FY2025,Brazil,inbound,39,6208963.649999999,cross_border_payments
E20,FY2025,Brazil,outbound,35,6699165.95,cross_border_payments
E20,FY2025,China,inbound,25,6227232.05,cross_border_payments
E20,FY2025,China,outbound,38,7254403.33,cross_border_payments
E20,FY2025,Germany,inbound,23,5457627.23,cross_border_payments
E20,FY2025,Germany,outbound,37,5173636.97,cross_border_payments
E20,FY2025,India,inbound,29,3709666.91,cross_border_payments
E20,FY2025,India,outbound,27,7292728.23,cross_border_payments
E20,FY2025,Japan,inbound,24,4230587.79,cross_border_payments
E20,FY2025,Japan,outbound,32,11833182.53,cross_border_payments
E20,FY2025,Netherlands,inbound,35,8052631.26,cross_border_payments
E20,FY2025,Netherlands,outbound,27,3818700.91,cross_border_payments
E20,FY2025,Switzerland,inbound,21,7106719.9,cross_border_payments
E20,FY2025,Switzerland,outbound,33,6665487.03,cross_border_payments
E20,FY2025,United Arab Emirates,inbound,33,5350970.64,cross_border_payments
E20,FY2025,United Arab Emirates,outbound,27,4750787.35,cross_border_payments
E20,FY2025,United Kingdom,inbound,29,6245741.45,cross_border_payments
E20,FY2025,United Kingdom,outbound,29,6711985.48,cross_border_payments
E20,FY2025,United States,inbound,27,6226932.16,cross_border_payments
E20,FY2025,United States,outbound,29,6849575.7,cross_border_payments
E20,FY2025,Unknown,inbound,5,598579.95,cross_border_payments
E20,FY2025,Unknown,outbound,9,1283096.6199999999,cross_border_payments
E20,FY2026,Brazil,inbound,32,5670987.12,cross_border_payments
E20,FY2026,Brazil,outbound,30,6648175.94,cross_border_payments
E20,FY2026,China,inbound,26,5124212.0,cross_border_payments
E20,FY2026,China,outbound,37,4726088.34,cross_border_payments
E20,FY2026,Germany,inbound,20,2440956.4,cross_border_payments
E20,FY2026,Germany,outbound,34,6437229.26,cross_border_payments
E20,FY2026,India,inbound,35,4145164.44,cross_border_payments
E20,FY2026,India,outbound,27,4526620.7,cross_border_payments
E20,FY2026,Japan,inbound,39,5439622.7299999995,cross_border_payments
E20,FY2026,Japan,outbound,26,4618456.02,cross_border_payments
E20,FY2026,Netherlands,inbound,23,4476676.2,cross_border_payments
E20,FY2026,Netherlands,outbound,25,5571659.55,cross_border_payments
E20,FY2026,Switzerland,inbound,34,5386963.61,cross_border_payments
E20,FY2026,Switzerland,outbound,35,5910117.19,cross_border_payments
E20,FY2026,United Arab Emirates,inbound,30,6903875.54,cross_border_payments
E20,FY2026,United Arab Emirates,outbound,22,3658049.56,cross_border_payments
E20,FY2026,United Kingdom,inbound,33,12984689.12,cross_border_payments
E20,FY2026,United Kingdom,outbound,28,3424819.76,cross_border_payments
E20,FY2026,United States,inbound,25,6318626.41,cross_border_payments
E20,FY2026,United States,outbound,39,6077825.79,cross_border_payments
E20,FY2026,Unknown,inbound,3,436517.8,cross_border_payments
E20,FY2026,Unknown,outbound,4,451817.18,cross_border_payments
E01,FY2024,Brazil,export,21,36962236.57,trade_finance
E01,FY2024,Brazil,import,17,53843174.98,trade_finance
E01,FY2024,China,export,20,40738898.28,trade_finance
E01,FY2024,China,import,31,83651889.68,trade_finance
E01,FY2024,Germany,export,17,36273848.81,trade_finance
E01,FY2024,Germany,import,31,80280414.93,trade_finance
E01,FY2024,India,export,18,62720501.18,trade_finance
E01,FY2024,India,import,25,47671039.06,trade_finance
E01,FY2024,Japan,export,13,15180622.49,trade_finance
E01,FY2024,Japan,import,22,66402592.75,trade_finance
E01,FY2024,Netherlands,export,22,61666006.52,trade_finance
E01,FY2024,Netherlands,import,14,38882665.47,trade_finance
E01,FY2024,Switzerland,export,23,70046509.81,trade_finance
E01,FY2024,Switzerland,import,23,87635800.71,trade_finance
E01,FY2024,United Arab Emirates,export,21,92716802.88,trade_finance
E01,FY2024,United Arab Emirates,import,19,77406225.27,trade_finance
E01,FY2024,United Kingdom,export,19,43753274.18,trade_finance
E01,FY2024,United Kingdom,import,23,92969919.27,trade_finance
E01,FY2024,United States,export,11,29718980.400000002,trade_finance
E01,FY2024,United States,import,23,71514893.95,trade_finance
E01,FY2024,Unknown,export,3,3665180.33,trade_finance
E01,FY2024,Unknown,import,2,10512661.51,trade_finance
E01,FY2025,Brazil,export,20,52103359.95,trade_finance
E01,FY2025,Brazil,import,16,38016362.51,trade_finance
E01,FY2025,China,export,19,98007097.23,trade_finance
E01,FY2025,China,import,23,80299397.22,trade_finance
E01,FY2025,Germany,export,16,37359990.91,trade_finance
E01,FY2025,Germany,import,20,54680400.8,trade_finance
E01,FY2025,India,export,20,67860063.42,trade_finance
E01,FY2025,India,import,29,99999489.51,trade_finance
E01,FY2025,Japan,export,26,48877103.59,trade_finance
E01,FY2025,Japan,import,16,30353195.29,trade_finance
E01,FY2025,Netherlands,export,19,68795972.7,trade_finance
E01,FY2025,Netherlands,import,24,66629047.02,trade_finance
E01,FY2025,Switzerland,export,15,53933227.620000005,trade_finance
E01,FY2025,Switzerland,import,21,53118080.04,trade_finance
E01,FY2025,United Arab Emirates,export,21,107190638.71000001,trade_finance
E01,FY2025,United Arab Emirates,import,21,48533119.65,trade_finance
E01,FY2025,United Kingdom,export,23,98011854.55,trade_finance
E01,FY2025,United Kingdom,import,22,61244906.09,trade_finance
E01,FY2025,United States,export,13,43856913.09,trade_finance
E01,FY2025,United States,import,22,54127761.24,trade_finance
E01,FY2025,Unknown,export,2,1495203.9,trade_finance
E01,FY2025,Unknown,import,10,14213222.05,trade_finance
E01,FY2026,Brazil,export,22,66345859.48,trade_finance
E01,FY2026,Brazil,import,16,29748964.99,trade_finance
E01,FY2026,China,export,22,74906440.73,trade_finance
E01,FY2026,China,import,29,105741950.33,trade_finance
E01,FY2026,Germany,export,18,46906187.01,trade_finance
E01,FY2026,Germany,import,32,91587123.14,trade_finance
E01,FY2026,India,export,23,50868729.98,trade_finance
E01,FY2026,India,import,15,36661061.36,trade_finance
E01,FY2026,Japan,export,17,68007617.00999999,trade_finance
E01,FY2026,Japan,import,33,79952395.57,trade_finance
E01,FY2026,Netherlands,export,25,87826704.32000001,trade_finance
E01,FY2026,Netherlands,import,29,75767174.74,trade_finance
E01,FY2026,Switzerland,export,22,106607175.94,trade_finance
E01,FY2026,Switzerland,import,23,91704291.53999999,trade_finance
E01,FY2026,United Arab Emirates,export,14,62113129.09,trade_finance
E01,FY2026,United Arab Emirates,import,29,58390817.71,trade_finance
E01,FY2026,United Kingdom,export,25,104250844.19,trade_finance
E01,FY2026,United Kingdom,import,24,67832105.17,trade_finance
E01,FY2026,United States,export,25,73564095.92,trade_finance
E01,FY2026,United States,import,20,24996497.32,trade_finance
E01,FY2026,Unknown,export,3,9308970.65,trade_finance
E01,FY2026,Unknown,import,5,31461981.959999997,trade_finance
E02,FY2024,Brazil,export,9,52318603.21,trade_finance
E02,FY2024,Brazil,import,11,79566539.59,trade_finance
E02,FY2024,China,export,9,32474558.439999998,trade_finance
E02,FY2024,China,import,10,60420929.9,trade_finance
E02,FY2024,DRC,export,6,16865349.98,trade_finance
E02,FY2024,DRC,import,2,5925263.62,trade_finance
E02,FY2024,Germany,export,13,76033180.38,trade_finance
E02,FY2024,Germany,import,6,26427035.26,trade_finance
E02,FY2024,Ghana,export,5,20921529.34,trade_finance
E02,FY2024,Ghana,import,6,17184644.66,trade_finance
E02,FY2024,India,export,6,12234081.57,trade_finance
E02,FY2024,India,import,13,50312200.12,trade_finance
E02,FY2024,Japan,export,4,7609032.9,trade_finance
E02,FY2024,Japan,import,6,18834179.16,trade_finance
E02,FY2024,Kenya,export,4,16949024.46,trade_finance
E02,FY2024,Kenya,import,4,33079979.34,trade_finance
E02,FY2024,Netherlands,export,6,18187577.2,trade_finance
E02,FY2024,Netherlands,import,12,111510857.94000001,trade_finance
E02,FY2024,Nigeria,export,3,20390620.21,trade_finance
E02,FY2024,Nigeria,import,3,14063614.049999999,trade_finance
E02,FY2024,Switzerland,export,12,39376797.12,trade_finance
E02,FY2024,Switzerland,import,15,40912620.33,trade_finance
E02,FY2024,United Arab Emirates,export,6,22834677.81,trade_finance
E02,FY2024,United Arab Emirates,import,9,41260529.75,trade_finance
E02,FY2024,United Kingdom,export,8,18432476.88,trade_finance
E02,FY2024,United Kingdom,import,10,36374144.83,trade_finance
E02,FY2024,United States,export,10,47464253.58,trade_finance
E02,FY2024,United States,import,20,73205072.18,trade_finance
E02,FY2024,Unknown,export,3,4505611.2700000005,trade_finance
E02,FY2024,Unknown,import,2,1840870.07,trade_finance
E02,FY2024,Zambia,export,6,19191249.41,trade_finance
E02,FY2024,Zambia,import,11,43181750.76,trade_finance
E02,FY2025,Brazil,export,12,54133744.99,trade_finance
E02,FY2025,Brazil,import,12,75888296.96,trade_finance
E02,FY2025,China,export,7,22559907.27,trade_finance
E02,FY2025,China,import,10,12739363.82,trade_finance
E02,FY2025,DRC,export,3,6368578.9399999995,trade_finance
E02,FY2025,DRC,import,5,9132927.879999999,trade_finance
E02,FY2025,Germany,export,12,47808902.93,trade_finance
E02,FY2025,Germany,import,11,48547499.28,trade_finance
E02,FY2025,Ghana,export,2,2137881.21,trade_finance
E02,FY2025,Ghana,import,13,49273987.25,trade_finance
E02,FY2025,India,export,9,37092864.08,trade_finance
E02,FY2025,India,import,8,47334939.21,trade_finance
E02,FY2025,Japan,export,4,12176394.44,trade_finance
E02,FY2025,Japan,import,10,20612629.34,trade_finance
E02,FY2025,Kenya,export,4,28693140.73,trade_finance
E02,FY2025,Kenya,import,5,20372219.78,trade_finance
E02,FY2025,Netherlands,export,9,38779202.53,trade_finance
E02,FY2025,Netherlands,import,5,13533541.19,trade_finance
E02,FY2025,Nigeria,export,12,56899461.43,trade_finance
E02,FY2025,Nigeria,import,9,17688990.869999997,trade_finance
E02,FY2025,Switzerland,export,9,39976097.07,trade_finance
E02,FY2025,Switzerland,import,8,32138848.119999997,trade_finance
E02,FY2025,United Arab Emirates,export,4,22980639.380000003,trade_finance
E02,FY2025,United Arab Emirates,import,8,16731568.1,trade_finance
E02,FY2025,United Kingdom,export,8,12616400.16,trade_finance
E02,FY2025,United Kingdom,import,10,62623223.019999996,trade_finance
E02,FY2025,United States,export,9,48586476.93,trade_finance
E02,FY2025,United States,import,10,42030893.76,trade_finance
E02,FY2025,Unknown,export,2,10656812.489999998,trade_finance
E02,FY2025,Unknown,import,2,10600363.05,trade_finance
E02,FY2025,Zambia,export,6,24085017.33,trade_finance
E02,FY2025,Zambia,import,7,22359066.93,trade_finance
E02,FY2026,Brazil,export,8,35990926.14,trade_finance
E02,FY2026,Brazil,import,12,20713843.62,trade_finance
E02,FY2026,China,export,11,52826235.18,trade_finance
E02,FY2026,China,import,6,13616508.68,trade_finance
E02,FY2026,DRC,export,11,80670054.2,trade_finance
E02,FY2026,DRC,import,6,32681942.020000003,trade_finance
E02,FY2026,Germany,export,7,26514140.75,trade_finance
E02,FY2026,Germany,import,7,11313359.989999998,trade_finance
E02,FY2026,Ghana,export,9,42064227.06,trade_finance
E02,FY2026,Ghana,import,5,17902404.68,trade_finance
E02,FY2026,India,export,4,17578813.34,trade_finance
E02,FY2026,India,import,5,11550596.629999999,trade_finance
E02,FY2026,Japan,export,6,19333042.91,trade_finance
E02,FY2026,Japan,import,10,41981156.5,trade_finance
E02,FY2026,Kenya,export,8,63878814.73,trade_finance
E02,FY2026,Kenya,import,5,28562483.7,trade_finance
E02,FY2026,Netherlands,export,6,35516536.580000006,trade_finance
E02,FY2026,Netherlands,import,15,47004689.22,trade_finance
E02,FY2026,Nigeria,export,9,65294864.34,trade_finance
E02,FY2026,Nigeria,import,6,13187167.94,trade_finance
E02,FY2026,Switzerland,export,7,33665320.9,trade_finance
E02,FY2026,Switzerland,import,12,27396476.16,trade_finance
E02,FY2026,United Arab Emirates,export,4,39083917.260000005,trade_finance
E02,FY2026,United Arab Emirates,import,12,83872774.78,trade_finance
E02,FY2026,United Kingdom,export,5,19617376.15,trade_finance
E02,FY2026,United Kingdom,import,7,28808388.84,trade_finance
E02,FY2026,United States,export,6,37885313.96,trade_finance
E02,FY2026,United States,import,11,58643906.21,trade_finance
E02,FY2026,Unknown,export,2,4832290.9,trade_finance
E02,FY2026,Unknown,import,2,4009314.77,trade_finance
E02,FY2026,Zambia,export,10,34604719.76,trade_finance
E02,FY2026,Zambia,import,8,34471967.95,trade_finance
E03,FY2024,Botswana,export,6,22375172.29,trade_finance
E03,FY2024,Botswana,import,11,10570748.83,trade_finance
E03,FY2024,Brazil,export,18,18172357.1,trade_finance
E03,FY2024,Brazil,import,14,30578560.27,trade_finance
E03,FY2024,China,export,14,31892349.45,trade_finance
E03,FY2024,China,import,13,22847088.599999998,trade_finance
E03,FY2024,Germany,export,17,27328218.57,trade_finance
E03,FY2024,Germany,import,21,34670209.62,trade_finance
E03,FY2024,Ghana,export,5,8571314.93,trade_finance
E03,FY2024,Ghana,import,10,8244793.04,trade_finance
E03,FY2024,India,export,10,18750269.56,trade_finance
E03,FY2024,India,import,24,68239035.16,trade_finance
E03,FY2024,Japan,export,5,15025177.52,trade_finance
E03,FY2024,Japan,import,25,67332702.11,trade_finance
E03,FY2024,Kenya,export,5,7327447.77,trade_finance
E03,FY2024,Kenya,import,14,27467946.46,trade_finance
E03,FY2024,Namibia,export,13,35716023.23,trade_finance
E03,FY2024,Namibia,import,8,43958016.78,trade_finance
E03,FY2024,Netherlands,export,16,34360856.09,trade_finance
E03,FY2024,Netherlands,import,14,29609347.0,trade_finance
E03,FY2024,Nigeria,export,15,17619575.13,trade_finance
E03,FY2024,Nigeria,import,8,14131581.85,trade_finance
E03,FY2024,Switzerland,export,12,31259215.07,trade_finance
E03,FY2024,Switzerland,import,15,44369193.7,trade_finance
E03,FY2024,United Arab Emirates,export,17,46290541.54,trade_finance
E03,FY2024,United Arab Emirates,import,13,29787007.25,trade_finance
E03,FY2024,United Kingdom,export,15,19339565.96,trade_finance
E03,FY2024,United Kingdom,import,15,59286455.94,trade_finance
E03,FY2024,United States,export,7,10516357.21,trade_finance
E03,FY2024,United States,import,20,30512818.55,trade_finance
E03,FY2024,Unknown,export,2,8118546.4399999995,trade_finance
E03,FY2024,Zambia,export,13,28328459.02,trade_finance
E03,FY2024,Zambia,import,9,10388267.059999999,trade_finance
E03,FY2025,Botswana,export,4,6002686.23,trade_finance
E03,FY2025,Botswana,import,5,7534581.959999999,trade_finance
E03,FY2025,Brazil,export,12,13552505.79,trade_finance
E03,FY2025,Brazil,import,15,23857175.32,trade_finance
E03,FY2025,China,export,13,39176518.64,trade_finance
E03,FY2025,China,import,14,35726919.15,trade_finance
E03,FY2025,Germany,export,13,12542333.05,trade_finance
E03,FY2025,Germany,import,10,68041327.94,trade_finance
E03,FY2025,Ghana,export,6,11669864.59,trade_finance
E03,FY2025,Ghana,import,11,21590541.55,trade_finance
E03,FY2025,India,export,9,26491375.08,trade_finance
E03,FY2025,India,import,20,57738731.89,trade_finance
E03,FY2025,Japan,export,15,28089347.63,trade_finance
E03,FY2025,Japan,import,15,33052822.85,trade_finance
E03,FY2025,Kenya,export,9,30969751.380000003,trade_finance
E03,FY2025,Kenya,import,6,15961802.48,trade_finance
E03,FY2025,Namibia,export,5,6281511.35,trade_finance
E03,FY2025,Namibia,import,5,18892243.6,trade_finance
E03,FY2025,Netherlands,export,12,24648302.15,trade_finance
E03,FY2025,Netherlands,import,10,15362230.45,trade_finance
E03,FY2025,Nigeria,export,4,8518180.11,trade_finance
E03,FY2025,Nigeria,import,9,15935915.21,trade_finance
E03,FY2025,Switzerland,export,6,15763022.86,trade_finance
E03,FY2025,Switzerland,import,16,46860937.73,trade_finance
E03,FY2025,United Arab Emirates,export,10,25594076.19,trade_finance
E03,FY2025,United Arab Emirates,import,15,54121919.3,trade_finance
E03,FY2025,United Kingdom,export,9,17102805.8,trade_finance
E03,FY2025,United Kingdom,import,6,5567811.9,trade_finance
E03,FY2025,United States,export,17,48394776.11,trade_finance
E03,FY2025,United States,import,16,36438158.81,trade_finance
E03,FY2025,Unknown,import,3,6302575.73,trade_finance
E03,FY2025,Zambia,export,4,3301566.39,trade_finance
E03,FY2025,Zambia,import,6,11167344.790000001,trade_finance
E03,FY2026,Botswana,export,7,6811090.59,trade_finance
E03,FY2026,Botswana,import,9,14547831.85,trade_finance
E03,FY2026,Brazil,export,7,8579771.040000001,trade_finance
E03,FY2026,Brazil,import,12,35058500.37,trade_finance
E03,FY2026,China,export,7,17560845.22,trade_finance
E03,FY2026,China,import,17,22436291.61,trade_finance
E03,FY2026,Germany,export,6,9084803.8,trade_finance
E03,FY2026,Germany,import,10,15284372.83,trade_finance
E03,FY2026,Ghana,export,9,25948044.39,trade_finance
E03,FY2026,Ghana,import,10,20747951.32,trade_finance
E03,FY2026,India,export,13,10476467.959999999,trade_finance
E03,FY2026,India,import,12,19042627.279999997,trade_finance
E03,FY2026,Japan,export,9,21822382.97,trade_finance
E03,FY2026,Japan,import,11,13087605.120000001,trade_finance
E03,FY2026,Kenya,export,8,10646449.92,trade_finance
E03,FY2026,Kenya,import,8,18633099.77,trade_finance
E03,FY2026,Namibia,export,7,21075300.18,trade_finance
E03,FY2026,Namibia,import,15,37829554.87,trade_finance
E03,FY2026,Netherlands,export,9,30932259.23,trade_finance
E03,FY2026,Netherlands,import,9,24046163.400000002,trade_finance
E03,FY2026,Nigeria,export,3,2271388.92,trade_finance
E03,FY2026,Nigeria,import,5,5959645.16,trade_finance
E03,FY2026,Switzerland,export,9,14568988.450000001,trade_finance
E03,FY2026,Switzerland,import,12,20618176.21,trade_finance
E03,FY2026,United Arab Emirates,export,8,13336022.040000001,trade_finance
E03,FY2026,United Arab Emirates,import,14,43796533.410000004,trade_finance
E03,FY2026,United Kingdom,export,5,10730698.47,trade_finance
E03,FY2026,United Kingdom,import,11,61905685.0,trade_finance
E03,FY2026,United States,export,9,22937735.12,trade_finance
E03,FY2026,United States,import,13,23999580.22,trade_finance
E03,FY2026,Unknown,export,2,1493724.93,trade_finance
E03,FY2026,Unknown,import,2,1419629.98,trade_finance
E03,FY2026,Zambia,export,10,17020499.16,trade_finance
E03,FY2026,Zambia,import,7,8306906.79,trade_finance
E04,FY2024,Brazil,export,8,15834906.0,trade_finance
E04,FY2024,Brazil,import,13,13070488.120000001,trade_finance
E04,FY2024,China,export,13,25542263.15,trade_finance
E04,FY2024,China,import,8,8534345.81,trade_finance
E04,FY2024,DRC,export,5,2088746.69,trade_finance
E04,FY2024,DRC,import,3,3343594.0200000005,trade_finance
E04,FY2024,Egypt,export,2,1488166.6099999999,trade_finance
E04,FY2024,Egypt,import,3,8500119.53,trade_finance
E04,FY2024,Germany,export,13,21017054.98,trade_finance
E04,FY2024,Germany,import,8,23494013.06,trade_finance
E04,FY2024,Ghana,export,8,5421062.38,trade_finance
E04,FY2024,Ghana,import,8,16271743.33,trade_finance
E04,FY2024,Guinea,export,5,7345943.710000001,trade_finance
E04,FY2024,Guinea,import,10,10700686.82,trade_finance
E04,FY2024,India,export,12,14970317.79,trade_finance
E04,FY2024,India,import,17,29655826.8,trade_finance
E04,FY2024,Japan,export,6,1883014.75,trade_finance
E04,FY2024,Japan,import,13,15652515.15,trade_finance
E04,FY2024,Kenya,export,3,2832241.41,trade_finance
E04,FY2024,Kenya,import,4,6325142.93,trade_finance
E04,FY2024,Netherlands,export,8,22207183.21,trade_finance
E04,FY2024,Netherlands,import,11,12541387.040000001,trade_finance
E04,FY2024,Nigeria,export,6,4637899.49,trade_finance
E04,FY2024,Nigeria,import,7,6079132.84,trade_finance
E04,FY2024,Switzerland,export,7,19811470.91,trade_finance
E04,FY2024,Switzerland,import,8,19775157.28,trade_finance
E04,FY2024,Tanzania,export,2,3526722.5,trade_finance
E04,FY2024,Tanzania,import,3,307253.73,trade_finance
E04,FY2024,United Arab Emirates,export,10,15773132.049999999,trade_finance
E04,FY2024,United Arab Emirates,import,8,8607877.4,trade_finance
E04,FY2024,United Kingdom,export,7,14980785.8,trade_finance
E04,FY2024,United Kingdom,import,13,13723609.86,trade_finance
E04,FY2024,United States,export,8,13870796.85,trade_finance
E04,FY2024,United States,import,10,19484015.81,trade_finance
E04,FY2024,Unknown,export,2,1097381.27,trade_finance
E04,FY2024,Unknown,import,1,364788.83,trade_finance
E04,FY2024,Zambia,export,3,2459724.94,trade_finance
E04,FY2024,Zambia,import,7,19882258.32,trade_finance
E04,FY2025,Brazil,export,5,5567141.75,trade_finance
E04,FY2025,Brazil,import,13,42936503.690000005,trade_finance
E04,FY2025,China,export,6,3420206.1500000004,trade_finance
E04,FY2025,China,import,10,13755438.76,trade_finance
E04,FY2025,DRC,export,3,8043663.99,trade_finance
E04,FY2025,DRC,import,3,1614942.19,trade_finance
E04,FY2025,Egypt,export,2,7785060.0600000005,trade_finance
E04,FY2025,Egypt,import,4,8279757.87,trade_finance
E04,FY2025,Germany,export,11,21541567.68,trade_finance
E04,FY2025,Germany,import,8,11166863.94,trade_finance
E04,FY2025,Ghana,export,12,25839513.36,trade_finance
E04,FY2025,Ghana,import,10,11390171.69,trade_finance
E04,FY2025,Guinea,export,8,8844596.04,trade_finance
E04,FY2025,Guinea,import,5,2927746.7899999996,trade_finance
E04,FY2025,India,export,13,36243295.870000005,trade_finance
E04,FY2025,India,import,6,7210020.19,trade_finance
E04,FY2025,Japan,export,13,22281828.09,trade_finance
E04,FY2025,Japan,import,12,21831872.52,trade_finance
E04,FY2025,Kenya,export,6,10464638.93,trade_finance
E04,FY2025,Kenya,import,4,14860840.08,trade_finance
E04,FY2025,Netherlands,export,10,15325809.780000001,trade_finance
E04,FY2025,Netherlands,import,13,21190696.990000002,trade_finance
E04,FY2025,Nigeria,export,2,2671198.0900000003,trade_finance
E04,FY2025,Nigeria,import,8,17827509.310000002,trade_finance
E04,FY2025,Switzerland,export,6,8840542.02,trade_finance
E04,FY2025,Switzerland,import,7,11136263.58,trade_finance
E04,FY2025,Tanzania,import,7,14511669.68,trade_finance
E04,FY2025,United Arab Emirates,export,10,14546976.37,trade_finance
E04,FY2025,United Arab Emirates,import,14,11580305.6,trade_finance
E04,FY2025,United Kingdom,export,14,15085555.35,trade_finance
E04,FY2025,United Kingdom,import,8,6295109.12,trade_finance
E04,FY2025,United States,export,7,12064647.01,trade_finance
E04,FY2025,United States,import,4,5148715.26,trade_finance
E04,FY2025,Unknown,import,2,1077059.6099999999,trade_finance
E04,FY2025,Zambia,export,3,1298547.19,trade_finance
E04,FY2025,Zambia,import,5,2962767.31,trade_finance
E04,FY2026,Brazil,export,8,8150417.64,trade_finance
E04,FY2026,Brazil,import,10,25053252.59,trade_finance
E04,FY2026,China,export,5,4582648.62,trade_finance
E04,FY2026,China,import,10,20689695.080000002,trade_finance
E04,FY2026,DRC,export,2,6689145.17,trade_finance
E04,FY2026,DRC,import,5,3683667.93,trade_finance
E04,FY2026,Egypt,export,7,7324118.779999999,trade_finance
E04,FY2026,Egypt,import,7,17690550.1,trade_finance
E04,FY2026,Germany,export,10,16991990.68,trade_finance
E04,FY2026,Germany,import,11,9821809.17,trade_finance
E04,FY2026,Ghana,export,11,18188372.9,trade_finance
E04,FY2026,Ghana,import,17,15160957.16,trade_finance
E04,FY2026,Guinea,export,6,17945038.27,trade_finance
E04,FY2026,Guinea,import,5,12132688.45,trade_finance
E04,FY2026,India,export,11,12980608.09,trade_finance
E04,FY2026,India,import,16,28729291.87,trade_finance
E04,FY2026,Japan,export,9,28506106.689999998,trade_finance
E04,FY2026,Japan,import,10,15527065.219999999,trade_finance
E04,FY2026,Kenya,export,9,14163164.85,trade_finance
E04,FY2026,Kenya,import,5,5281621.22,trade_finance
E04,FY2026,Netherlands,export,11,15085377.29,trade_finance
E04,FY2026,Netherlands,import,7,13912194.67,trade_finance
E04,FY2026,Nigeria,export,6,17531685.12,trade_finance
E04,FY2026,Nigeria,import,4,7776614.04,trade_finance
E04,FY2026,Switzerland,export,13,18051945.56,trade_finance
E04,FY2026,Switzerland,import,10,9998279.42,trade_finance
E04,FY2026,Tanzania,export,5,10852769.19,trade_finance
E04,FY2026,Tanzania,import,6,4322284.89,trade_finance
E04,FY2026,United Arab Emirates,export,7,9584758.44,trade_finance
E04,FY2026,United Arab Emirates,import,11,35334787.31,trade_finance
E04,FY2026,United Kingdom,export,15,25090206.48,trade_finance
E04,FY2026,United Kingdom,import,7,9369284.36,trade_finance
E04,FY2026,United States,export,10,16427864.58,trade_finance
E04,FY2026,United States,import,6,19037432.73,trade_finance
E04,FY2026,Unknown,export,1,1898231.55,trade_finance
E04,FY2026,Unknown,import,3,4536319.71,trade_finance
E04,FY2026,Zambia,export,1,168371.14,trade_finance
E04,FY2026,Zambia,import,8,7423238.529999999,trade_finance
E05,FY2024,Brazil,export,8,19058996.51,trade_finance
E05,FY2024,Brazil,import,10,9663939.24,trade_finance
E05,FY2024,China,export,6,6331178.96,trade_finance
E05,FY2024,China,import,11,26900174.29,trade_finance
E05,FY2024,Germany,export,14,19249408.26,trade_finance
E05,FY2024,Germany,import,14,28474421.27,trade_finance
E05,FY2024,Ghana,export,8,21424287.87,trade_finance
E05,FY2024,Ghana,import,21,47778729.07,trade_finance
E05,FY2024,India,export,9,12182366.3,trade_finance
E05,FY2024,India,import,10,15205796.22,trade_finance
E05,FY2024,Japan,export,7,13048929.64,trade_finance
E05,FY2024,Japan,import,11,15800682.47,trade_finance
E05,FY2024,Kenya,export,5,17455057.67,trade_finance
E05,FY2024,Kenya,import,11,24868715.48,trade_finance
E05,FY2024,Netherlands,export,11,22840345.200000003,trade_finance
E05,FY2024,Netherlands,import,13,22796649.52,trade_finance
E05,FY2024,Nigeria,export,11,16312258.760000002,trade_finance
E05,FY2024,Nigeria,import,17,36749668.3,trade_finance
E05,FY2024,Switzerland,export,8,4759466.29,trade_finance
E05,FY2024,Switzerland,import,16,29687860.03,trade_finance
E05,FY2024,United Arab Emirates,export,4,8001329.24,trade_finance
E05,FY2024,United Arab Emirates,import,15,39827036.919999994,trade_finance
E05,FY2024,United Kingdom,export,12,14799429.879999999,trade_finance
E05,FY2024,United Kingdom,import,12,18114962.66,trade_finance
E05,FY2024,United States,export,7,16619953.149999999,trade_finance
E05,FY2024,United States,import,7,7340892.34,trade_finance
E05,FY2024,Unknown,export,4,3582701.56,trade_finance
E05,FY2024,Unknown,import,3,12059977.19,trade_finance
E05,FY2024,Zambia,export,7,8439601.94,trade_finance
E05,FY2024,Zambia,import,6,8310532.7700000005,trade_finance
E05,FY2025,Brazil,export,14,28172563.060000002,trade_finance
E05,FY2025,Brazil,import,11,15604067.86,trade_finance
E05,FY2025,China,export,6,9718514.67,trade_finance
E05,FY2025,China,import,10,22916111.56,trade_finance
E05,FY2025,Germany,export,9,6480120.1899999995,trade_finance
E05,FY2025,Germany,import,10,14294108.030000001,trade_finance
E05,FY2025,Ghana,export,20,28377965.72,trade_finance
E05,FY2025,Ghana,import,18,20085664.94,trade_finance
E05,FY2025,India,export,5,3209675.04,trade_finance
E05,FY2025,India,import,12,9398325.75,trade_finance
E05,FY2025,Japan,export,8,16832547.7,trade_finance
E05,FY2025,Japan,import,14,33120852.44,trade_finance
E05,FY2025,Kenya,export,10,24605177.89,trade_finance
E05,FY2025,Kenya,import,14,17323914.259999998,trade_finance
E05,FY2025,Netherlands,export,9,17676995.42,trade_finance
E05,FY2025,Netherlands,import,13,22278898.4,trade_finance
E05,FY2025,Nigeria,export,5,3673465.8800000004,trade_finance
E05,FY2025,Nigeria,import,9,21778053.14,trade_finance
E05,FY2025,Switzerland,export,9,10139713.45,trade_finance
E05,FY2025,Switzerland,import,2,2449663.29,trade_finance
E05,FY2025,United Arab Emirates,export,14,21962689.78,trade_finance
E05,FY2025,United Arab Emirates,import,7,7786982.09,trade_finance
E05,FY2025,United Kingdom,export,14,19679992.159999996,trade_finance
E05,FY2025,United Kingdom,import,12,17824650.349999998,trade_finance
E05,FY2025,United States,export,5,6122852.38,trade_finance
E05,FY2025,United States,import,14,13308721.15,trade_finance
E05,FY2025,Unknown,import,1,1622638.32,trade_finance
E05,FY2025,Zambia,export,8,8996454.07,trade_finance
E05,FY2025,Zambia,import,9,12591311.91,trade_finance
E05,FY2026,Brazil,export,10,34194331.160000004,trade_finance
E05,FY2026,Brazil,import,14,48186511.53,trade_finance
E05,FY2026,China,export,8,8622395.03,trade_finance
E05,FY2026,China,import,15,34432897.48,trade_finance
E05,FY2026,Germany,export,8,24559242.29,trade_finance
E05,FY2026,Germany,import,13,12461389.16,trade_finance
E05,FY2026,Ghana,export,13,22781960.490000002,trade_finance
E05,FY2026,Ghana,import,19,41792458.07,trade_finance
E05,FY2026,India,export,10,9869317.71,trade_finance
E05,FY2026,India,import,12,19935963.16,trade_finance
E05,FY2026,Japan,export,11,11815993.450000001,trade_finance
E05,FY2026,Japan,import,14,39711733.57,trade_finance
E05,FY2026,Kenya,export,10,15349651.03,trade_finance
E05,FY2026,Kenya,import,11,15791401.27,trade_finance
E05,FY2026,Netherlands,export,19,65763315.2,trade_finance
E05,FY2026,Netherlands,import,11,13632099.58,trade_finance
E05,FY2026,Nigeria,export,10,28470940.75,trade_finance
E05,FY2026,Nigeria,import,15,21230905.07,trade_finance
E05,FY2026,Switzerland,export,13,15816565.8,trade_finance
E05,FY2026,Switzerland,import,14,26577026.39,trade_finance
E05,FY2026,United Arab Emirates,export,9,53371341.940000005,trade_finance
E05,FY2026,United Arab Emirates,import,9,10145580.84,trade_finance
E05,FY2026,United Kingdom,export,10,17635620.98,trade_finance
E05,FY2026,United Kingdom,import,18,20859074.91,trade_finance
E05,FY2026,United States,export,9,12772756.309999999,trade_finance
E05,FY2026,United States,import,7,4972680.7,trade_finance
E05,FY2026,Unknown,export,2,1744034.25,trade_finance
E05,FY2026,Unknown,import,1,575672.25,trade_finance
E05,FY2026,Zambia,export,11,23403062.990000002,trade_finance
E05,FY2026,Zambia,import,15,38909828.49,trade_finance
E06,FY2024,Brazil,export,2,1868456.07,trade_finance
E06,FY2024,Brazil,import,3,6777748.09,trade_finance
E06,FY2024,China,export,4,3000724.2800000003,trade_finance
E06,FY2024,China,import,3,10298953.5,trade_finance
E06,FY2024,Germany,export,2,6515705.54,trade_finance
E06,FY2024,Germany,import,3,2057348.31,trade_finance
E06,FY2024,Ghana,import,2,8081323.35,trade_finance
E06,FY2024,India,export,3,1256457.0999999999,trade_finance
E06,FY2024,India,import,2,1407506.0499999998,trade_finance
E06,FY2024,Japan,export,1,1281989.51,trade_finance
E06,FY2024,Japan,import,3,2185438.83,trade_finance
E06,FY2024,Kenya,export,1,1546188.82,trade_finance
E06,FY2024,Netherlands,export,1,770795.55,trade_finance
E06,FY2024,Netherlands,import,1,897149.14,trade_finance
E06,FY2024,Nigeria,export,1,92131.73,trade_finance
E06,FY2024,Nigeria,import,4,8799271.370000001,trade_finance
E06,FY2024,Switzerland,import,1,4195679.7,trade_finance
E06,FY2024,United Arab Emirates,import,1,809404.92,trade_finance
E06,FY2024,United Kingdom,export,2,1534722.68,trade_finance
E06,FY2024,United Kingdom,import,5,7729470.470000001,trade_finance
E06,FY2024,United States,export,2,10089761.73,trade_finance
E06,FY2024,United States,import,6,6913103.82,trade_finance
E06,FY2024,Zambia,export,3,2364351.7,trade_finance
E06,FY2024,Zambia,import,2,978107.89,trade_finance
E06,FY2024,Zimbabwe,export,1,1077282.65,trade_finance
E06,FY2025,Brazil,import,2,4062693.0,trade_finance
E06,FY2025,China,export,2,3218474.66,trade_finance
E06,FY2025,China,import,2,1045504.41,trade_finance
E06,FY2025,Germany,export,2,5586989.34,trade_finance
E06,FY2025,Germany,import,5,9877813.14,trade_finance
E06,FY2025,Ghana,export,2,6829450.99,trade_finance
E06,FY2025,India,import,3,1672434.72,trade_finance
E06,FY2025,Japan,export,4,3027406.07,trade_finance
E06,FY2025,Japan,import,1,409856.25,trade_finance
E06,FY2025,Kenya,export,1,1646772.38,trade_finance
E06,FY2025,Kenya,import,2,1563134.53,trade_finance
E06,FY2025,Netherlands,export,2,1674495.25,trade_finance
E06,FY2025,Netherlands,import,4,5818237.37,trade_finance
E06,FY2025,Nigeria,export,2,290368.62,trade_finance
E06,FY2025,Nigeria,import,4,10028144.190000001,trade_finance
E06,FY2025,Switzerland,export,2,682670.39,trade_finance
E06,FY2025,Switzerland,import,5,11249941.59,trade_finance
E06,FY2025,United Arab Emirates,export,3,7134433.029999999,trade_finance
E06,FY2025,United Arab Emirates,import,8,20602051.709999997,trade_finance
E06,FY2025,United Kingdom,export,5,12835445.16,trade_finance
E06,FY2025,United Kingdom,import,3,9976691.88,trade_finance
E06,FY2025,United States,export,2,1655942.8499999999,trade_finance
E06,FY2025,United States,import,4,6791232.66,trade_finance
E06,FY2025,Unknown,import,1,503202.74,trade_finance
E06,FY2025,Zambia,import,1,1150000.26,trade_finance
E06,FY2025,Zimbabwe,export,3,2276871.5,trade_finance
E06,FY2026,Brazil,export,2,651656.12,trade_finance
E06,FY2026,Brazil,import,1,226692.45,trade_finance
E06,FY2026,China,export,3,5769572.17,trade_finance
E06,FY2026,China,import,4,20857128.59,trade_finance
E06,FY2026,Germany,export,3,13390635.33,trade_finance
E06,FY2026,Germany,import,5,7370604.579999999,trade_finance
E06,FY2026,Ghana,export,1,622984.7,trade_finance
E06,FY2026,Ghana,import,3,1869928.22,trade_finance
E06,FY2026,Japan,export,1,664877.59,trade_finance
E06,FY2026,Japan,import,3,3591576.9400000004,trade_finance
E06,FY2026,Kenya,export,1,1254430.88,trade_finance
E06,FY2026,Netherlands,export,1,712373.77,trade_finance
E06,FY2026,Netherlands,import,1,556892.33,trade_finance
E06,FY2026,Nigeria,export,4,1132555.97,trade_finance
E06,FY2026,Nigeria,import,3,3510386.63,trade_finance
E06,FY2026,Switzerland,export,5,10084382.76,trade_finance
E06,FY2026,Switzerland,import,3,4206971.1,trade_finance
E06,FY2026,United Arab Emirates,import,4,7923179.48,trade_finance
E06,FY2026,United Kingdom,export,3,767936.47,trade_finance
E06,FY2026,United Kingdom,import,3,2481813.97,trade_finance
E06,FY2026,United States,export,3,6972766.720000001,trade_finance
E06,FY2026,United States,import,1,844582.62,trade_finance
E06,FY2026,Unknown,import,1,2179944.33,trade_finance
E06,FY2026,Zambia,export,1,5603909.1,trade_finance
E06,FY2026,Zambia,import,6,6280702.88,trade_finance
E06,FY2026,Zimbabwe,export,3,4998229.01,trade_finance
E06,FY2026,Zimbabwe,import,1,851605.52,trade_finance
E07,FY2024,Brazil,export,3,1128631.04,trade_finance
E07,FY2024,Brazil,import,1,215177.26,trade_finance
E07,FY2024,China,import,1,735467.22,trade_finance
E07,FY2024,Germany,export,1,680146.43,trade_finance
E07,FY2024,Germany,import,4,4872354.350000001,trade_finance
E07,FY2024,India,export,1,161493.24,trade_finance
E07,FY2024,India,import,3,1356209.5099999998,trade_finance
E07,FY2024,Japan,export,3,3787115.46,trade_finance
E07,FY2024,Japan,import,3,2116763.26,trade_finance
E07,FY2024,Netherlands,export,3,2570394.6799999997,trade_finance
E07,FY2024,Switzerland,import,4,4660490.41,trade_finance
E07,FY2024,United Arab Emirates,export,3,1310987.1300000001,trade_finance
E07,FY2024,United Kingdom,export,2,3411231.86,trade_finance
E07,FY2024,United Kingdom,import,5,7289711.3,trade_finance
E07,FY2024,United States,export,3,3609463.2,trade_finance
E07,FY2024,United States,import,1,190792.7,trade_finance
E07,FY2024,Unknown,export,1,1507659.6,trade_finance
E07,FY2025,Brazil,export,3,1069587.71,trade_finance
E07,FY2025,Brazil,import,3,740124.09,trade_finance
E07,FY2025,China,export,2,692423.29,trade_finance
E07,FY2025,China,import,3,20261711.419999998,trade_finance
E07,FY2025,Germany,export,2,339391.07999999996,trade_finance
E07,FY2025,Germany,import,4,7108372.6,trade_finance
E07,FY2025,India,export,5,3909475.23,trade_finance
E07,FY2025,India,import,5,2212587.91,trade_finance
E07,FY2025,Japan,export,1,622439.74,trade_finance
E07,FY2025,Japan,import,4,4428496.97,trade_finance
E07,FY2025,Netherlands,export,1,146991.06,trade_finance
E07,FY2025,Netherlands,import,1,176387.49,trade_finance
E07,FY2025,Switzerland,export,3,5505084.47,trade_finance
E07,FY2025,United Arab Emirates,export,3,3049527.46,trade_finance
E07,FY2025,United Arab Emirates,import,4,5354619.4399999995,trade_finance
E07,FY2025,United Kingdom,export,3,10329269.82,trade_finance
E07,FY2025,United Kingdom,import,3,4464549.15,trade_finance
E07,FY2025,United States,export,7,7299505.36,trade_finance
E07,FY2025,United States,import,6,6415361.31,trade_finance
E07,FY2026,Brazil,export,2,995241.4299999999,trade_finance
E07,FY2026,Brazil,import,4,5176612.130000001,trade_finance
E07,FY2026,China,export,4,2351852.3200000003,trade_finance
E07,FY2026,China,import,5,1544804.17,trade_finance
E07,FY2026,Germany,export,6,8255045.52,trade_finance
E07,FY2026,Germany,import,3,3711151.03,trade_finance
E07,FY2026,India,export,2,2964088.2800000003,trade_finance
E07,FY2026,India,import,4,3519597.13,trade_finance
E07,FY2026,Japan,export,5,3571924.04,trade_finance
E07,FY2026,Japan,import,5,2676660.07,trade_finance
E07,FY2026,Netherlands,export,3,1579229.85,trade_finance
E07,FY2026,Netherlands,import,6,7937287.38,trade_finance
E07,FY2026,Switzerland,export,5,3654400.88,trade_finance
E07,FY2026,United Arab Emirates,export,3,1002791.8,trade_finance
E07,FY2026,United Arab Emirates,import,6,4915632.31,trade_finance
E07,FY2026,United Kingdom,export,7,6728375.890000001,trade_finance
E07,FY2026,United Kingdom,import,4,5267154.17,trade_finance
E07,FY2026,United States,export,5,7285284.140000001,trade_finance
E07,FY2026,United States,import,6,5167907.37,trade_finance
E07,FY2026,Unknown,export,1,302424.99,trade_finance
E08,FY2024,Angola,export,2,330751.44,trade_finance
E08,FY2024,Angola,import,5,11133604.61,trade_finance
E08,FY2024,Botswana,import,1,12408996.25,trade_finance
E08,FY2024,Brazil,export,6,9018716.56,trade_finance
E08,FY2024,Brazil,import,3,2294963.97,trade_finance
E08,FY2024,China,export,5,15300641.89,trade_finance
E08,FY2024,China,import,6,6313411.06,trade_finance
E08,FY2024,Egypt,import,4,5702709.23,trade_finance
E08,FY2024,Germany,export,8,7466397.99,trade_finance
E08,FY2024,Germany,import,3,4443815.53,trade_finance
E08,FY2024,Ghana,export,3,5853763.800000001,trade_finance
E08,FY2024,Ghana,import,4,4902549.33,trade_finance
E08,FY2024,India,export,5,4637572.140000001,trade_finance
E08,FY2024,India,import,4,2064293.17,trade_finance
E08,FY2024,Japan,export,3,10319341.94,trade_finance
E08,FY2024,Japan,import,6,6441582.53,trade_finance
E08,FY2024,Kenya,export,2,633206.63,trade_finance
E08,FY2024,Kenya,import,5,5190463.95,trade_finance
E08,FY2024,Mauritius,export,2,643584.13,trade_finance
E08,FY2024,Mauritius,import,2,1932523.76,trade_finance
E08,FY2024,Morocco,export,4,17085795.22,trade_finance
E08,FY2024,Morocco,import,4,18435410.3,trade_finance
E08,FY2024,Namibia,export,2,1471380.48,trade_finance
E08,FY2024,Namibia,import,1,630479.13,trade_finance
E08,FY2024,Netherlands,export,3,6039933.35,trade_finance
E08,FY2024,Netherlands,import,8,18362787.2,trade_finance
E08,FY2024,Nigeria,export,1,756569.89,trade_finance
E08,FY2024,Nigeria,import,2,714275.38,trade_finance
E08,FY2024,Switzerland,export,2,1094499.24,trade_finance
E08,FY2024,Switzerland,import,4,5129324.27,trade_finance
E08,FY2024,United Arab Emirates,export,3,8187855.789999999,trade_finance
E08,FY2024,United Arab Emirates,import,3,1383228.38,trade_finance
E08,FY2024,United Kingdom,export,4,9231281.52,trade_finance
E08,FY2024,United Kingdom,import,7,11738300.96,trade_finance
E08,FY2024,United States,export,2,9022067.59,trade_finance
E08,FY2024,United States,import,7,8563389.66,trade_finance
E08,FY2024,Unknown,import,2,875972.8200000001,trade_finance
E08,FY2024,Zambia,export,3,3412845.59,trade_finance
E08,FY2024,Zambia,import,3,6225103.61,trade_finance
E08,FY2025,Angola,export,2,1598879.12,trade_finance
E08,FY2025,Angola,import,2,1441948.2200000002,trade_finance
E08,FY2025,Botswana,export,1,1979142.37,trade_finance
E08,FY2025,Botswana,import,1,1348711.91,trade_finance
E08,FY2025,Brazil,export,6,4926697.7,trade_finance
E08,FY2025,Brazil,import,6,6471290.9399999995,trade_finance
E08,FY2025,China,export,4,6113969.02,trade_finance
E08,FY2025,China,import,1,1371846.17,trade_finance
E08,FY2025,Egypt,export,2,9470720.02,trade_finance
E08,FY2025,Egypt,import,2,3462742.41,trade_finance
E08,FY2025,Germany,export,7,12373297.069999998,trade_finance
E08,FY2025,Germany,import,4,4787855.16,trade_finance
E08,FY2025,Ghana,export,3,1584646.46,trade_finance
E08,FY2025,Ghana,import,3,1051570.95,trade_finance
E08,FY2025,India,export,3,2441366.31,trade_finance
E08,FY2025,India,import,4,4235561.64,trade_finance
E08,FY2025,Japan,export,1,1826656.35,trade_finance
E08,FY2025,Japan,import,9,12475403.15,trade_finance
E08,FY2025,Kenya,import,8,5774933.34,trade_finance
E08,FY2025,Mauritius,import,1,189728.75,trade_finance
E08,FY2025,Morocco,export,1,941802.67,trade_finance
E08,FY2025,Morocco,import,2,3263173.2,trade_finance
E08,FY2025,Namibia,export,1,2523515.27,trade_finance
E08,FY2025,Namibia,import,2,1671238.9500000002,trade_finance
E08,FY2025,Netherlands,export,5,9165541.86,trade_finance
E08,FY2025,Netherlands,import,2,9500701.940000001,trade_finance
E08,FY2025,Nigeria,export,2,9091575.95,trade_finance
E08,FY2025,Nigeria,import,2,1890870.82,trade_finance
E08,FY2025,Switzerland,export,2,1884386.69,trade_finance
E08,FY2025,Switzerland,import,7,8515006.82,trade_finance
E08,FY2025,United Arab Emirates,export,4,11193351.59,trade_finance
E08,FY2025,United Arab Emirates,import,4,10533290.780000001,trade_finance
E08,FY2025,United Kingdom,export,1,6524993.29,trade_finance
E08,FY2025,United Kingdom,import,3,1708637.55,trade_finance
E08,FY2025,United States,export,3,8167326.57,trade_finance
E08,FY2025,United States,import,3,2050829.1600000001,trade_finance
E08,FY2025,Unknown,import,1,1867394.2,trade_finance
E08,FY2025,Zambia,export,2,2190964.2199999997,trade_finance
E08,FY2025,Zambia,import,2,4685574.77,trade_finance
E08,FY2026,Angola,export,2,3817980.3099999996,trade_finance
E08,FY2026,Angola,import,2,2459361.1799999997,trade_finance
E08,FY2026,Botswana,export,1,462388.6,trade_finance
E08,FY2026,Botswana,import,1,136448.56,trade_finance
E08,FY2026,Brazil,export,1,211529.13,trade_finance
E08,FY2026,Brazil,import,3,1997383.17,trade_finance
E08,FY2026,China,export,2,1043628.45,trade_finance
E08,FY2026,China,import,1,5728318.35,trade_finance
E08,FY2026,Egypt,export,1,5979324.78,trade_finance
E08,FY2026,Germany,import,8,10936378.34,trade_finance
E08,FY2026,Ghana,export,1,13195085.0,trade_finance
E08,FY2026,Ghana,import,1,4493583.45,trade_finance
E08,FY2026,India,export,1,1221847.77,trade_finance
E08,FY2026,India,import,5,10376297.39,trade_finance
E08,FY2026,Japan,export,6,8287080.94,trade_finance
E08,FY2026,Japan,import,5,3358154.37,trade_finance
E08,FY2026,Kenya,export,2,5795938.0200000005,trade_finance
E08,FY2026,Kenya,import,3,3888023.44,trade_finance
E08,FY2026,Mauritius,import,1,454711.54,trade_finance
E08,FY2026,Morocco,import,1,11364918.71,trade_finance
E08,FY2026,Namibia,export,2,1536418.26,trade_finance
E08,FY2026,Namibia,import,2,3020835.22,trade_finance
E08,FY2026,Netherlands,export,3,1853820.55,trade_finance
E08,FY2026,Netherlands,import,5,3647063.0100000002,trade_finance
E08,FY2026,Nigeria,export,3,2735556.24,trade_finance
E08,FY2026,Nigeria,import,1,1847621.72,trade_finance
E08,FY2026,Switzerland,export,5,4520112.81,trade_finance
E08,FY2026,Switzerland,import,4,6359262.8100000005,trade_finance
E08,FY2026,United Arab Emirates,export,7,9975168.19,trade_finance
E08,FY2026,United Arab Emirates,import,1,161440.12,trade_finance
E08,FY2026,United Kingdom,export,2,1639764.77,trade_finance
E08,FY2026,United Kingdom,import,2,5498192.14,trade_finance
E08,FY2026,United States,export,1,74550.26,trade_finance
E08,FY2026,United States,import,6,1896331.1800000002,trade_finance
E08,FY2026,Zambia,export,6,10642911.58,trade_finance
E08,FY2026,Zambia,import,1,1718792.04,trade_finance
E09,FY2024,Angola,export,6,15580594.250000002,trade_finance
E09,FY2024,Angola,import,10,9879733.32,trade_finance
E09,FY2024,Botswana,export,9,13272018.77,trade_finance
E09,FY2024,Botswana,import,8,9243277.95,trade_finance
E09,FY2024,Brazil,export,13,13802298.86,trade_finance
E09,FY2024,Brazil,import,27,43146496.12,trade_finance
E09,FY2024,China,export,14,39297733.96,trade_finance
E09,FY2024,China,import,22,34381952.05,trade_finance
E09,FY2024,Eswatini,export,6,15546736.92,trade_finance
E09,FY2024,Eswatini,import,15,31600160.990000002,trade_finance
E09,FY2024,Germany,export,16,21359938.23,trade_finance
E09,FY2024,Germany,import,31,54557540.61,trade_finance
E09,FY2024,Ghana,export,12,34881695.35,trade_finance
E09,FY2024,Ghana,import,22,42946913.32,trade_finance
E09,FY2024,India,export,18,39375151.339999996,trade_finance
E09,FY2024,India,import,24,33508683.95,trade_finance
E09,FY2024,Japan,export,13,17440772.14,trade_finance
E09,FY2024,Japan,import,21,38012582.4,trade_finance
E09,FY2024,Kenya,export,11,20615265.810000002,trade_finance
E09,FY2024,Kenya,import,9,19116433.36,trade_finance
E09,FY2024,Lesotho,export,4,6672346.83,trade_finance
E09,FY2024,Lesotho,import,7,10307352.11,trade_finance
E09,FY2024,Malawi,export,8,11354729.0,trade_finance
E09,FY2024,Malawi,import,10,22847326.72,trade_finance
E09,FY2024,Mozambique,export,10,16937370.75,trade_finance
E09,FY2024,Mozambique,import,8,17950330.61,trade_finance
E09,FY2024,Namibia,export,10,14988907.82,trade_finance
E09,FY2024,Namibia,import,10,18288559.15,trade_finance
E09,FY2024,Netherlands,export,18,22392317.39,trade_finance
E09,FY2024,Netherlands,import,30,50080758.48,trade_finance
E09,FY2024,Nigeria,export,12,26113484.38,trade_finance
E09,FY2024,Nigeria,import,6,16386142.61,trade_finance
E09,FY2024,Switzerland,export,15,14545719.65,trade_finance
E09,FY2024,Switzerland,import,31,71745584.55,trade_finance
E09,FY2024,United Arab Emirates,export,23,48898710.56,trade_finance
E09,FY2024,United Arab Emirates,import,37,53387566.88,trade_finance
E09,FY2024,United Kingdom,export,17,29906063.009999998,trade_finance
E09,FY2024,United Kingdom,import,26,31636235.13,trade_finance
E09,FY2024,United States,export,21,42627671.97,trade_finance
E09,FY2024,United States,import,28,57122912.27,trade_finance
E09,FY2024,Unknown,export,4,3864279.38,trade_finance
E09,FY2024,Unknown,import,8,21609567.599999998,trade_finance
E09,FY2024,Zambia,export,16,25673220.64,trade_finance
E09,FY2024,Zambia,import,25,50391028.91,trade_finance
E09,FY2025,Angola,export,5,27070327.63,trade_finance
E09,FY2025,Angola,import,6,16834637.29,trade_finance
E09,FY2025,Botswana,export,8,10915357.32,trade_finance
E09,FY2025,Botswana,import,11,19635119.31,trade_finance
E09,FY2025,Brazil,export,32,79256939.86,trade_finance
E09,FY2025,Brazil,import,31,76941597.72,trade_finance
E09,FY2025,China,export,24,41812853.160000004,trade_finance
E09,FY2025,China,import,26,52576409.589999996,trade_finance
E09,FY2025,Eswatini,export,7,7437047.27,trade_finance
E09,FY2025,Eswatini,import,10,26711782.22,trade_finance
E09,FY2025,Germany,export,15,59817563.95,trade_finance
E09,FY2025,Germany,import,35,62208554.07,trade_finance
E09,FY2025,Ghana,export,20,28895291.97,trade_finance
E09,FY2025,Ghana,import,11,11912880.4,trade_finance
E09,FY2025,India,export,14,27378589.16,trade_finance
E09,FY2025,India,import,24,43290540.28,trade_finance
E09,FY2025,Japan,export,22,26172457.77,trade_finance
E09,FY2025,Japan,import,26,64322151.46,trade_finance
E09,FY2025,Kenya,export,3,2736129.41,trade_finance
E09,FY2025,Kenya,import,12,41231638.199999996,trade_finance
E09,FY2025,Lesotho,export,8,23784394.39,trade_finance
E09,FY2025,Lesotho,import,8,9270125.3,trade_finance
E09,FY2025,Malawi,export,8,11207534.38,trade_finance
E09,FY2025,Malawi,import,3,6881610.52,trade_finance
E09,FY2025,Mozambique,export,3,8390635.38,trade_finance
E09,FY2025,Mozambique,import,5,5504790.49,trade_finance
E09,FY2025,Namibia,export,8,26248181.6,trade_finance
E09,FY2025,Namibia,import,6,7937689.07,trade_finance
E09,FY2025,Netherlands,export,23,39626121.98,trade_finance
E09,FY2025,Netherlands,import,25,42739232.11,trade_finance
E09,FY2025,Nigeria,export,6,14183709.71,trade_finance
E09,FY2025,Nigeria,import,11,23722223.79,trade_finance
E09,FY2025,Switzerland,export,29,68171033.87,trade_finance
E09,FY2025,Switzerland,import,26,67413090.72,trade_finance
E09,FY2025,United Arab Emirates,export,26,52936541.67,trade_finance
E09,FY2025,United Arab Emirates,import,18,36034641.55,trade_finance
E09,FY2025,United Kingdom,export,17,29504555.369999997,trade_finance
E09,FY2025,United Kingdom,import,23,45788505.8,trade_finance
E09,FY2025,United States,export,13,16694308.059999999,trade_finance
E09,FY2025,United States,import,25,77862480.97,trade_finance
E09,FY2025,Unknown,export,8,34209951.58,trade_finance
E09,FY2025,Unknown,import,9,15730125.57,trade_finance
E09,FY2025,Zambia,export,16,37031032.56,trade_finance
E09,FY2025,Zambia,import,21,45001990.72,trade_finance
E09,FY2026,Angola,export,6,11475465.46,trade_finance
E09,FY2026,Angola,import,7,9889856.52,trade_finance
E09,FY2026,Botswana,export,10,26443016.05,trade_finance
E09,FY2026,Botswana,import,8,11504301.08,trade_finance
E09,FY2026,Brazil,export,22,32444514.279999997,trade_finance
E09,FY2026,Brazil,import,29,71600934.35,trade_finance
E09,FY2026,China,export,25,77212468.07000001,trade_finance
E09,FY2026,China,import,35,40299468.61,trade_finance
E09,FY2026,Eswatini,export,7,16788461.55,trade_finance
E09,FY2026,Eswatini,import,10,28703950.48,trade_finance
E09,FY2026,Germany,export,17,38281643.17,trade_finance
E09,FY2026,Germany,import,28,97057322.97,trade_finance
E09,FY2026,Ghana,export,12,54258871.43,trade_finance
E09,FY2026,Ghana,import,15,16520749.58,trade_finance
E09,FY2026,India,export,20,31373705.47,trade_finance
E09,FY2026,India,import,38,58598157.46,trade_finance
E09,FY2026,Japan,export,24,52610407.71,trade_finance
E09,FY2026,Japan,import,28,33379710.369999997,trade_finance
E09,FY2026,Kenya,export,11,20840987.439999998,trade_finance
E09,FY2026,Kenya,import,5,3823844.52,trade_finance
E09,FY2026,Lesotho,export,12,37111854.45,trade_finance
E09,FY2026,Lesotho,import,6,12310671.73,trade_finance
E09,FY2026,Malawi,export,5,26379616.509999998,trade_finance
E09,FY2026,Malawi,import,4,5720301.69,trade_finance
E09,FY2026,Mozambique,export,5,4889681.24,trade_finance
E09,FY2026,Mozambique,import,8,28530949.169999998,trade_finance
E09,FY2026,Namibia,export,9,15711143.069999998,trade_finance
E09,FY2026,Namibia,import,13,27701868.87,trade_finance
E09,FY2026,Netherlands,export,22,41153749.09,trade_finance
E09,FY2026,Netherlands,import,26,42836087.06,trade_finance
E09,FY2026,Nigeria,export,7,22120598.2,trade_finance
E09,FY2026,Nigeria,import,12,38675738.61,trade_finance
E09,FY2026,Switzerland,export,19,54118826.550000004,trade_finance
E09,FY2026,Switzerland,import,35,98666031.84,trade_finance
E09,FY2026,United Arab Emirates,export,28,70673984.5,trade_finance
E09,FY2026,United Arab Emirates,import,22,63751016.08,trade_finance
E09,FY2026,United Kingdom,export,26,47780303.37,trade_finance
E09,FY2026,United Kingdom,import,25,42681474.97,trade_finance
E09,FY2026,United States,export,16,23115675.63,trade_finance
E09,FY2026,United States,import,24,33751497.63,trade_finance
E09,FY2026,Unknown,export,2,1437551.19,trade_finance
E09,FY2026,Unknown,import,1,2312782.62,trade_finance
E09,FY2026,Zambia,export,16,37789383.53,trade_finance
E09,FY2026,Zambia,import,20,26761962.34,trade_finance
E10,FY2024,Botswana,export,15,13807073.3,trade_finance
E10,FY2024,Botswana,import,26,87513270.28,trade_finance
E10,FY2024,Brazil,export,30,43219497.67,trade_finance
E10,FY2024,Brazil,import,31,46573741.3,trade_finance
E10,FY2024,China,export,18,31664967.77,trade_finance
E10,FY2024,China,import,34,35808207.33,trade_finance
E10,FY2024,Germany,export,26,31427052.33,trade_finance
E10,FY2024,Germany,import,35,60988500.14,trade_finance
E10,FY2024,Ghana,export,19,43956574.71,trade_finance
E10,FY2024,Ghana,import,22,59355022.15,trade_finance
E10,FY2024,India,export,26,138918662.44,trade_finance
E10,FY2024,India,import,25,67630558.06,trade_finance
E10,FY2024,Japan,export,21,34293404.230000004,trade_finance
E10,FY2024,Japan,import,40,66772357.32,trade_finance
E10,FY2024,Kenya,export,13,24535453.99,trade_finance
E10,FY2024,Kenya,import,30,62093777.29,trade_finance
E10,FY2024,Netherlands,export,24,46945018.99,trade_finance
E10,FY2024,Netherlands,import,38,54986209.38,trade_finance
E10,FY2024,Nigeria,export,13,19219583.36,trade_finance
E10,FY2024,Nigeria,import,28,70678769.25,trade_finance
E10,FY2024,Switzerland,export,29,60047084.54,trade_finance
E10,FY2024,Switzerland,import,25,40938289.49,trade_finance
E10,FY2024,United Arab Emirates,export,27,63399693.42,trade_finance
E10,FY2024,United Arab Emirates,import,26,38140218.85,trade_finance
E10,FY2024,United Kingdom,export,24,52148359.11,trade_finance
E10,FY2024,United Kingdom,import,33,56806726.46,trade_finance
E10,FY2024,United States,export,19,48460987.05,trade_finance
E10,FY2024,United States,import,34,56240535.29,trade_finance
E10,FY2024,Unknown,export,3,7411465.32,trade_finance
E10,FY2024,Unknown,import,7,13152303.5,trade_finance
E10,FY2024,Zambia,export,39,56188623.74,trade_finance
E10,FY2024,Zambia,import,44,74423035.48,trade_finance
E10,FY2025,Botswana,export,17,17967332.02,trade_finance
E10,FY2025,Botswana,import,25,35341740.05,trade_finance
E10,FY2025,Brazil,export,31,61761948.980000004,trade_finance
E10,FY2025,Brazil,import,35,209199864.19,trade_finance
E10,FY2025,China,export,23,27167283.25,trade_finance
E10,FY2025,China,import,52,83028991.59,trade_finance
E10,FY2025,Germany,export,27,30876451.22,trade_finance
E10,FY2025,Germany,import,30,80175439.3,trade_finance
E10,FY2025,Ghana,export,15,41925433.7,trade_finance
E10,FY2025,Ghana,import,29,52850184.510000005,trade_finance
E10,FY2025,India,export,22,45187895.68,trade_finance
E10,FY2025,India,import,36,66887445.26,trade_finance
E10,FY2025,Japan,export,27,45078068.71,trade_finance
E10,FY2025,Japan,import,40,63113048.87,trade_finance
E10,FY2025,Kenya,export,16,33911966.41,trade_finance
E10,FY2025,Kenya,import,28,67316288.78999999,trade_finance
E10,FY2025,Netherlands,export,37,63029917.3,trade_finance
E10,FY2025,Netherlands,import,40,71352654.82000001,trade_finance
E10,FY2025,Nigeria,export,17,20652749.45,trade_finance
E10,FY2025,Nigeria,import,27,45204346.38,trade_finance
E10,FY2025,Switzerland,export,36,87110246.94,trade_finance
E10,FY2025,Switzerland,import,40,95842094.82,trade_finance
E10,FY2025,United Arab Emirates,export,37,57414581.14,trade_finance
E10,FY2025,United Arab Emirates,import,23,37444677.75,trade_finance
E10,FY2025,United Kingdom,export,26,46000436.37,trade_finance
E10,FY2025,United Kingdom,import,29,76149006.42,trade_finance
E10,FY2025,United States,export,31,74378156.4,trade_finance
E10,FY2025,United States,import,44,101549086.35,trade_finance
E10,FY2025,Unknown,export,10,14668735.69,trade_finance
E10,FY2025,Unknown,import,5,3052945.36,trade_finance
E10,FY2025,Zambia,export,37,59812742.26,trade_finance
E10,FY2025,Zambia,import,61,148748055.48,trade_finance
E10,FY2026,Botswana,export,9,29666922.99,trade_finance
E10,FY2026,Botswana,import,30,47143810.43,trade_finance
E10,FY2026,Brazil,export,25,55194117.03,trade_finance
E10,FY2026,Brazil,import,40,82971941.22,trade_finance
E10,FY2026,China,export,37,74628297.19,trade_finance
E10,FY2026,China,import,35,60026461.36,trade_finance
E10,FY2026,Germany,export,38,113193333.69999999,trade_finance
E10,FY2026,Germany,import,41,74310562.58,trade_finance
E10,FY2026,Ghana,export,15,14407205.02,trade_finance
E10,FY2026,Ghana,import,35,59603014.44,trade_finance
E10,FY2026,India,export,28,60630944.72,trade_finance
E10,FY2026,India,import,40,60224098.59,trade_finance
E10,FY2026,Japan,export,24,44717425.47,trade_finance
E10,FY2026,Japan,import,49,76032150.6,trade_finance
E10,FY2026,Kenya,export,17,15294018.8,trade_finance
E10,FY2026,Kenya,import,13,40025285.169999994,trade_finance
E10,FY2026,Netherlands,export,30,74277973.04,trade_finance
E10,FY2026,Netherlands,import,28,53328846.43,trade_finance
E10,FY2026,Nigeria,export,23,48255977.47,trade_finance
E10,FY2026,Nigeria,import,30,43888667.769999996,trade_finance
E10,FY2026,Switzerland,export,33,55518078.15,trade_finance
E10,FY2026,Switzerland,import,44,97792847.28999999,trade_finance
E10,FY2026,United Arab Emirates,export,24,34263131.46,trade_finance
E10,FY2026,United Arab Emirates,import,33,74010681.34,trade_finance
E10,FY2026,United Kingdom,export,36,75566669.96,trade_finance
E10,FY2026,United Kingdom,import,33,58115895.72,trade_finance
E10,FY2026,United States,export,35,63073904.28,trade_finance
E10,FY2026,United States,import,34,57187032.92,trade_finance
E10,FY2026,Unknown,export,8,13370289.54,trade_finance
E10,FY2026,Unknown,import,9,16214366.93,trade_finance
E10,FY2026,Zambia,export,47,101731860.15,trade_finance
E10,FY2026,Zambia,import,51,104032932.74,trade_finance
E11,FY2024,Angola,export,16,15183612.0,trade_finance
E11,FY2024,Angola,import,9,6664761.789999999,trade_finance
E11,FY2024,Botswana,export,15,27547656.15,trade_finance
E11,FY2024,Botswana,import,10,13325918.25,trade_finance
E11,FY2024,Brazil,export,35,29648105.05,trade_finance
E11,FY2024,Brazil,import,45,62290035.61,trade_finance
E11,FY2024,China,export,34,40618171.21,trade_finance
E11,FY2024,China,import,36,69275443.12,trade_finance
E11,FY2024,Eswatini,export,15,18517238.19,trade_finance
E11,FY2024,Eswatini,import,16,13513920.57,trade_finance
E11,FY2024,Germany,export,37,53103305.13,trade_finance
E11,FY2024,Germany,import,41,50856356.21,trade_finance
E11,FY2024,Ghana,export,11,13959498.63,trade_finance
E11,FY2024,Ghana,import,14,22532431.61,trade_finance
E11,FY2024,India,export,24,53847239.68,trade_finance
E11,FY2024,India,import,42,52848519.11,trade_finance
E11,FY2024,Japan,export,30,30109824.94,trade_finance
E11,FY2024,Japan,import,42,63622261.04,trade_finance
E11,FY2024,Kenya,export,10,12584483.09,trade_finance
E11,FY2024,Kenya,import,18,45677085.739999995,trade_finance
E11,FY2024,Lesotho,export,15,28465541.19,trade_finance
E11,FY2024,Lesotho,import,12,14053361.75,trade_finance
E11,FY2024,Malawi,export,13,13017277.46,trade_finance
E11,FY2024,Malawi,import,18,21056914.32,trade_finance
E11,FY2024,Mozambique,export,14,10382577.69,trade_finance
E11,FY2024,Mozambique,import,23,33292942.91,trade_finance
E11,FY2024,Namibia,export,10,6340711.61,trade_finance
E11,FY2024,Namibia,import,18,24276831.29,trade_finance
E11,FY2024,Netherlands,export,48,78162402.34,trade_finance
E11,FY2024,Netherlands,import,44,68087851.28,trade_finance
E11,FY2024,Nigeria,export,11,16250207.04,trade_finance
E11,FY2024,Nigeria,import,16,36807716.41,trade_finance
E11,FY2024,Switzerland,export,25,52611362.72,trade_finance
E11,FY2024,Switzerland,import,40,59688422.5,trade_finance
E11,FY2024,United Arab Emirates,export,29,44810283.480000004,trade_finance
E11,FY2024,United Arab Emirates,import,35,45674111.71,trade_finance
E11,FY2024,United Kingdom,export,30,26152659.44,trade_finance
E11,FY2024,United Kingdom,import,28,44988366.04,trade_finance
E11,FY2024,United States,export,38,48950649.5,trade_finance
E11,FY2024,United States,import,42,54838136.3,trade_finance
E11,FY2024,Unknown,export,5,3842947.91,trade_finance
E11,FY2024,Unknown,import,11,11172053.09,trade_finance
E11,FY2024,Zambia,export,23,36516369.04,trade_finance
E11,FY2024,Zambia,import,25,37118454.86,trade_finance
E11,FY2025,Angola,export,9,8891179.67,trade_finance
E11,FY2025,Angola,import,11,9097604.02,trade_finance
E11,FY2025,Botswana,export,7,9521694.08,trade_finance
E11,FY2025,Botswana,import,21,28521703.47,trade_finance
E11,FY2025,Brazil,export,31,40329626.48,trade_finance
E11,FY2025,Brazil,import,30,39178758.230000004,trade_finance
E11,FY2025,China,export,31,70442770.44,trade_finance
E11,FY2025,China,import,36,46770888.269999996,trade_finance
E11,FY2025,Eswatini,export,10,9848148.360000001,trade_finance
E11,FY2025,Eswatini,import,9,8668557.21,trade_finance
E11,FY2025,Germany,export,27,52484860.18,trade_finance
E11,FY2025,Germany,import,30,32406688.35,trade_finance
E11,FY2025,Ghana,export,8,4339937.11,trade_finance
E11,FY2025,Ghana,import,13,21314856.05,trade_finance
E11,FY2025,India,export,30,87689810.04,trade_finance
E11,FY2025,India,import,30,58597425.79,trade_finance
E11,FY2025,Japan,export,34,30995495.35,trade_finance
E11,FY2025,Japan,import,31,40073345.7,trade_finance
E11,FY2025,Kenya,export,14,19861641.03,trade_finance
E11,FY2025,Kenya,import,14,15550045.44,trade_finance
E11,FY2025,Lesotho,export,13,28735443.21,trade_finance
E11,FY2025,Lesotho,import,24,28399946.82,trade_finance
E11,FY2025,Malawi,export,14,24165921.72,trade_finance
E11,FY2025,Malawi,import,15,15855378.17,trade_finance
E11,FY2025,Mozambique,export,16,27460478.959999997,trade_finance
E11,FY2025,Mozambique,import,17,19203496.709999997,trade_finance
E11,FY2025,Namibia,export,9,3282276.5700000003,trade_finance
E11,FY2025,Namibia,import,24,34595484.160000004,trade_finance
E11,FY2025,Netherlands,export,28,53936364.04,trade_finance
E11,FY2025,Netherlands,import,39,84259742.39999999,trade_finance
E11,FY2025,Nigeria,export,15,32938067.060000002,trade_finance
E11,FY2025,Nigeria,import,5,8367400.75,trade_finance
E11,FY2025,Switzerland,export,42,62590040.47,trade_finance
E11,FY2025,Switzerland,import,38,51971210.57,trade_finance
E11,FY2025,United Arab Emirates,export,33,51879074.03,trade_finance
E11,FY2025,United Arab Emirates,import,29,24745454.95,trade_finance
E11,FY2025,United Kingdom,export,33,68338057.77,trade_finance
E11,FY2025,United Kingdom,import,42,68736295.82000001,trade_finance
E11,FY2025,United States,export,33,37044296.94,trade_finance
E11,FY2025,United States,import,35,38858255.22,trade_finance
E11,FY2025,Unknown,export,7,3726527.87,trade_finance
E11,FY2025,Unknown,import,9,5849225.35,trade_finance
E11,FY2025,Zambia,export,31,45544863.089999996,trade_finance
E11,FY2025,Zambia,import,24,25854535.91,trade_finance
E11,FY2026,Angola,export,8,10763482.06,trade_finance
E11,FY2026,Angola,import,20,32907140.9,trade_finance
E11,FY2026,Botswana,export,16,16790665.93,trade_finance
E11,FY2026,Botswana,import,18,13114447.83,trade_finance
E11,FY2026,Brazil,export,38,66078998.3,trade_finance
E11,FY2026,Brazil,import,35,37592564.68,trade_finance
E11,FY2026,China,export,29,45968824.1,trade_finance
E11,FY2026,China,import,39,49506038.11,trade_finance
E11,FY2026,Eswatini,export,11,25659544.22,trade_finance
E11,FY2026,Eswatini,import,9,8020219.870000001,trade_finance
E11,FY2026,Germany,export,30,39490342.25,trade_finance
E11,FY2026,Germany,import,49,58868433.59,trade_finance
E11,FY2026,Ghana,export,13,13391862.0,trade_finance
E11,FY2026,Ghana,import,18,14362454.04,trade_finance
E11,FY2026,India,export,41,75043383.64,trade_finance
E11,FY2026,India,import,41,60508099.62,trade_finance
E11,FY2026,Japan,export,25,30996920.490000002,trade_finance
E11,FY2026,Japan,import,51,61159054.13,trade_finance
E11,FY2026,Kenya,export,10,12541205.77,trade_finance
E11,FY2026,Kenya,import,17,20670639.93,trade_finance
E11,FY2026,Lesotho,export,17,27316145.77,trade_finance
E11,FY2026,Lesotho,import,15,31177878.45,trade_finance
E11,FY2026,Malawi,export,10,14340683.21,trade_finance
E11,FY2026,Malawi,import,16,28461233.990000002,trade_finance
E11,FY2026,Mozambique,export,9,16953007.9,trade_finance
E11,FY2026,Mozambique,import,20,26135795.39,trade_finance
E11,FY2026,Namibia,export,15,14403894.08,trade_finance
E11,FY2026,Namibia,import,14,14306643.01,trade_finance
E11,FY2026,Netherlands,export,38,56721480.879999995,trade_finance
E11,FY2026,Netherlands,import,40,52383043.56,trade_finance
E11,FY2026,Nigeria,export,11,24107761.12,trade_finance
E11,FY2026,Nigeria,import,10,24181154.51,trade_finance
E11,FY2026,Switzerland,export,32,35645931.24,trade_finance
E11,FY2026,Switzerland,import,43,77716909.94,trade_finance
E11,FY2026,United Arab Emirates,export,35,49420837.62,trade_finance
E11,FY2026,United Arab Emirates,import,36,49122951.16,trade_finance
E11,FY2026,United Kingdom,export,26,54863320.82,trade_finance
E11,FY2026,United Kingdom,import,41,52724701.27,trade_finance
E11,FY2026,United States,export,27,36577426.39,trade_finance
E11,FY2026,United States,import,42,50411223.8,trade_finance
E11,FY2026,Unknown,export,8,10062544.66,trade_finance
E11,FY2026,Unknown,import,12,11274964.99,trade_finance
E11,FY2026,Zambia,export,20,36543211.97,trade_finance
E11,FY2026,Zambia,import,22,44790339.26,trade_finance
E12,FY2024,Botswana,export,2,5940353.99,trade_finance
E12,FY2024,Brazil,export,6,10783287.8,trade_finance
E12,FY2024,Brazil,import,6,5257477.68,trade_finance
E12,FY2024,China,export,3,5390923.76,trade_finance
E12,FY2024,China,import,3,1854854.37,trade_finance
E12,FY2024,Eswatini,import,1,822106.07,trade_finance
E12,FY2024,Germany,export,2,441172.28,trade_finance
E12,FY2024,Germany,import,3,1338873.27,trade_finance
E12,FY2024,Ghana,export,1,309316.39,trade_finance
E12,FY2024,Ghana,import,3,1370273.88,trade_finance
E12,FY2024,India,export,4,2885618.99,trade_finance
E12,FY2024,India,import,7,7770690.06,trade_finance
E12,FY2024,Japan,export,2,2229113.4,trade_finance
E12,FY2024,Japan,import,1,163760.7,trade_finance
E12,FY2024,Kenya,export,1,1437600.0,trade_finance
E12,FY2024,Lesotho,export,1,232537.95,trade_finance
E12,FY2024,Lesotho,import,2,444286.22,trade_finance
E12,FY2024,Namibia,export,1,1226069.22,trade_finance
E12,FY2024,Namibia,import,1,393873.66,trade_finance
E12,FY2024,Netherlands,export,1,699278.92,trade_finance
E12,FY2024,Netherlands,import,1,904034.51,trade_finance
E12,FY2024,Nigeria,export,2,1419418.19,trade_finance
E12,FY2024,Nigeria,import,1,644202.04,trade_finance
E12,FY2024,Switzerland,export,1,131522.1,trade_finance
E12,FY2024,Switzerland,import,2,1822422.01,trade_finance
E12,FY2024,United Arab Emirates,export,2,340642.36,trade_finance
E12,FY2024,United Arab Emirates,import,2,7419801.76,trade_finance
E12,FY2024,United Kingdom,export,4,3864576.0100000002,trade_finance
E12,FY2024,United Kingdom,import,3,1242407.47,trade_finance
E12,FY2024,United States,export,2,419018.29000000004,trade_finance
E12,FY2024,United States,import,3,1808212.74,trade_finance
E12,FY2024,Unknown,export,1,366257.07,trade_finance
E12,FY2024,Unknown,import,1,200229.18,trade_finance
E12,FY2024,Zambia,import,2,2517677.9899999998,trade_finance
E12,FY2025,Botswana,import,1,472632.02,trade_finance
E12,FY2025,Brazil,import,5,2907724.06,trade_finance
E12,FY2025,China,export,1,2055613.67,trade_finance
E12,FY2025,China,import,2,933260.0599999999,trade_finance
E12,FY2025,Eswatini,import,4,9157355.92,trade_finance
E12,FY2025,Germany,export,3,6638984.76,trade_finance
E12,FY2025,Germany,import,2,4546436.12,trade_finance
E12,FY2025,Ghana,export,2,956241.8200000001,trade_finance
E12,FY2025,India,export,3,5013142.58,trade_finance
E12,FY2025,India,import,3,1411319.96,trade_finance
E12,FY2025,Japan,export,2,2773241.7299999995,trade_finance
E12,FY2025,Japan,import,1,6067670.98,trade_finance
E12,FY2025,Kenya,export,1,52926.13,trade_finance
E12,FY2025,Lesotho,import,4,15888854.68,trade_finance
E12,FY2025,Namibia,export,1,137869.25,trade_finance
E12,FY2025,Netherlands,export,1,997432.1,trade_finance
E12,FY2025,Netherlands,import,2,4704087.66,trade_finance
E12,FY2025,Nigeria,export,3,3043443.21,trade_finance
E12,FY2025,Nigeria,import,1,419398.11,trade_finance
E12,FY2025,Switzerland,export,2,5086851.07,trade_finance
E12,FY2025,Switzerland,import,3,1372070.71,trade_finance
E12,FY2025,United Arab Emirates,import,1,4740202.35,trade_finance
E12,FY2025,United Kingdom,export,5,6974679.02,trade_finance
E12,FY2025,United Kingdom,import,2,907029.83,trade_finance
E12,FY2025,United States,export,2,4234687.2,trade_finance
E12,FY2025,United States,import,2,2855692.19,trade_finance
E12,FY2025,Zambia,export,1,791405.84,trade_finance
E12,FY2025,Zambia,import,3,2610463.65,trade_finance
E12,FY2026,Botswana,export,1,114345.18,trade_finance
E12,FY2026,Botswana,import,1,6418213.36,trade_finance
E12,FY2026,Brazil,export,3,1330341.83,trade_finance
E12,FY2026,Brazil,import,2,1476682.8599999999,trade_finance
E12,FY2026,China,export,3,3493448.87,trade_finance
E12,FY2026,China,import,4,5531024.58,trade_finance
E12,FY2026,Eswatini,import,1,1456569.89,trade_finance
E12,FY2026,Germany,export,2,407609.74,trade_finance
E12,FY2026,Germany,import,1,121881.72,trade_finance
E12,FY2026,Ghana,import,3,1980650.6800000002,trade_finance
E12,FY2026,India,import,2,3195713.06,trade_finance
E12,FY2026,Japan,export,1,237718.98,trade_finance
E12,FY2026,Japan,import,2,400577.86,trade_finance
E12,FY2026,Kenya,export,3,2599643.9299999997,trade_finance
E12,FY2026,Kenya,import,2,1066059.82,trade_finance
E12,FY2026,Lesotho,export,2,674321.62,trade_finance
E12,FY2026,Netherlands,export,1,253522.38,trade_finance
E12,FY2026,Netherlands,import,3,5189657.42,trade_finance
E12,FY2026,Nigeria,export,1,443438.15,trade_finance
E12,FY2026,Nigeria,import,1,671072.15,trade_finance
E12,FY2026,Switzerland,export,3,1134660.19,trade_finance
E12,FY2026,Switzerland,import,2,1557126.06,trade_finance
E12,FY2026,United Arab Emirates,export,2,2958476.83,trade_finance
E12,FY2026,United Arab Emirates,import,2,4099202.31,trade_finance
E12,FY2026,United Kingdom,export,2,1027223.6,trade_finance
E12,FY2026,United Kingdom,import,4,1162662.85,trade_finance
E12,FY2026,United States,export,2,8408329.72,trade_finance
E12,FY2026,United States,import,2,3253499.74,trade_finance
E12,FY2026,Unknown,import,1,2567418.03,trade_finance
E12,FY2026,Zambia,import,1,636449.22,trade_finance
E13,FY2024,China,export,1,298006.32,trade_finance
E13,FY2024,United Arab Emirates,import,1,47849.87,trade_finance
E13,FY2024,United States,export,4,1165759.3599999999,trade_finance
E13,FY2025,China,export,1,798297.65,trade_finance
E13,FY2025,Germany,export,1,524650.79,trade_finance
E13,FY2025,Switzerland,import,1,72123.76,trade_finance
E13,FY2025,United States,export,2,626372.26,trade_finance
E13,FY2025,United States,import,1,323240.11,trade_finance
E13,FY2026,China,import,2,1770510.73,trade_finance
E13,FY2026,Germany,import,2,798461.74,trade_finance
E13,FY2026,Japan,import,1,258906.57,trade_finance
E13,FY2026,Netherlands,import,2,758033.53,trade_finance
E13,FY2026,Switzerland,import,1,318444.25,trade_finance
E14,FY2024,India,export,1,84531.8,trade_finance
E14,FY2024,India,import,1,3038799.92,trade_finance
E14,FY2024,Japan,export,2,1503796.45,trade_finance
E14,FY2024,Netherlands,export,1,2090725.63,trade_finance
E14,FY2024,Switzerland,export,1,567134.68,trade_finance
E14,FY2024,Switzerland,import,1,453186.23,trade_finance
E14,FY2024,United Arab Emirates,export,1,787622.93,trade_finance
E14,FY2024,United Arab Emirates,import,1,299195.97,trade_finance
E14,FY2024,United Kingdom,import,1,1654298.5,trade_finance
E14,FY2024,United States,export,1,2542009.37,trade_finance
E14,FY2024,United States,import,3,39061420.29,trade_finance
E14,FY2025,Brazil,import,1,10850695.32,trade_finance
E14,FY2025,Germany,export,1,502212.88,trade_finance
E14,FY2025,Germany,import,1,140026.0,trade_finance
E14,FY2025,India,export,1,1474334.82,trade_finance
E14,FY2025,India,import,1,801196.59,trade_finance
E14,FY2025,Japan,import,1,84622.48,trade_finance
E14,FY2025,Netherlands,import,1,221721.04,trade_finance
E14,FY2025,Switzerland,import,2,92131.78,trade_finance
E14,FY2025,United Arab Emirates,import,1,999978.83,trade_finance
E14,FY2025,United States,export,1,436024.72,trade_finance
E14,FY2025,United States,import,2,787424.3099999999,trade_finance
E14,FY2026,Brazil,import,1,6015326.79,trade_finance
E14,FY2026,China,import,1,356293.12,trade_finance
E14,FY2026,Japan,export,1,355586.2,trade_finance
E14,FY2026,Japan,import,1,6267332.43,trade_finance
E14,FY2026,Netherlands,export,1,6123977.86,trade_finance
E14,FY2026,Netherlands,import,1,4434278.79,trade_finance
E14,FY2026,Switzerland,export,1,315595.31,trade_finance
E14,FY2026,Switzerland,import,2,7734040.88,trade_finance
E14,FY2026,United Kingdom,import,1,385742.48,trade_finance
E14,FY2026,United States,import,1,388184.89,trade_finance
E15,FY2024,Brazil,export,2,4228482.5,trade_finance
E15,FY2024,Brazil,import,2,3885744.79,trade_finance
E15,FY2024,China,export,1,640516.26,trade_finance
E15,FY2024,China,import,3,3238107.6100000003,trade_finance
E15,FY2024,Germany,import,1,157078.64,trade_finance
E15,FY2024,India,export,1,6274503.08,trade_finance
E15,FY2024,Japan,export,1,1302153.68,trade_finance
E15,FY2024,Japan,import,3,4378049.58,trade_finance
E15,FY2024,Netherlands,export,2,2363997.21,trade_finance
E15,FY2024,Switzerland,export,3,5617276.74,trade_finance
E15,FY2024,Switzerland,import,1,240332.35,trade_finance
E15,FY2024,United Arab Emirates,import,1,902493.87,trade_finance
E15,FY2024,United Kingdom,export,3,1722131.56,trade_finance
E15,FY2024,United Kingdom,import,2,1016174.3200000001,trade_finance
E15,FY2024,United States,export,3,989313.63,trade_finance
E15,FY2024,United States,import,3,9425084.4,trade_finance
E15,FY2025,Brazil,export,1,1846925.37,trade_finance
E15,FY2025,Brazil,import,2,543703.86,trade_finance
E15,FY2025,Germany,export,1,565275.5,trade_finance
E15,FY2025,Germany,import,2,1746547.2,trade_finance
E15,FY2025,India,import,1,739239.83,trade_finance
E15,FY2025,Japan,export,2,3271802.12,trade_finance
E15,FY2025,Japan,import,2,1419583.99,trade_finance
E15,FY2025,Netherlands,export,4,2112405.45,trade_finance
E15,FY2025,Switzerland,export,2,3083303.46,trade_finance
E15,FY2025,Switzerland,import,1,70359.52,trade_finance
E15,FY2025,United Arab Emirates,export,1,13402333.04,trade_finance
E15,FY2025,United Arab Emirates,import,2,2597186.9899999998,trade_finance
E15,FY2025,United Kingdom,export,1,147222.84,trade_finance
E15,FY2025,United Kingdom,import,4,6604848.42,trade_finance
E15,FY2025,United States,export,1,1224388.67,trade_finance
E15,FY2025,United States,import,1,1225082.58,trade_finance
E15,FY2026,Brazil,export,1,1126504.14,trade_finance
E15,FY2026,Brazil,import,1,7418319.47,trade_finance
E15,FY2026,China,export,2,842242.0900000001,trade_finance
E15,FY2026,China,import,2,5869141.300000001,trade_finance
E15,FY2026,Germany,import,1,2601603.1,trade_finance
E15,FY2026,India,export,1,290820.2,trade_finance
E15,FY2026,India,import,1,639559.72,trade_finance
E15,FY2026,Japan,import,3,1628759.7899999998,trade_finance
E15,FY2026,Netherlands,export,2,4727630.49,trade_finance
E15,FY2026,Switzerland,import,2,3468944.21,trade_finance
E15,FY2026,United Arab Emirates,export,1,1103712.55,trade_finance
E15,FY2026,United Arab Emirates,import,3,6828528.499999999,trade_finance
E15,FY2026,United Kingdom,export,1,2345108.82,trade_finance
E15,FY2026,United Kingdom,import,3,4454633.96,trade_finance
E15,FY2026,United States,export,1,606392.43,trade_finance
E15,FY2026,United States,import,2,866012.3,trade_finance
E15,FY2026,Unknown,export,1,570428.33,trade_finance
E16,FY2024,Brazil,export,30,46776417.65,trade_finance
E16,FY2024,Brazil,import,29,54589030.74,trade_finance
E16,FY2024,Cameroon,export,9,8467240.959999999,trade_finance
E16,FY2024,Cameroon,import,9,19057041.45,trade_finance
E16,FY2024,China,export,20,42988640.33,trade_finance
E16,FY2024,China,import,23,62439351.97,trade_finance
E16,FY2024,Germany,export,28,58238368.65,trade_finance
E16,FY2024,Germany,import,39,47163629.43,trade_finance
E16,FY2024,Ghana,export,20,54275251.21,trade_finance
E16,FY2024,Ghana,import,10,41994069.95,trade_finance
E16,FY2024,India,export,28,39928657.9,trade_finance
E16,FY2024,India,import,31,41359048.43,trade_finance
E16,FY2024,Ivory Coast,export,9,9032987.1,trade_finance
E16,FY2024,Ivory Coast,import,18,27034874.05,trade_finance
E16,FY2024,Japan,export,27,43317945.84,trade_finance
E16,FY2024,Japan,import,36,57553104.79,trade_finance
E16,FY2024,Kenya,export,15,26674196.32,trade_finance
E16,FY2024,Kenya,import,10,13355168.0,trade_finance
E16,FY2024,Netherlands,export,17,16545941.8,trade_finance
E16,FY2024,Netherlands,import,32,59448276.47,trade_finance
E16,FY2024,Nigeria,export,16,15104636.469999999,trade_finance
E16,FY2024,Nigeria,import,21,41044201.99,trade_finance
E16,FY2024,South Sudan,export,8,8535332.51,trade_finance
E16,FY2024,South Sudan,import,20,44975525.45,trade_finance
E16,FY2024,Sudan,export,11,22151241.61,trade_finance
E16,FY2024,Sudan,import,5,3394684.23,trade_finance
E16,FY2024,Switzerland,export,35,51109125.64,trade_finance
E16,FY2024,Switzerland,import,30,57154122.480000004,trade_finance
E16,FY2024,Uganda,export,6,15011988.41,trade_finance
E16,FY2024,Uganda,import,23,42882834.96,trade_finance
E16,FY2024,United Arab Emirates,export,33,47632841.84,trade_finance
E16,FY2024,United Arab Emirates,import,36,57991850.31,trade_finance
E16,FY2024,United Kingdom,export,30,53349158.96,trade_finance
E16,FY2024,United Kingdom,import,33,50927503.519999996,trade_finance
E16,FY2024,United States,export,27,73446666.03,trade_finance
E16,FY2024,United States,import,31,58080394.96,trade_finance
E16,FY2024,Unknown,export,4,8202657.46,trade_finance
E16,FY2024,Unknown,import,7,7305058.720000001,trade_finance
E16,FY2024,Zambia,export,7,19168481.79,trade_finance
E16,FY2024,Zambia,import,12,20612205.87,trade_finance
E16,FY2025,Brazil,export,24,26055050.0,trade_finance
E16,FY2025,Brazil,import,35,93759297.44,trade_finance
E16,FY2025,Cameroon,export,12,14965035.93,trade_finance
E16,FY2025,Cameroon,import,10,40997699.28,trade_finance
E16,FY2025,China,export,16,38085513.629999995,trade_finance
E16,FY2025,China,import,43,67680476.41,trade_finance
E16,FY2025,Germany,export,16,23905384.830000002,trade_finance
E16,FY2025,Germany,import,27,53486053.82,trade_finance
E16,FY2025,Ghana,export,8,15736875.4,trade_finance
E16,FY2025,Ghana,import,25,24987588.33,trade_finance
E16,FY2025,India,export,20,23499785.61,trade_finance
E16,FY2025,India,import,38,59649077.59,trade_finance
E16,FY2025,Ivory Coast,export,14,16159666.66,trade_finance
E16,FY2025,Ivory Coast,import,10,15732686.23,trade_finance
E16,FY2025,Japan,export,21,76192742.19,trade_finance
E16,FY2025,Japan,import,29,39245447.22,trade_finance
E16,FY2025,Kenya,export,14,20288626.39,trade_finance
E16,FY2025,Kenya,import,13,20294647.0,trade_finance
E16,FY2025,Netherlands,export,31,43848365.5,trade_finance
E16,FY2025,Netherlands,import,19,32950099.080000002,trade_finance
E16,FY2025,Nigeria,export,16,27526128.02,trade_finance
E16,FY2025,Nigeria,import,21,29441563.84,trade_finance
E16,FY2025,South Sudan,export,9,6962104.84,trade_finance
E16,FY2025,South Sudan,import,13,60530839.38,trade_finance
E16,FY2025,Sudan,export,8,34043641.870000005,trade_finance
E16,FY2025,Sudan,import,12,21018328.87,trade_finance
E16,FY2025,Switzerland,export,25,55130926.49,trade_finance
E16,FY2025,Switzerland,import,30,83654948.98,trade_finance
E16,FY2025,Uganda,export,17,14252312.98,trade_finance
E16,FY2025,Uganda,import,10,13515092.19,trade_finance
E16,FY2025,United Arab Emirates,export,19,41985071.39,trade_finance
E16,FY2025,United Arab Emirates,import,27,80550896.33,trade_finance
E16,FY2025,United Kingdom,export,32,61601991.56,trade_finance
E16,FY2025,United Kingdom,import,39,38629603.56,trade_finance
E16,FY2025,United States,export,21,41966187.23,trade_finance
E16,FY2025,United States,import,32,60061383.7,trade_finance
E16,FY2025,Unknown,export,8,23706228.830000002,trade_finance
E16,FY2025,Unknown,import,12,15202503.26,trade_finance
E16,FY2025,Zambia,export,10,20602571.27,trade_finance
E16,FY2025,Zambia,import,8,14472510.629999999,trade_finance
E16,FY2026,Brazil,export,23,46314779.309999995,trade_finance
E16,FY2026,Brazil,import,31,145926801.97,trade_finance
E16,FY2026,Cameroon,export,14,41917210.82,trade_finance
E16,FY2026,Cameroon,import,12,26026046.02,trade_finance
E16,FY2026,China,export,24,38727244.54,trade_finance
E16,FY2026,China,import,27,73008595.88000001,trade_finance
E16,FY2026,Germany,export,25,35084865.43,trade_finance
E16,FY2026,Germany,import,30,62031217.75,trade_finance
E16,FY2026,Ghana,export,16,17644116.66,trade_finance
E16,FY2026,Ghana,import,15,24630436.759999998,trade_finance
E16,FY2026,India,export,24,41189245.43,trade_finance
E16,FY2026,India,import,29,48064125.27,trade_finance
E16,FY2026,Ivory Coast,export,15,28993821.08,trade_finance
E16,FY2026,Ivory Coast,import,10,8666538.120000001,trade_finance
E16,FY2026,Japan,export,21,20896366.04,trade_finance
E16,FY2026,Japan,import,21,33370300.89,trade_finance
E16,FY2026,Kenya,export,13,42417172.39,trade_finance
E16,FY2026,Kenya,import,10,13298487.88,trade_finance
E16,FY2026,Netherlands,export,29,51049982.7,trade_finance
E16,FY2026,Netherlands,import,43,67056955.38,trade_finance
E16,FY2026,Nigeria,export,21,31942255.39,trade_finance
E16,FY2026,Nigeria,import,14,17872379.39,trade_finance
E16,FY2026,South Sudan,export,10,14686749.19,trade_finance
E16,FY2026,South Sudan,import,9,14751440.52,trade_finance
E16,FY2026,Sudan,export,8,17708899.36,trade_finance
E16,FY2026,Sudan,import,11,14576466.91,trade_finance
E16,FY2026,Switzerland,export,23,33873091.44,trade_finance
E16,FY2026,Switzerland,import,30,66147295.92,trade_finance
E16,FY2026,Uganda,export,7,13172653.08,trade_finance
E16,FY2026,Uganda,import,11,11269533.56,trade_finance
E16,FY2026,United Arab Emirates,export,29,36838196.96,trade_finance
E16,FY2026,United Arab Emirates,import,34,58176884.39,trade_finance
E16,FY2026,United Kingdom,export,22,47159751.71,trade_finance
E16,FY2026,United Kingdom,import,33,52819092.85,trade_finance
E16,FY2026,United States,export,22,23380465.9,trade_finance
E16,FY2026,United States,import,30,44576587.38,trade_finance
E16,FY2026,Unknown,export,7,10789412.89,trade_finance
E16,FY2026,Unknown,import,6,11704217.879999999,trade_finance
E16,FY2026,Zambia,export,11,18381864.07,trade_finance
E16,FY2026,Zambia,import,14,37027611.86,trade_finance
E17,FY2024,Brazil,export,2,3618335.41,trade_finance
E17,FY2024,Brazil,import,4,8965438.4,trade_finance
E17,FY2024,China,export,1,1830208.55,trade_finance
E17,FY2024,China,import,5,23475606.720000003,trade_finance
E17,FY2024,DRC,export,1,313049.12,trade_finance
E17,FY2024,Egypt,export,1,1009744.52,trade_finance
E17,FY2024,Egypt,import,2,3604432.65,trade_finance
E17,FY2024,Ethiopia,export,2,4313255.82,trade_finance
E17,FY2024,Ethiopia,import,1,451804.04,trade_finance
E17,FY2024,Germany,export,7,5689322.93,trade_finance
E17,FY2024,Germany,import,1,2123767.47,trade_finance
E17,FY2024,Ghana,export,1,471302.02,trade_finance
E17,FY2024,Ghana,import,1,667859.21,trade_finance
E17,FY2024,India,export,3,25303205.16,trade_finance
E17,FY2024,India,import,2,694528.07,trade_finance
E17,FY2024,Japan,export,2,453574.28,trade_finance
E17,FY2024,Japan,import,6,5037865.84,trade_finance
E17,FY2024,Kenya,export,2,603404.12,trade_finance
E17,FY2024,Kenya,import,3,5646648.88,trade_finance
E17,FY2024,Lesotho,import,1,2679496.79,trade_finance
E17,FY2024,Netherlands,export,1,993435.3,trade_finance
E17,FY2024,Netherlands,import,3,2666876.74,trade_finance
E17,FY2024,Nigeria,export,1,2855934.51,trade_finance
E17,FY2024,Switzerland,export,5,3029777.57,trade_finance
E17,FY2024,Switzerland,import,4,7430268.4799999995,trade_finance
E17,FY2024,Tanzania,import,3,1776812.29,trade_finance
E17,FY2024,United Arab Emirates,import,4,6544436.82,trade_finance
E17,FY2024,United Kingdom,export,4,3968105.96,trade_finance
E17,FY2024,United Kingdom,import,3,2570660.76,trade_finance
E17,FY2024,United States,export,2,4576974.73,trade_finance
E17,FY2024,United States,import,6,4795032.24,trade_finance
E17,FY2025,Brazil,export,5,4801196.72,trade_finance
E17,FY2025,Brazil,import,4,2731221.32,trade_finance
E17,FY2025,China,export,3,8361041.82,trade_finance
E17,FY2025,China,import,7,12918625.26,trade_finance
E17,FY2025,DRC,export,1,433826.71,trade_finance
E17,FY2025,DRC,import,2,750123.94,trade_finance
E17,FY2025,Egypt,import,2,3413483.12,trade_finance
E17,FY2025,Ethiopia,export,2,3954575.5,trade_finance
E17,FY2025,Ethiopia,import,2,5281408.49,trade_finance
E17,FY2025,Germany,export,4,6516377.7700000005,trade_finance
E17,FY2025,Germany,import,2,1020247.54,trade_finance
E17,FY2025,Ghana,export,1,1027273.63,trade_finance
E17,FY2025,Ghana,import,1,7323636.21,trade_finance
E17,FY2025,India,export,1,300302.12,trade_finance
E17,FY2025,India,import,10,13089146.549999999,trade_finance
E17,FY2025,Japan,export,2,2181995.33,trade_finance
E17,FY2025,Japan,import,4,4200322.03,trade_finance
E17,FY2025,Kenya,import,4,50313506.13,trade_finance
E17,FY2025,Lesotho,export,1,873895.81,trade_finance
E17,FY2025,Lesotho,import,2,2573061.2399999998,trade_finance
E17,FY2025,Mozambique,export,3,1132606.38,trade_finance
E17,FY2025,Mozambique,import,2,1264445.03,trade_finance
E17,FY2025,Netherlands,export,5,10747665.08,trade_finance
E17,FY2025,Netherlands,import,3,5373271.08,trade_finance
E17,FY2025,Nigeria,export,1,982504.82,trade_finance
E17,FY2025,Nigeria,import,3,972720.46,trade_finance
E17,FY2025,Switzerland,export,4,6494750.72,trade_finance
E17,FY2025,Switzerland,import,2,1008248.82,trade_finance
E17,FY2025,Tanzania,export,3,4382150.67,trade_finance
E17,FY2025,United Arab Emirates,export,3,8153551.49,trade_finance
E17,FY2025,United Arab Emirates,import,2,6553544.27,trade_finance
E17,FY2025,United Kingdom,export,4,4042469.35,trade_finance
E17,FY2025,United Kingdom,import,5,3335280.08,trade_finance
E17,FY2025,United States,export,1,7342155.18,trade_finance
E17,FY2025,United States,import,2,2758825.08,trade_finance
E17,FY2025,Unknown,export,1,702019.39,trade_finance
E17,FY2025,Unknown,import,1,119452.66,trade_finance
E17,FY2025,Zambia,import,1,128719.75,trade_finance
E17,FY2026,Brazil,export,3,7467652.2299999995,trade_finance
E17,FY2026,Brazil,import,5,10770914.620000001,trade_finance
E17,FY2026,China,export,3,6083373.5,trade_finance
E17,FY2026,China,import,6,5005076.58,trade_finance
E17,FY2026,DRC,export,2,2919645.77,trade_finance
E17,FY2026,DRC,import,1,670367.66,trade_finance
E17,FY2026,Egypt,export,2,2128959.02,trade_finance
E17,FY2026,Egypt,import,2,444883.27,trade_finance
E17,FY2026,Ethiopia,export,2,2475839.62,trade_finance
E17,FY2026,Ethiopia,import,4,2216564.91,trade_finance
E17,FY2026,Germany,export,2,394876.76,trade_finance
E17,FY2026,Germany,import,2,160740.88,trade_finance
E17,FY2026,Ghana,export,1,7637700.51,trade_finance
E17,FY2026,Ghana,import,2,6138650.2,trade_finance
E17,FY2026,India,export,6,13277182.68,trade_finance
E17,FY2026,India,import,2,915010.99,trade_finance
E17,FY2026,Japan,export,3,3359374.0700000003,trade_finance
E17,FY2026,Japan,import,3,3143441.2,trade_finance
E17,FY2026,Kenya,export,1,195553.64,trade_finance
E17,FY2026,Kenya,import,3,2844607.73,trade_finance
E17,FY2026,Lesotho,import,4,13906190.03,trade_finance
E17,FY2026,Mozambique,export,2,8894455.62,trade_finance
E17,FY2026,Mozambique,import,3,7532930.9399999995,trade_finance
E17,FY2026,Netherlands,export,5,6562873.23,trade_finance
E17,FY2026,Netherlands,import,4,6162040.03,trade_finance
E17,FY2026,Nigeria,export,1,691888.66,trade_finance
E17,FY2026,Nigeria,import,2,1974343.3900000001,trade_finance
E17,FY2026,Switzerland,export,4,6395917.3,trade_finance
E17,FY2026,Switzerland,import,3,2386159.91,trade_finance
E17,FY2026,Tanzania,export,2,764310.49,trade_finance
E17,FY2026,United Arab Emirates,export,6,7558776.52,trade_finance
E17,FY2026,United Arab Emirates,import,4,12118335.260000002,trade_finance
E17,FY2026,United Kingdom,export,4,6754414.12,trade_finance
E17,FY2026,United Kingdom,import,2,1446509.01,trade_finance
E17,FY2026,United States,export,3,2869575.8600000003,trade_finance
E17,FY2026,United States,import,3,2582620.25,trade_finance
E17,FY2026,Unknown,export,1,102077.69,trade_finance
E17,FY2026,Zambia,export,1,1834119.16,trade_finance
E17,FY2026,Zambia,import,4,11950920.52,trade_finance
E18,FY2024,Botswana,export,6,10127570.559999999,trade_finance
E18,FY2024,Botswana,import,9,14021443.07,trade_finance
E18,FY2024,Brazil,export,26,53932145.88,trade_finance
E18,FY2024,Brazil,import,17,35096977.2,trade_finance
E18,FY2024,China,export,33,72262205.65,trade_finance
E18,FY2024,China,import,30,34792508.69,trade_finance
E18,FY2024,Eswatini,export,5,4423839.7,trade_finance
E18,FY2024,Eswatini,import,3,1191217.66,trade_finance
E18,FY2024,Germany,export,22,27899747.46,trade_finance
E18,FY2024,Germany,import,27,32819135.32,trade_finance
E18,FY2024,Ghana,export,13,10707903.44,trade_finance
E18,FY2024,Ghana,import,16,16770046.34,trade_finance
E18,FY2024,India,export,32,54995880.12,trade_finance
E18,FY2024,India,import,34,66325011.75,trade_finance
E18,FY2024,Japan,export,22,42431960.45,trade_finance
E18,FY2024,Japan,import,29,36755092.96,trade_finance
E18,FY2024,Kenya,export,11,14675443.31,trade_finance
E18,FY2024,Kenya,import,15,19583320.13,trade_finance
E18,FY2024,Lesotho,export,3,4214725.34,trade_finance
E18,FY2024,Lesotho,import,7,7158616.86,trade_finance
E18,FY2024,Mauritius,export,8,6706090.199999999,trade_finance
E18,FY2024,Mauritius,import,10,13490856.18,trade_finance
E18,FY2024,Mozambique,export,5,9478132.51,trade_finance
E18,FY2024,Mozambique,import,6,18342716.19,trade_finance
E18,FY2024,Namibia,export,4,11124098.49,trade_finance
E18,FY2024,Namibia,import,9,15878323.49,trade_finance
E18,FY2024,Netherlands,export,20,22433039.38,trade_finance
E18,FY2024,Netherlands,import,26,27524486.23,trade_finance
E18,FY2024,Nigeria,export,3,1821291.33,trade_finance
E18,FY2024,Nigeria,import,9,13846686.66,trade_finance
E18,FY2024,Switzerland,export,26,27793480.13,trade_finance
E18,FY2024,Switzerland,import,32,41668580.05,trade_finance
E18,FY2024,Uganda,export,11,12254227.190000001,trade_finance
E18,FY2024,Uganda,import,4,10278495.950000001,trade_finance
E18,FY2024,United Arab Emirates,export,18,31278721.58,trade_finance
E18,FY2024,United Arab Emirates,import,20,33069250.87,trade_finance
E18,FY2024,United Kingdom,export,34,65345681.18,trade_finance
E18,FY2024,United Kingdom,import,26,36553586.49,trade_finance
E18,FY2024,United States,export,16,26767854.11,trade_finance
E18,FY2024,United States,import,28,62505030.78,trade_finance
E18,FY2024,Unknown,export,9,12196908.07,trade_finance
E18,FY2024,Unknown,import,10,21900099.009999998,trade_finance
E18,FY2024,Zambia,export,15,13890421.27,trade_finance
E18,FY2024,Zambia,import,18,15624570.65,trade_finance
E18,FY2024,Zimbabwe,export,13,27079044.84,trade_finance
E18,FY2024,Zimbabwe,import,8,20691933.47,trade_finance
E18,FY2025,Botswana,export,10,10973536.48,trade_finance
E18,FY2025,Botswana,import,6,3208618.55,trade_finance
E18,FY2025,Brazil,export,23,32840222.93,trade_finance
E18,FY2025,Brazil,import,22,27919449.22,trade_finance
E18,FY2025,China,export,17,25067113.16,trade_finance
E18,FY2025,China,import,33,56530158.470000006,trade_finance
E18,FY2025,Eswatini,export,6,6066107.470000001,trade_finance
E18,FY2025,Eswatini,import,7,8739443.69,trade_finance
E18,FY2025,Germany,export,13,31323379.45,trade_finance
E18,FY2025,Germany,import,24,27362707.490000002,trade_finance
E18,FY2025,Ghana,export,11,13154689.2,trade_finance
E18,FY2025,Ghana,import,12,17625148.63,trade_finance
E18,FY2025,India,export,25,47965151.54,trade_finance
E18,FY2025,India,import,31,43919372.910000004,trade_finance
E18,FY2025,Japan,export,17,29833796.04,trade_finance
E18,FY2025,Japan,import,30,64929919.04,trade_finance
E18,FY2025,Kenya,export,13,37623791.11,trade_finance
E18,FY2025,Kenya,import,17,42765877.22,trade_finance
E18,FY2025,Lesotho,export,8,16824405.48,trade_finance
E18,FY2025,Lesotho,import,8,13082243.559999999,trade_finance
E18,FY2025,Mauritius,export,9,33796335.19,trade_finance
E18,FY2025,Mauritius,import,4,2082255.04,trade_finance
E18,FY2025,Mozambique,export,8,22541032.94,trade_finance
E18,FY2025,Mozambique,import,10,14458485.219999999,trade_finance
E18,FY2025,Namibia,export,7,8158808.36,trade_finance
E18,FY2025,Namibia,import,12,8558145.64,trade_finance
E18,FY2025,Netherlands,export,27,63571434.6,trade_finance
E18,FY2025,Netherlands,import,29,50378287.08,trade_finance
E18,FY2025,Nigeria,export,7,6724506.5,trade_finance
E18,FY2025,Nigeria,import,6,11001021.69,trade_finance
E18,FY2025,Switzerland,export,30,28889126.76,trade_finance
E18,FY2025,Switzerland,import,22,34213115.96,trade_finance
E18,FY2025,Uganda,export,6,7289804.17,trade_finance
E18,FY2025,Uganda,import,8,5157195.46,trade_finance
E18,FY2025,United Arab Emirates,export,20,34292426.1,trade_finance
E18,FY2025,United Arab Emirates,import,32,51639901.52,trade_finance
E18,FY2025,United Kingdom,export,16,21510581.5,trade_finance
E18,FY2025,United Kingdom,import,25,25445683.44,trade_finance
E18,FY2025,United States,export,16,18290359.04,trade_finance
E18,FY2025,United States,import,26,41563162.68000001,trade_finance
E18,FY2025,Unknown,export,3,3334278.76,trade_finance
E18,FY2025,Unknown,import,12,21860954.17,trade_finance
E18,FY2025,Zambia,export,16,25909688.03,trade_finance
E18,FY2025,Zambia,import,17,26920586.53,trade_finance
E18,FY2025,Zimbabwe,export,3,5277485.529999999,trade_finance
E18,FY2025,Zimbabwe,import,12,18538943.5,trade_finance
E18,FY2026,Botswana,export,7,9112449.93,trade_finance
E18,FY2026,Botswana,import,12,13956749.71,trade_finance
E18,FY2026,Brazil,export,24,55959337.54,trade_finance
E18,FY2026,Brazil,import,40,41408605.09,trade_finance
E18,FY2026,China,export,27,29754666.96,trade_finance
E18,FY2026,China,import,27,64569782.69,trade_finance
E18,FY2026,Eswatini,export,3,4318322.890000001,trade_finance
E18,FY2026,Eswatini,import,10,10581085.21,trade_finance
E18,FY2026,Germany,export,22,39674439.14,trade_finance
E18,FY2026,Germany,import,37,50993397.04,trade_finance
E18,FY2026,Ghana,export,15,42980320.45,trade_finance
E18,FY2026,Ghana,import,15,18407091.08,trade_finance
E18,FY2026,India,export,24,47331510.95,trade_finance
E18,FY2026,India,import,40,51366875.71,trade_finance
E18,FY2026,Japan,export,25,35007822.23,trade_finance
E18,FY2026,Japan,import,28,66705882.35,trade_finance
E18,FY2026,Kenya,export,11,21806149.46,trade_finance
E18,FY2026,Kenya,import,23,26466599.22,trade_finance
E18,FY2026,Lesotho,export,7,5414438.75,trade_finance
E18,FY2026,Lesotho,import,3,3652002.4,trade_finance
E18,FY2026,Mauritius,export,6,11324851.63,trade_finance
E18,FY2026,Mauritius,import,13,83284600.51,trade_finance
E18,FY2026,Mozambique,export,7,8444773.75,trade_finance
E18,FY2026,Mozambique,import,10,22188422.549999997,trade_finance
E18,FY2026,Namibia,export,6,5904115.18,trade_finance
E18,FY2026,Namibia,import,9,19606543.06,trade_finance
E18,FY2026,Netherlands,export,25,28818881.05,trade_finance
E18,FY2026,Netherlands,import,38,60903450.18,trade_finance
E18,FY2026,Nigeria,export,12,14616263.84,trade_finance
E18,FY2026,Nigeria,import,11,21129723.419999998,trade_finance
E18,FY2026,Switzerland,export,25,51018237.32,trade_finance
E18,FY2026,Switzerland,import,33,43211661.97,trade_finance
E18,FY2026,Uganda,export,8,9919268.370000001,trade_finance
E18,FY2026,Uganda,import,17,37988038.53,trade_finance
E18,FY2026,United Arab Emirates,export,30,37793755.07,trade_finance
E18,FY2026,United Arab Emirates,import,44,128822157.25999999,trade_finance
E18,FY2026,United Kingdom,export,28,37787636.41,trade_finance
E18,FY2026,United Kingdom,import,53,71822781.98,trade_finance
E18,FY2026,United States,export,17,18537194.4,trade_finance
E18,FY2026,United States,import,27,33732031.45,trade_finance
E18,FY2026,Unknown,export,6,7169486.1899999995,trade_finance
E18,FY2026,Unknown,import,7,11444946.370000001,trade_finance
E18,FY2026,Zambia,export,13,20793508.12,trade_finance
E18,FY2026,Zambia,import,17,26225550.71,trade_finance
E18,FY2026,Zimbabwe,export,6,3729982.6399999997,trade_finance
E18,FY2026,Zimbabwe,import,10,8345394.76,trade_finance
E19,FY2024,Brazil,export,10,6078871.199999999,trade_finance
E19,FY2024,Brazil,import,15,12375279.64,trade_finance
E19,FY2024,China,export,11,14373096.26,trade_finance
E19,FY2024,China,import,10,8341903.67,trade_finance
E19,FY2024,Germany,export,12,17923589.64,trade_finance
E19,FY2024,Germany,import,15,8934905.74,trade_finance
E19,FY2024,Ghana,export,9,5970834.5,trade_finance
E19,FY2024,Ghana,import,11,20361326.16,trade_finance
E19,FY2024,India,export,13,8782805.49,trade_finance
E19,FY2024,India,import,14,17516354.53,trade_finance
E19,FY2024,Japan,export,8,13967160.14,trade_finance
E19,FY2024,Japan,import,9,6709388.61,trade_finance
E19,FY2024,Kenya,export,9,10456987.53,trade_finance
E19,FY2024,Kenya,import,15,9733085.18,trade_finance
E19,FY2024,Mauritius,export,8,14676770.43,trade_finance
E19,FY2024,Mauritius,import,7,10347479.29,trade_finance
E19,FY2024,Netherlands,export,15,28333267.0,trade_finance
E19,FY2024,Netherlands,import,10,4604120.08,trade_finance
E19,FY2024,Nigeria,export,6,3181564.64,trade_finance
E19,FY2024,Nigeria,import,18,32924665.89,trade_finance
E19,FY2024,Switzerland,export,9,5853415.7,trade_finance
E19,FY2024,Switzerland,import,15,13548458.27,trade_finance
E19,FY2024,Tanzania,export,6,3760896.4000000004,trade_finance
E19,FY2024,Tanzania,import,2,839811.43,trade_finance
E19,FY2024,Uganda,export,4,8388559.709999999,trade_finance
E19,FY2024,Uganda,import,4,3355183.73,trade_finance
E19,FY2024,United Arab Emirates,export,17,15352482.14,trade_finance
E19,FY2024,United Arab Emirates,import,8,10475452.32,trade_finance
E19,FY2024,United Kingdom,export,11,16515266.809999999,trade_finance
E19,FY2024,United Kingdom,import,16,9734420.74,trade_finance
E19,FY2024,United States,export,12,14254107.29,trade_finance
E19,FY2024,United States,import,14,11792176.06,trade_finance
E19,FY2024,Unknown,export,2,1411668.3900000001,trade_finance
E19,FY2024,Unknown,import,4,4002838.21,trade_finance
E19,FY2024,Zambia,export,5,18318019.53,trade_finance
E19,FY2024,Zambia,import,2,1618820.62,trade_finance
E19,FY2025,Brazil,export,7,5147379.63,trade_finance
E19,FY2025,Brazil,import,20,16334884.76,trade_finance
E19,FY2025,China,export,14,14184842.96,trade_finance
E19,FY2025,China,import,14,12881750.98,trade_finance
E19,FY2025,Germany,export,7,6350675.27,trade_finance
E19,FY2025,Germany,import,10,24841617.72,trade_finance
E19,FY2025,Ghana,export,11,10976037.32,trade_finance
E19,FY2025,Ghana,import,15,6900514.91,trade_finance
E19,FY2025,India,export,10,6177267.68,trade_finance
E19,FY2025,India,import,16,11933314.56,trade_finance
E19,FY2025,Japan,export,7,10410417.65,trade_finance
E19,FY2025,Japan,import,10,3988224.23,trade_finance
E19,FY2025,Kenya,export,6,13109398.499999998,trade_finance
E19,FY2025,Kenya,import,10,14366753.05,trade_finance
E19,FY2025,Mauritius,export,1,695132.83,trade_finance
E19,FY2025,Mauritius,import,6,6115392.12,trade_finance
E19,FY2025,Netherlands,export,14,10418983.38,trade_finance
E19,FY2025,Netherlands,import,16,14160829.969999999,trade_finance
E19,FY2025,Nigeria,export,8,8616871.37,trade_finance
E19,FY2025,Nigeria,import,7,10035086.75,trade_finance
E19,FY2025,Switzerland,export,14,18875816.27,trade_finance
E19,FY2025,Switzerland,import,12,25585210.38,trade_finance
E19,FY2025,Tanzania,export,4,1733743.13,trade_finance
E19,FY2025,Tanzania,import,8,9903943.76,trade_finance
E19,FY2025,Uganda,export,3,1930246.01,trade_finance
E19,FY2025,Uganda,import,6,4480825.34,trade_finance
E19,FY2025,United Arab Emirates,export,13,11814254.11,trade_finance
E19,FY2025,United Arab Emirates,import,16,15728411.379999999,trade_finance
E19,FY2025,United Kingdom,export,11,8087066.52,trade_finance
E19,FY2025,United Kingdom,import,12,20227206.080000002,trade_finance
E19,FY2025,United States,export,13,15381906.790000001,trade_finance
E19,FY2025,United States,import,11,11833472.02,trade_finance
E19,FY2025,Unknown,export,7,3188342.02,trade_finance
E19,FY2025,Zambia,export,5,12170662.74,trade_finance
E19,FY2025,Zambia,import,1,581012.69,trade_finance
E19,FY2026,Brazil,export,10,20906122.740000002,trade_finance
E19,FY2026,Brazil,import,10,18712138.330000002,trade_finance
E19,FY2026,China,export,20,21085194.39,trade_finance
E19,FY2026,China,import,18,12282495.06,trade_finance
E19,FY2026,Germany,export,12,30762856.27,trade_finance
E19,FY2026,Germany,import,17,22746862.03,trade_finance
E19,FY2026,Ghana,export,6,7407219.42,trade_finance
E19,FY2026,Ghana,import,16,13480818.59,trade_finance
E19,FY2026,India,export,9,8132394.859999999,trade_finance
E19,FY2026,India,import,13,17814509.9,trade_finance
E19,FY2026,Japan,export,12,9000518.32,trade_finance
E19,FY2026,Japan,import,23,29153596.21,trade_finance
E19,FY2026,Kenya,export,6,13729096.51,trade_finance
E19,FY2026,Kenya,import,18,20401414.04,trade_finance
E19,FY2026,Mauritius,export,1,422966.26,trade_finance
E19,FY2026,Mauritius,import,4,1669957.92,trade_finance
E19,FY2026,Netherlands,export,7,11427214.51,trade_finance
E19,FY2026,Netherlands,import,22,16291967.459999999,trade_finance
E19,FY2026,Nigeria,export,8,6815044.24,trade_finance
E19,FY2026,Nigeria,import,11,18512881.169999998,trade_finance
E19,FY2026,Switzerland,export,19,53777872.800000004,trade_finance
E19,FY2026,Switzerland,import,17,12451052.72,trade_finance
E19,FY2026,Tanzania,export,4,6499514.25,trade_finance
E19,FY2026,Tanzania,import,8,7109515.17,trade_finance
E19,FY2026,Uganda,export,11,9998173.06,trade_finance
E19,FY2026,Uganda,import,8,4026705.79,trade_finance
E19,FY2026,United Arab Emirates,export,16,14958000.03,trade_finance
E19,FY2026,United Arab Emirates,import,17,26269882.23,trade_finance
E19,FY2026,United Kingdom,export,8,9504764.3,trade_finance
E19,FY2026,United Kingdom,import,17,28547975.049999997,trade_finance
E19,FY2026,United States,export,6,10875054.59,trade_finance
E19,FY2026,United States,import,22,19653679.43,trade_finance
E19,FY2026,Unknown,export,2,1804241.23,trade_finance
E19,FY2026,Unknown,import,4,2847967.39,trade_finance
E19,FY2026,Zambia,export,10,13823198.1,trade_finance
E19,FY2026,Zambia,import,14,9519852.19,trade_finance
E20,FY2024,Germany,export,1,216688.53,trade_finance
E20,FY2024,India,export,1,1832831.92,trade_finance
E20,FY2024,India,import,1,356880.38,trade_finance
E20,FY2024,Japan,import,2,358069.89,trade_finance
E20,FY2024,Netherlands,export,1,3150728.95,trade_finance
E20,FY2024,Switzerland,import,2,916165.5800000001,trade_finance
E20,FY2024,United Kingdom,export,1,180179.36,trade_finance
E20,FY2024,United States,export,2,2986181.37,trade_finance
E20,FY2024,United States,import,1,93531.2,trade_finance
E20,FY2025,Brazil,import,2,844741.1499999999,trade_finance
E20,FY2025,China,export,1,323272.7,trade_finance
E20,FY2025,Japan,import,1,112597.01,trade_finance
E20,FY2025,Netherlands,export,1,449204.55,trade_finance
E20,FY2025,United Arab Emirates,export,1,599375.4,trade_finance
E20,FY2026,Brazil,export,1,70815.6,trade_finance
E20,FY2026,Germany,export,1,3353363.03,trade_finance
E20,FY2026,Germany,import,1,423164.85,trade_finance
E20,FY2026,India,export,2,425022.53,trade_finance
E20,FY2026,India,import,1,82159.24,trade_finance
E20,FY2026,Switzerland,import,1,85518.7,trade_finance
E20,FY2026,United Arab Emirates,export,2,318747.16000000003,trade_finance
E20,FY2026,United Arab Emirates,import,1,174798.47,trade_finance
E20,FY2026,United Kingdom,export,2,3407172.0900000003,trade_finance
