entity_id,fiscal_quarter,entity_name,sector,tb_txn_count,tb_total_value_zar,tb_avg_txn_zar,tb_median_txn_zar,tb_net_flow_zar,intercompany_transfers,payments_to_employees,payments_to_suppliers,receipts_from_customers,taxes_paid,channel_Debit Order,channel_EFT,channel_Internal Transfer,channel_RTC,channel_SWIFT,net_operating_cash_flow,operating_margin_proxy,tf_instrument_count,tf_total_value_zar,tf_avg_value_zar,tf_net_trade_zar,tf_countries,tf_weighted_avg_tenor_days,tf_open_exposure_zar,tf_export_collections,tf_guarantees,tf_letters_of_credit,tf_export,tf_import,xb_txn_count,xb_total_value_zar,xb_net_fx_zar,xb_countries,xb_inflow_zar,xb_outflow_zar,fx_AED/ZAR,fx_CNY/ZAR,fx_EUR/ZAR,fx_GBP/ZAR,fx_USD/ZAR,xb_corridor_intercompany,xb_corridor_other,xb_corridor_trade,total_flow_zar,fx_dependence,tb_total_value_zar_index,tb_total_value_zar_yoy,tb_total_value_zar_share,tf_total_value_zar_index,tf_total_value_zar_yoy,tf_total_value_zar_share,xb_total_value_zar_index,xb_total_value_zar_yoy,xb_total_value_zar_share,total_flow_zar_index,total_flow_zar_yoy,total_flow_zar_share
E01,FY2024Q1,BHP Group,mining,9783,3736521448.7941713,381940.2482668068,156676.85532608372,1708514747.534171,1206335739.14,876877.52,376598383.23,2151365474.9841714,1344973.92,375543204.35744387,1672305034.9063754,568953704.6028657,742916241.4922976,376803263.4351885,1772545240.3141713,0.8239163735428137,108.0,277460986.35,2569083.2069444447,-44183899.39,11.0,93.13967045623168,142314252.09,83814201.7,65214250.46,128432534.19,116638543.48,160822442.87,630,543684211.49,377614.65000000235,11,272030913.07,271653298.42,82410000.5,101388648.17999999,110785229.15,122355890.71,126744442.95,264038994.97,47758211.17,231887005.35,4557666646.6341715,0.1192900344941879,100.0,,0.10835230482979477,100.0,,0.09272015432329492,100.0,,0.047440662118096014,100.0,,0.0931320461278302
E01,FY2024Q2,BHP Group,mining,9799,3562854051.7312317,363593.63728250144,150700.04574732066,1559426365.491232,1120793283.03,630895.14,374900714.03,2064567267.451232,1961892.08,323844466.8715525,1663569725.3955493,541005977.6687127,693802434.3553965,340631447.44002086,1687073766.201232,0.81715611440647,94.0,283318705.3,3014028.779787234,-109764966.36,11.0,90.37904200584387,171157922.83,67007366.59,60150425.330000006,156160913.38,86776869.47,196541835.83,562,488077398.78,-20641149.84,11,233718124.47,254359274.31,113813809.02,118319820.46,74751420.98,100073785.25,81118563.07000001,227975730.07,48706031.39,211395637.32,4334250155.811232,0.11260942059968564,95.35216378541104,-0.04647836214588963,0.0889307602471473,102.11118652285435,0.02111186522854358,0.08958530067078505,89.77222226895165,-0.10227777731048349,0.046066931605532685,95.09800720094498,-0.04901992799055033,0.0805312011782962
E01,FY2024Q3,BHP Group,mining,9519,3523650633.3683486,370170.2524811796,152151.3954249644,1724758442.2683487,1097784912.8,578891.71,366667278.64,2056763476.0083487,1856074.21,345520242.1832162,1639832326.9317238,529478961.67052126,684317906.501646,324501196.08124113,1687661231.4483488,0.8205422019276942,107.0,374268700.32,3497838.3207476633,-6539494.959999995,10.0,101.09970422813369,163863374.68,115003025.63,143666988.98000002,115598685.71000001,183864602.68,190404097.64000002,564,565659421.82,26416444.400000002,11,296037933.11,269621488.71,119085636.72,150785695.76,136091963.29,74918363.94,84777762.11,235823058.71,71022423.78,258813939.33,4463578755.508348,0.1267277789423877,94.30296819266167,-0.011003374764631091,0.1178095471792433,134.89056794740972,0.32101655597958145,0.12117938615341002,104.04190702352302,0.15895434460584412,0.05450403115662532,97.93561270666193,0.029838748352749578,0.10290297652528575
E01,FY2024Q4,BHP Group,mining,10334,3775822555.9395413,365378.6100193092,152683.9637085378,1805302556.1995416,1159063907.68,1055465.2,402555505.3,2211398308.5295415,1749369.23,347575712.50318,1697599913.4339828,589076795.5526097,742491502.4282855,399078632.0214836,1806037968.7995415,0.8166950123066964,109.0,269165747.06,2469410.5234862384,-56840055.42,11.0,132.6446660545605,92249980.88,73166328.55,66197736.09,129801682.42,106162845.82,163002901.24,553,485839294.9,5697149.079999998,11,245768221.99,240071072.91,95758244.01,94038265.07,81534642.36,111291175.42,103216968.03999999,238697130.93,51707899.48,195434264.49,4530827597.899541,0.10722970238930114,101.05181002394762,0.07156552927897253,0.11185032177307429,97.01030425966407,-0.2808221824858368,0.08941360308659661,89.3605671513851,-0.1411098690147865,0.04684222809355892,99.41112304133847,0.015066126548837655,0.09611432361629693
E01,FY2025Q1,BHP Group,mining,10144,3822561159.1803856,376829.7672693598,157248.74217876568,1811255203.4603856,1234434669.61,721055.87,413977018.88,2172083472.2803855,1344942.54,381618426.92831516,1686102239.2549148,557517393.6569923,778197963.5464795,419125135.79368377,1756040454.9903855,0.8084590106230067,90.0,262624614.16,2918051.2684444445,2888653.4800000023,11.0,113.79496539114497,115869300.75,49622046.330000006,107163497.15,105839070.68,132756633.82000001,129867980.34,570,507427936.57,-54881130.45,11,226273403.06,281154533.51,98642309.2,115897728.04,113280735.68,91481470.84,88125692.81,246234961.19,42992529.03,218200446.35,4592613709.910385,0.1104878329904,102.30266871381083,0.012378389754392094,0.11504277537584373,94.65280781086648,-0.02430150556468058,0.08038154237869452,93.33137248539231,0.04443576692256568,0.0466671078184134,100.76677532574749,0.013636826976044736,0.09695628292431743
E01,FY2025Q2,BHP Group,mining,10283,3911717986.9729986,380406.3003960905,154079.63,1913056354.6529984,1190390319.95,751254.39,396063551.93,2321565746.3329988,2947114.37,381565543.3889684,1803145751.815638,634166214.4237679,698294906.1056284,394545571.2389957,1921803825.6429987,0.8278050400590897,111.0,347631949.72,3131819.366846847,75865925.04,11.0,96.26362106116486,184136381.74,57173988.03,79644523.11,210813438.58,211748937.38,135883012.34,574,467337103.3,-4303203.0,11,231516950.15,235820153.15,125319985.75,80207077.99,97695128.82000001,81356571.52,82758339.22,188976447.75,55680701.69,222679953.86,4726687039.992999,0.0988720216392182,104.68876040402138,0.02332384599746451,0.10020362008180497,125.29038921583145,0.323683809424697,0.11208217181518443,85.95745350398055,-0.07900793468526235,0.04356599011848866,103.70848520664953,0.02919325215471469,0.08940818259890379
E01,FY2025Q3,BHP Group,mining,9992,3757047140.4735866,376005.51846212836,153117.35731990516,1732419500.1535866,1207918937.07,660268.41,394741549.9,2151369944.2935867,2356440.8,391940720.00526553,1680320399.7631505,570461406.4371576,736850071.2424555,377474543.02555776,1753611685.1835866,0.815113964864557,115.0,323891307.75,2816446.1543478263,30923174.210000005,11.0,111.5882474024189,131940557.93,73440347.88,112131096.68,138319863.19,177407240.98,146484066.77,578,574735964.4,-42425428.900000006,11,266155267.75,308580696.65,84091719.39,158203036.45,115933375.38,127323021.2,89184811.98,302822694.26,51646875.15,220266394.99,4655674412.623587,0.12344848747189822,100.54932621050627,-0.039540387884429484,0.12932400546813652,116.73399997988581,-0.06829246272997036,0.10333793616794532,105.71135822114472,0.22981025974960279,0.050168956037518996,102.15039347078606,-0.015023763318486538,0.10667942104054502
E01,FY2025Q4,BHP Group,mining,9873,3645903829.7040005,369280.24204436346,151643.72,1750204266.1440005,1151470125.44,731849.85,377570523.45,2114489527.9540005,1641803.01,346084345.4803689,1724058602.9316196,558414816.0185347,683630632.5475515,333715432.72592574,1734545351.6440005,0.8203139948025009,102.0,344558535.46,3378024.85745098,-33401308.480000008,11.0,95.13321783579885,137236381.39,45578040.54,140045556.55,158934938.37,155578613.49,188979921.97,689,624962448.14,-48152828.099999994,11,288404810.02,336557638.12,97590321.11,111341409.76,108307211.32000001,141433538.46,166289967.49,279690910.82,65376550.089999996,279894987.23,4615424813.304001,0.13540735109334692,97.57481335696829,-0.029582623431117283,0.11445828225327792,124.18269681538598,0.06380914589394382,0.11098733529569518,114.94953043187552,0.0873905355695539,0.05021640654996077,101.2672749270174,-0.008645277945221297,0.09736478699641496
E01,FY2026Q1,BHP Group,mining,10349,3884777578.176677,375377.0971279039,152614.12,1796308760.3566773,1282654281.36,900055.36,418196924.5,2182243786.466677,782530.49,395185679.188193,1759791260.0317664,555958697.5150096,779289133.1941416,394552808.24756664,1762364276.1166773,0.8075927570723723,112.0,362788783.52,3239185.567142857,25325400.220000006,11.0,102.88499321477038,182678752.07,17318284.3,106932462.72,238538036.5,194057091.87,168731691.65,514,415060005.95,-25274838.93,11,194892583.51,220167422.44,77094393.56,74911135.85,78287865.21,78675254.75,106091356.58,171541137.33,56920982.31,186597886.31,4662626367.646677,0.08901850013761435,103.96775801809864,0.0655183898506917,0.12017049019149441,130.75307930404463,0.0529090014724547,0.10759239971552019,76.3421113172484,-0.3358640872178916,0.039230435001655614,102.30292667608805,0.010226914369099394,0.10075004386415215
E01,FY2026Q2,BHP Group,mining,10842,4088210469.6147923,377071.61682482867,154231.43751925055,1785090869.3347921,1424267608.76,619943.17,445954431.19,2215578754.8447924,1789731.65,376884057.5029334,1721161630.5414743,667084817.1912845,862711655.4897397,460368308.8893602,1767214648.8347924,0.79763115843679,104.0,397789007.84,3824894.306153846,-28480941.399999995,11.0,105.04145050045383,225272247.95,85616478.96,206018225.0,106154303.88,184654033.22,213134974.62,551,556747300.69,-2310052.289999999,11,277218624.2,279528676.49,110742144.36,124384352.64,126179232.72,86918551.0,108523019.97,236827902.57,61776718.82,258142679.3,5042746778.144793,0.11040556371042395,109.41220398812688,0.05236667668721373,0.1056523865341534,143.36754621718728,0.09647548631577374,0.11962428930857179,102.40269791248855,0.34136580906103586,0.04993100204421759,110.64316829465471,0.08152495622118017,0.09484093693256995
E01,FY2026Q3,BHP Group,mining,11614,4272435926.5449443,367869.46155888966,151058.2038413437,1876536521.6449444,1389621917.14,631841.28,468212295.36,2412943127.4449444,1026745.32,401939004.6290402,1951193100.8420908,597912057.6512316,879017732.4462172,442374030.9763645,1943072245.4849443,0.8052706354262297,131.0,330189096.19,2520527.451832061,7639741.67,11.0,98.01814091561204,157683211.51,70506797.96000001,131695730.65,127986567.58,168914418.93,161274677.26,628,597311465.7,5769217.140000002,11,301540341.42,295771124.28,95500459.93,123203559.3,149366633.35,123147264.48,106093548.64,244939623.66,65221395.730000004,287150446.31,5199936488.434944,0.11486899254028705,114.34260407962385,0.04506261561125302,0.14793742068729707,119.00379240110057,-0.16993911424820018,0.10101467904756717,109.86367694272954,0.07285920373520827,0.047210398568251134,114.09207587121554,0.031171446278327908,0.11606777707650992
E01,FY2026Q4,BHP Group,mining,12209,4544628663.70639,372235.9459174699,160971.22,2260921880.4863906,1434412753.53,587102.22,472075707.99,2635554151.86639,1998948.1,483239394.69981235,2040888696.5270712,673474368.8908494,863156016.3079635,483870187.28069407,2160892393.5563903,0.8199005860024299,124.0,353783230.6,2853090.5693548387,52377190.0,11.0,117.66566097904244,173790040.24,69378868.24,65968055.0,218436307.36,203080210.29999998,150703020.3,498,513737490.78000003,-18158900.000000007,11,247789295.39,265948195.39000002,95346648.54,95590718.41,96766447.15,102484514.49,123549162.19,223840947.38,43131417.66,246765125.74,5412149385.0863905,0.09492300641139816,121.62726016661853,0.06370902731865291,0.13946563515140936,127.50737869637793,0.0714564311246162,0.10171379179293645,94.49189068265764,-0.13991691055529665,0.04871460134704709,118.74825003016078,0.040810670884812605,0.11611538816284513
E02,FY2024Q1,Glencore,mining,1648,1036598904.3774961,629004.1895494516,244599.3926078839,480879636.5974961,368824698.7,489746.22,107102717.15,559038616.1874961,1143126.12,110278373.53701149,482107090.1974464,125605542.66099101,213810240.05207402,104797657.92997316,450303026.69749606,0.8054953873642047,59.0,228019386.31,3864735.3611864406,-27365761.049999997,16.0,106.61227858319114,118307510.51,48092887.64,112217130.94,67709367.73,100326812.63,127692573.67999999,404,600418101.87,31359555.529999997,15,315888828.7,284529273.17,110058432.21,120527253.21,127128478.05,92926823.99,149777114.41,277356145.08,60945313.95,262116642.84,1865036392.557496,0.32193371896977074,100.0,,0.03005947697947467,100.0,,0.07619807370214157,100.0,,0.052391133857539164,100.0,,0.03811043430963077
E02,FY2024Q2,Glencore,mining,1647,1078036689.1584895,654545.6521909469,275894.88797592913,428350621.2584895,369670852.76,484151.91000000003,104774199.72,602802541.0284895,304943.74,119834764.44791773,458002815.29823303,131792586.59468089,259193534.89687842,109212987.9207794,497239245.65848947,0.8248791466773016,50.0,260901203.06,5218024.0612,-112460550.08000001,15.0,69.99366162869084,95683250.2,17785290.369999997,171870201.55,71245711.14,74220326.49,186680876.57,338,603383053.28,53922208.6,15,328652630.94,274730422.34,225805734.4,96191701.61,91421272.98,92246747.92999999,97717596.36,235494851.85,80103972.83,287784228.6,1942320945.4984894,0.31065054139399395,103.99747526319042,0.03997475263190431,0.026908377651505947,114.42062329967683,0.14420623299676838,0.08249689231337752,100.49381446041778,0.00493814460417763,0.05694999587538009,104.14386299642197,0.041438629964219764,0.036088696589198374
E02,FY2024Q3,Glencore,mining,1609,994443385.309145,618050.581298412,263671.74,466672787.9891449,297168348.24,464263.17,94449417.11,601230733.589145,1130623.2,86000223.73570706,437861924.4373443,140902935.9592877,239850641.85635197,89827659.32045391,505186430.1091449,0.8402538358166625,72.0,296912077.08,4123778.848333333,-65140579.440000005,14.0,100.03083925480584,171536697.52,68311556.88,83165018.69,145435501.51,115885748.82,181026328.26,332,500801795.21,39456310.89,15,270129053.05,230672742.16,99128097.31,94894512.99,94999920.97,129239336.96,82539926.98,248017894.83,39769598.71,213014301.67,1792157257.599145,0.27944076508157367,95.93328539222539,-0.07754216965899097,0.03324816705981794,130.21352345731606,0.1380249442993886,0.09613313432655671,83.40884354589821,-0.17001017432022103,0.048254683996239646,96.09234783572168,-0.07731147020133977,0.04131624562034691
E02,FY2024Q4,Glencore,mining,1691,1029511068.2345793,608817.8996064928,242572.3423855553,428601193.1145794,384550679.02,572133.9,97438350.23,546054253.1445794,895651.9400000001,116586730.30353443,463557873.71023613,121688125.08498389,240715133.0799758,86963206.05584913,447148117.0745794,0.818871228453169,69.0,294056188.87,4261683.8966666665,-23344717.230000004,15.0,102.41233349152057,131733322.27,105921178.4,43583429.94,144551580.53,135355735.82000002,158700453.05,380,672546640.27,-130697585.97,15,270924527.15,401622113.12,81151398.94,158169880.10999998,150640680.39,147390974.39000002,135193706.44,277844455.66,62109786.76,332592397.85,1996113897.3745794,0.33692798850535416,99.3162412083415,0.035263629326201196,0.03049696921531472,128.96104740419779,-0.009618632687785511,0.09768190657230452,112.01305193420318,0.34293975521390196,0.06484362927780146,107.02814729729423,0.11380510215306883,0.04234439138584543
E02,FY2025Q1,Glencore,mining,1590,906889369.2176086,570370.6724639047,249047.18436213897,408911700.0776086,299825367.61,604731.04,94089929.9,511640061.7076086,729278.96,118745583.1901017,384015067.9075498,156310130.10845172,170960974.90632913,76857613.10517623,416216121.8076086,0.8134940028317549,66.0,294328313.98,4459519.908787879,-129135829.6,14.0,94.69973252860068,197965229.7,33549029.83,158811983.19,101967300.96000001,82596242.19,211732071.79,371,516961662.26,28611484.78,15,272786573.52,244175088.74,86494000.51,99511513.78999999,104145808.35,129996195.59,96814144.02,246001763.34,37789171.32,233170727.6,1718179345.4576085,0.3008775909375839,87.48700827174987,-0.11910673211823186,0.02729349921402228,129.08039037516343,0.0009254187475045139,0.09008509700853655,86.10027923041041,-0.23133708310183365,0.04754390503950025,92.12578115440928,-0.1392378221916739,0.0362730883229796
E02,FY2025Q2,Glencore,mining,1748,1012130298.0711861,579021.9096517083,254338.44008934358,528375639.5311861,307096845.53,431649.41,101387556.62,601343592.8811861,1870653.63,116237376.06700166,481794857.5329645,144102816.6388818,180680426.83349764,89314820.99884045,497653733.22118616,0.8275696941191372,56.0,277635760.98,4957781.446071429,54618683.7,15.0,136.42694502124507,174617761.18,53900593.629999995,118843185.6,104891981.75,166127222.34,111508538.64,396,606813096.6,8516429.06,15,307664762.83,299148333.77,111443631.33,150221816.89,120480528.05,100963470.22,123703650.11,298910393.46,70826030.08,237076673.06,1896579155.651186,0.3199513686480711,97.63952998570801,0.11604604974515342,0.025927001946193524,121.75971765950851,-0.05671405776181726,0.0895142667101336,101.0650902612834,0.17380676537443174,0.056568188537931365,101.69126796772237,0.10383072678950378,0.03587495724319992
E02,FY2025Q3,Glencore,mining,1686,1045230228.3819568,619946.7546749447,260468.72800302616,463551814.10195684,368184653.03,486530.03,97950966.39,577694113.0819569,913965.85,98688403.59471777,451436541.6502131,169189385.35190415,231362138.5432623,94553759.24185947,478342650.8119569,0.8280206427239374,54.0,174233515.25,3226546.578703704,-13171906.790000001,16.0,114.21807959648568,113947083.76,32410325.86,77769132.60000001,64054056.79,80530804.23,93702711.02,375,579341212.8,58144628.519999996,15,318742920.66,260598292.14,119467805.33,126127228.8,87057654.64,92938614.15,153749909.88,285111883.04,61401324.02,232828005.74,1798804956.4319568,0.32207005586039733,100.83265802886837,0.03270323037839029,0.03597861690755649,76.41171133279154,-0.37243849771013027,0.05558942597841676,96.48963130785761,-0.04527239763598745,0.05057095020324456,96.44878585802194,-0.05155292302348369,0.04121754536715684
E02,FY2025Q4,Glencore,mining,1657,976910494.8783787,589565.7784419908,236743.74,399384407.55837876,356336941.61,391064.44,109743201.77,509595306.7183787,843980.3400000001,92386124.13416038,460939951.85506856,127709950.23408458,210989912.08822444,84884556.56684078,398617060.1683787,0.7822227852437215,69.0,220962290.26,3202352.032753623,51632216.04,16.0,106.5785791561518,134424931.13,36277566.86,73173753.03999999,111510970.36,136297253.15,84665037.11,439,706841447.29,-11019926.049999999,15,347910760.62,358930686.67,112888492.85,142926242.26,137663722.15,184337956.63,129025033.4,347763808.11,67504153.9,291573485.28,1904714232.4283786,0.3711010477350327,94.24189922958082,-0.06536333493658975,0.030668800490016447,96.90504559098952,0.2681962476791617,0.07117518004321315,117.72487289915891,0.22007796385446454,0.056795472414569684,102.12745660241369,0.058877576258461906,0.04018093740685838
E02,FY2026Q1,Glencore,mining,1727,1079988040.5984097,625354.9742897566,245089.64382808347,606243258.9384097,361529885.51,355236.33,93998247.55,621690838.1884097,2413833.02,111779550.75799036,473059471.05726945,194406019.29981226,163054600.1842044,137688399.2991333,524923521.2884097,0.844348169611157,65.0,316055860.0,4862397.846153846,98469485.36,16.0,122.02525180137461,179281201.81,83164713.85000001,130149788.76,102741357.39,207262672.68,108793187.32,348,561546589.26,71038318.7,15,316292453.98,245254135.28,104247358.28,49474066.12,109063269.17,102522331.96000001,196239563.73000002,310277677.74,48365780.22,202903131.3,1957590489.8584096,0.28685600597733596,104.1857208258357,0.10551380731441884,0.033408011045146124,138.6092056095228,0.4303610793864696,0.09373279981705343,93.52592593578794,-0.2055550910137688,0.05307598095350972,104.96258934518676,0.027760729945624174,0.042299620893884005
E02,FY2026Q2,Glencore,mining,1894,1190496279.2535467,628561.9214643858,250125.05217735004,532886521.05354667,400690709.51,610306.52,105417313.79,682383892.4435467,1394056.99,129618872.9363957,536183927.50042534,175349647.5515158,219046049.46887487,130297781.79633495,574962215.1435467,0.8425788203831512,62.0,318344207.58,5134583.993225806,81867321.42,16.0,94.64852484453677,184490756.88,67206765.78999999,127304591.69,123832850.1,200105764.5,118238443.08,346,562314593.5,-57908131.400000006,15,252203231.05,310111362.45,90251453.31,79510302.22,151274044.55,118189123.5,123089669.92,255461233.7,49033898.89,257819460.91,2071155080.3335466,0.27149806349094957,114.84637637818746,0.10232357628136857,0.030766217639234837,139.6127814970962,0.007240326377748518,0.09573341353508516,93.65383750900801,0.0013676589880318168,0.050430295903985484,111.05172470620819,0.05801243470658202,0.03895303432700853
E02,FY2026Q3,Glencore,mining,1943,1023309226.6011424,526664.5530628628,231156.55,477249263.2211424,345856860.74,335384.89,113223760.68,562827662.0011424,1065558.29,126684356.50007279,492271752.33250886,126919170.63380446,187942216.06277832,89491731.07197794,448202958.14114237,0.7963413819206218,56.0,213134699.11,3805976.7698214287,327055.5500000017,15.0,139.67699277223522,150850220.57,69654090.13,52603295.37,90877313.61,106730877.33,106403821.78,426,618681440.38,-92640533.3,15,263020453.54,355660986.84,137725813.95000002,131533208.57,115821753.0,96707571.76,136893093.1,270877335.38,71281817.29,276522287.71,1855125366.0911427,0.33349845335983835,98.71795371187137,-0.14043475445150677,0.03543311828465716,93.4721834661182,-0.33048978421748354,0.06520425257200996,103.04177013536382,0.10024076830223683,0.04889944202375203,99.46858803903753,-0.1043039781490499,0.041408251412172886
E02,FY2026Q4,Glencore,mining,2007,1146474351.8310988,571237.8434634274,240625.64,524098891.6910988,371523726.34,588187.6,120600943.78,653256718.6010988,504775.51,98932400.13730797,504253065.7398786,181510459.08270025,241196032.04561782,120582394.82559419,531562811.7110988,0.8137119704630079,59.0,237538809.16,4026081.5111864405,-47024249.86,13.0,116.35688017166449,141310662.75,87667466.52,54570590.74,95300751.9,95257279.65,142281529.51,344,581383703.14,17226295.960000005,15,299304999.55,282078703.59,141596786.82,142169835.65,95588403.02,69648118.31,132380559.34,249158515.58,69829636.35,262395551.21,1965396864.1310987,0.2958098253591289,110.59961061019891,0.12035963521900572,0.03518302274943681,104.17483048439487,0.11450087738836401,0.06829315492615749,96.82980931608867,-0.06028585117583518,0.05512908019450631,105.38115352462263,0.05944153427878818,0.042166762876405396
E03,FY2024Q1,Anglo American,mining,9560,2702521260.27993,282690.5083974822,115324.35697490643,1222932400.89993,911461760.13,313600.83,282833849.86,1506809030.0699298,1103019.39,272134226.60732704,1179458793.0315473,396961892.59494734,543799655.2282356,310166692.8178725,1222558559.98993,0.8113560083544177,110.0,238009723.62,2163724.760181818,-65574895.38,16.0,97.61820701995737,130321810.17,54393045.36,57844005.32,125772672.94,86217414.12,151792309.5,671,478033305.95,-29761574.35,16,224135865.8,253897440.15,93794310.44,84220170.82,100999084.08,111380508.58,87639232.03,215627868.74,30896294.94,231509142.27,3418564289.84993,0.13983452274667765,100.0,,0.07836818586906566,100.0,,0.07953658132193535,100.0,,0.0417121116808217,100.0,,0.06985545714897298
E03,FY2024Q2,Anglo American,mining,9180,2580755010.4902735,281127.99678543286,118038.59477738437,1266481546.3702736,790317227.29,461669.42,276575265.41,1512115436.7702737,1285411.6,272424439.89199716,1097724577.0847309,383985224.80344117,563382420.756362,263238347.95374233,1233793090.3402736,0.815938426616113,114.0,227545716.43,1996015.0564035089,7117307.910000002,17.0,106.4022666721927,94728318.54,63809304.699999996,65697270.42,98039141.31,117331512.17,110214204.25999999,582,380284516.63,12338324.870000001,16,196311420.75,183973095.88,66465537.16,73319992.83,80629238.81,68867806.69,91001941.14,162681986.26,36947059.11,180655471.26,3188585243.5502734,0.11926434063483872,95.49434627659343,-0.04505653723406566,0.06441703807177108,95.60353794338816,-0.043964620566118384,0.0719498961466232,79.55188726322261,-0.2044811273677739,0.03589295644917522,93.27264234923157,-0.06727357650768417,0.05924452684813542
E03,FY2024Q3,Anglo American,mining,8655,2414875690.125288,279015.0999567057,116389.51954780112,1061331276.5852882,783818312.75,367613.75,255696055.78,1373909154.305288,1084553.54,265498364.47012386,1116630289.8200958,338652531.1709406,433401932.24651986,260692572.41760814,1116760931.2352881,0.8128346242805071,99.0,194857058.16,1968253.1127272728,-46040866.54,16.0,131.90584639225676,77566849.15,71761823.34,54281469.88,68813764.94,74408095.81,120448962.35,584,484261542.88,-67381879.18,16,208439831.85,275821711.03,74349984.06,160930951.12,71562228.92,97553943.46000001,79864435.32,190907637.53,89997378.48,203356526.87,3093994291.165288,0.15651662456610838,89.356399360024,-0.06427550065415655,0.08073882491462167,81.86936869482845,-0.14365754180240098,0.06309012395452591,101.30288765499772,0.2734190368080778,0.046660950393372806,90.50566345502632,-0.029665492737357302,0.07132868923176196
E03,FY2024Q4,Anglo American,mining,8868,2481265857.896057,279799.9388696501,114762.07315855693,1035229489.536057,805992224.99,544992.82,266695991.76,1406369182.246057,1663466.08,240388313.95003754,1108469776.9040337,371397275.6137666,489505058.1084843,271505433.31973493,1137464731.5860572,0.8087952622578496,101.0,252572720.89,2500720.008811881,-46503871.330000006,17.0,102.61286801806843,122389066.62,51933592.62,88642107.47,111997020.8,103034424.78,149538296.11,521,395739591.11,-26155262.970000003,16,184792164.07,210947427.04,81819363.97,74247931.22,79800098.61,62149274.57,97722922.74,202076307.29,32485962.369999997,161177321.45,3129578169.896057,0.12645141601404503,91.81300048825683,0.02749216783383357,0.07350196692205496,106.11865643491561,0.29619487882552753,0.08390160064135542,82.78494117131505,-0.1827978146758098,0.03815525912995961,91.54656471396773,0.011500951644408897,0.06638903875824705
E03,FY2025Q1,Anglo American,mining,8298,2304179823.696696,277678.9375387679,114014.0276185346,1104782792.7166955,764449296.79,475696.15,246523392.79,1290184450.9366956,2546987.0300000003,208048203.76266813,1028385660.3355558,367435552.62509996,489935274.33038956,210375132.64298213,1040638374.9666955,0.8065810855270924,96.0,249846994.24,2602572.856666667,-31142646.939999998,17.0,108.99939454180563,141087441.55,61875755.61,101671933.6,86299305.03,109352173.65,140494820.59,542,364349901.74,-31963562.520000003,16,166193169.61,198156732.13,92896782.01,51350725.07,71989614.67,74123348.62,73989431.37,165098030.14,22687040.98,176564830.62,2918376719.676696,0.12484676816513376,85.26037732106597,-0.07136923019991015,0.06934597795681238,104.97343992504233,-0.010791848939169846,0.07647069494962379,76.21851808336326,-0.07931905241513959,0.033508514062239286,85.36849016827495,-0.06748559670148002,0.06161087711385951
E03,FY2025Q2,Anglo American,mining,7918,2157013384.039315,272418.96742097946,114667.28831688406,990338559.099315,655838910.36,352501.85,249695278.53,1250209259.209315,917434.09,223831360.05356663,943068345.5333841,340931972.3934419,465488492.5224868,183693213.53643566,999244044.739315,0.7992614335389573,85.0,180614822.58,2124880.265647059,484459.50000000215,16.0,100.9002177508326,69338902.98,23927381.990000002,59076575.28,97610865.31,90549641.04,90065181.53999999,520,335899673.65,-65258703.29,16,135320485.18,200579188.47,73296946.87,65122784.42,55106861.03,65583022.199999996,76790059.13,169137598.17,26002485.29,140759590.19,2673527880.2693152,0.12563911381996265,79.81485347559817,-0.06386933786325544,0.05525463501342536,75.88548057320752,-0.27709827716997226,0.058233144545793016,70.26700220865645,-0.07808490671777957,0.03131316079914484,78.20616064490275,-0.08389898321094935,0.05057141860247493
E03,FY2025Q3,Anglo American,mining,7460,2067737954.2559285,277176.6694713041,113324.68067658611,916116412.8759284,623007268.95,332327.14,228801021.31,1214304506.5259285,1292830.33,226230748.72878414,944209449.3557231,321092353.152049,399740244.24720657,176465158.77216557,983878327.7459285,0.8102402012496527,79.0,150463679.61,1904603.5393670888,-5822171.67,17.0,97.37848082658623,70594355.71,50902021.5,42812699.69,56748958.42,72320753.97,78142925.64,506,315157193.27,-5997823.670000001,16,154579684.8,160577508.47,70473101.43,77809766.42,52583776.52,46783557.52,67506991.38,129991759.55,39625736.95,145539696.77,2533358827.1359286,0.12440290332905535,76.51144080330936,-0.041388444987858986,0.07117508631237444,63.21745066610234,-0.16693614920029665,0.04800562950313494,65.92787350740869,-0.061752011112738425,0.027510210520019632,74.10592904915471,-0.05242849875171929,0.0580490019306394
E03,FY2025Q4,Anglo American,mining,7071,1887050045.776872,266871.7360736631,115813.4769225993,873887787.9568719,570561584.35,308550.51,219653878.65,1096107006.9568717,419025.31,171543136.9152565,856138270.4900794,302085699.1206868,376961411.6952249,180321527.55562422,875725552.4868717,0.7989416607399981,70.0,211326167.58,3018945.251142857,-119574058.2,15.0,85.88463699333036,133385436.41000001,30844766.200000003,106735289.93,73746111.45,45876054.69,165450112.89,470,333873858.76,38135303.84,16,186004581.3,147869277.46,53663742.79,63437942.44,62737712.56,74842389.79,79192071.17999999,136013611.18,42271800.81,155588446.77,2432250072.116872,0.13726954419181822,69.82553934030511,-0.08738433615688834,0.05924141635494694,88.78887986836946,0.4044995318986935,0.06807124422746619,69.84322109031491,0.059388349337040625,0.02682712453811392,71.14829109221299,-0.039910949027842424,0.051309580325315116
E03,FY2026Q1,Anglo American,mining,6880,1862643512.0251694,270733.0686083095,113173.46731298999,896160803.2851695,591695168.7,591639.84,192748546.78,1076152531.2751694,1455625.43,209119003.47265697,814902843.3469158,273251494.08852977,391340604.0765071,174029567.0405598,881356719.2251694,0.8189886597031186,63.0,127084492.25,2017214.1626984128,-31869417.609999996,17.0,98.40345778577874,69064482.48,25758673.53,38875807.03,62450011.69,47607537.32,79476954.93,394,261506568.41,-42000372.74999999,16,109753097.83,151753470.58,50926646.47,64268794.98,45371093.39,50126147.3,50813886.27,114044377.91,22035179.49,125427011.01,2251234572.685169,0.11616140387275901,68.92243696289127,-0.012933697124950738,0.05761842972670994,53.39466401502979,-0.39863343141406915,0.037689493470936204,54.70467541802461,-0.2167503937528098,0.024716947639976564,65.85321736874502,-0.07442306262289822,0.04864468307397388
E03,FY2026Q2,Anglo American,mining,6935,1857893164.2095482,267900.96095307113,115175.61,904916384.5695484,565914721.35,517658.64,212700892.83,1077454107.4395483,1305783.9500000002,186126921.78178683,865229047.9475316,279597392.7438316,354190456.39567554,172749345.3407228,862929772.0195483,0.8008970090338292,75.0,169860280.43,2264803.739066667,-20375431.45,16.0,96.4517801794259,96910514.52,49018400.39,49397270.89,71444609.15,74742424.49,95117855.94,408,294990626.15,-26135529.11,16,134427548.52,160563077.63,71942352.61,50837528.83,48675997.41,67845653.01,55689094.29,117627957.75,23628971.98,153733696.42,2322744070.7895484,0.1270009166570498,68.74666229330998,-0.0025503258057448797,0.04801387995631347,71.36694999116692,0.33659329649641023,0.05108088692175827,61.70922035730594,0.12804289369704236,0.02645576824362901,67.94501649964621,0.03176456997063881,0.043684768167022
E03,FY2026Q3,Anglo American,mining,6662,1904033781.83642,285805.13086706994,114301.56439726596,950858055.5764201,555056545.93,395967.64,189216102.63,1158771420.64642,593744.99,180141360.6918972,876487533.1141946,285897430.345671,349978229.7556291,211529227.929028,968565605.38642,0.8358556209870159,85.0,150198749.98,1767044.1174117646,-48837646.08,16.0,102.93746047326458,73661519.55,34609405.7,69282016.99,46307327.29,50680551.949999996,99518198.03,382,243195975.6,-46262787.68,16,98466593.96,144729381.64000002,47121219.47,45501255.050000004,52968083.39,40990560.64,56614857.05,114749263.87,15201106.59,113245605.14,2297428507.41642,0.10585573166474144,70.45397976403702,0.02483491436199059,0.06592909792661265,63.106140243162216,-0.1157511950423431,0.04595027121623948,50.8742743597529,-0.1755806658197433,0.019221762175309062,67.2044844743076,-0.010898989557865169,0.05128089938042405
E03,FY2026Q4,Anglo American,mining,6682,1933410205.0516498,289346.03487752913,114377.345,922444665.5916498,652990938.25,489004.32,200278905.07,1078466393.5216498,1184963.8900000001,228921414.39818192,836945372.4701605,267509799.96282634,396181788.93442714,203851829.28605384,876513520.2416499,0.8127406894705933,82.0,184873104.92,2254550.06,-40341187.66,16.0,93.9229706939462,82793938.9,16080785.35,81386533.47,87405786.1,72265958.63,112607146.29,283,196685740.24,-45408883.94,16,75638428.15,121047312.09,31043569.83,44440104.0,51394021.15,36397746.15,33410299.11,94183056.45,22216282.32,80286401.47,2314969050.21165,0.08496257875327434,71.54098039737104,0.01542851996401895,0.05933252245868542,77.67460173818927,0.23085648145951376,0.053151599271835506,41.1447775273994,-0.19124590875836844,0.01865051236944584,67.71758123973365,0.007634859034179486,0.04966668706355523
E04,FY2024Q1,AngloGold Ashanti,mining,1886,460294351.7737545,244058.51101471606,94886.01000000001,221130626.0737545,141805470.5,237604.59,46936283.78,270209821.29375446,1105171.6099999999,53140497.95917901,196121036.6462057,73534435.72509311,100118788.13101548,37379593.312261194,221930761.31375444,0.8213275159694725,76.0,86766831.9,1141668.8407894738,5433196.4799999995,18.0,116.25438218057147,46367988.18,7898363.6899999995,22504047.7,56364420.510000005,46100014.19,40666817.71,416,227407559.25,49516179.93,18,138461869.59,88945689.66,43381394.02,59529295.01,40957616.65,43408543.02,40130710.55,85062907.17,18006698.02,124337954.06,774468742.9237545,0.29363039028727855,100.0,,0.013347696406484609,100.0,,0.028995190097692046,100.0,,0.019843072418663718,100.0,,0.01582561084053922
E04,FY2024Q2,AngloGold Ashanti,mining,1877,415251851.4357373,221231.67364716958,89818.35,178716697.3757373,152808465.78,181245.15,42831909.85,218875391.7157373,554838.94,31608760.872344032,210576500.85618833,52085486.757574186,82578474.85503122,38402628.09459953,175307397.77573732,0.8009461292177442,68.0,116901587.43,1719140.9916176472,-24095111.150000002,17.0,91.31417755248184,66246573.01,13620381.35,35635971.07,67645235.01,46403238.14,70498349.29,389,190788874.5,2314265.2,18,96551569.85,94237304.65,48526278.05,40247944.45,37842580.9,40250908.63,23921162.47,72747894.55,20762030.43,97278949.52,722942313.3657373,0.2639060834767873,90.2144138496497,-0.0978558615035029,0.010364910351652356,134.7307316287988,0.34730731628798805,0.0369642514345085,83.89733179021401,-0.16102668209785997,0.018007508757129954,93.34686776854339,-0.06653132231456604,0.013432407171953426
E04,FY2024Q3,AngloGold Ashanti,mining,1806,426676600.3915477,236255.03897649373,95292.66882294588,139940288.19154766,164367104.26,232880.08,45574755.54,216217322.05154768,284538.46,42998778.939069994,187493959.1325866,71469028.80508745,87450472.35673334,37264361.15807029,170125147.97154766,0.7868247851621651,70.0,110405323.56,1577218.908,4429168.280000001,19.0,119.62013859886738,71284678.51,40976055.010000005,34182551.02,35246717.53,57417245.92,52988077.64,355,222258971.03,-7934231.150000003,18,107162369.94,115096601.09,50923417.69,30036047.12,35196954.48,40413883.29,65688668.449999996,108087390.17,23856601.83,90314979.03,759340894.9815476,0.29269985654519637,92.69646667341017,0.027512818826235685,0.014265482680970575,127.24369570995019,-0.05557036489252065,0.03574664225362819,97.73596434657658,0.16494723087220686,0.0214157307640735,98.04668063360484,0.05034783680920918,0.017505782371275005
E04,FY2024Q4,AngloGold Ashanti,mining,2027,458169325.16902614,226033.2141929088,91779.08,194740256.14902616,148851535.32,186483.33000000002,46007712.84,261914201.09902614,1209392.58,46234701.96770881,197927587.77730188,57936583.989077635,105251961.36144179,50818490.07349603,214510612.34902614,0.8190110022629993,69.0,119029028.28,1725058.3808695653,-25292395.799999997,18.0,110.84356567050015,58919341.33,16508835.66,37707667.16,64812525.46,46868316.24,72160712.03999999,355,214201370.59,-702536.6100000006,18,106749416.99,107451953.6,47226527.199999996,42302719.69,42909887.19,47007716.49,34754520.019999996,106812196.78999999,14987238.26,92401935.54,791399724.0390261,0.27066141683344475,99.53833311303093,0.07380935525542909,0.013572244375227582,137.18263727455513,0.07810950090022994,0.03954000242103169,94.19272221928128,-0.036253206800423876,0.020652239463658344,102.18614130911912,0.042219284209969565,0.01678829033825921
E04,FY2025Q1,AngloGold Ashanti,mining,1878,428809940.06083053,228333.30141684267,95867.00625309855,200523202.20083052,132525521.6,125791.84,42885574.47,253051732.04083052,221320.11,50630348.96728603,174875106.77985385,73926815.2374768,87390531.40341753,41987137.67279633,209819045.62083054,0.8291547500136285,88.0,165291637.33,1878314.060568182,-19464418.53,19.0,102.97474817747938,92426861.81,18829764.16,55037070.18,91424802.99000001,72913609.4,92378027.93,392,218218895.12,-1898904.1,18,108159995.51,110058899.61,48147354.53,31946690.4,38571619.6,50192962.52,49360268.07,97163203.21000001,21642627.830000002,99413064.08,812320472.5108305,0.26863645876792863,93.15993959265455,-0.0640797702844127,0.012905348942520137,190.50094801260113,0.388666611149453,0.05059082825645075,95.95938492093023,0.018755830174821186,0.02006914474480308,104.88744444923357,0.02643512227301792,0.017149183130299048
E04,FY2025Q2,AngloGold Ashanti,mining,1895,463360228.2155517,244517.27082614866,99048.8694278005,191526667.4155517,174012931.66,127695.9,43186185.55,245211129.4455517,822285.66,31502311.293382756,203957628.92675218,69927184.42057054,107606841.56504849,50366262.00979773,201074962.3355517,0.8200074882008964,61.0,96399532.25,1580320.200819672,2342994.770000002,19.0,91.97686310713401,60200218.67,20163957.72,30408638.52,45826936.01,49371263.51,47028268.74,381,195066784.34,-51263357.84,18,71901713.25,123165071.09,61186460.93,42678645.44,33143045.57,28629393.49,29429238.91,90856306.05,21775514.88,82434963.41,754826544.8055516,0.2584259730694162,100.66606866453668,0.0805724982723579,0.011869560235107532,111.10182328784553,-0.4167912315034965,0.03108077075553765,85.77849609895938,-0.1060958115806998,0.018184470137280022,97.46378426532101,-0.07077739593041255,0.014278006768261593
E04,FY2025Q3,AngloGold Ashanti,mining,1924,424853276.124809,220817.71108358057,88848.495,167651477.644809,157798810.60999998,180289.09,46698834.24,219672899.074809,502443.11,47628493.699255325,193344273.23347983,51007993.864296414,91818854.20407723,41053661.12370022,172291332.63480902,0.7843085485758335,60.0,90141863.31,1502364.3885000001,-3369821.470000002,17.0,111.07295945023216,45034556.4,24970670.669999998,29651258.63,35519934.01,43386020.92,46755842.39,393,245083065.77,357441.4300000088,18,122720253.60000001,122362812.17,41063541.46,40546517.75,49146235.22,55469916.15,58856855.190000005,82847334.12,21411460.37,140824271.28,760078205.2048091,0.32244453806429096,92.30034530895882,-0.08310370581229409,0.014624178337510745,103.88977139777302,-0.06491389318955954,0.02875987682873664,107.77261168375166,0.25640593604507256,0.02139340899780224,98.14188269695448,0.006957440004458526,0.017416317313111333
E04,FY2025Q4,AngloGold Ashanti,mining,1893,451909829.9013719,238726.79868006968,91259.34741448004,237192201.50137192,158755142.35999998,243635.09,45288394.85,247240665.90137193,381991.7,59601877.18623961,206879928.153618,62256097.97667981,79156572.12784754,44015354.45698697,201326644.2613719,0.8142942162341699,65.0,95736009.02,1472861.677230769,12651778.780000001,17.0,131.42213936839124,51619804.69,28203504.810000002,32495908.95,35036595.26,54193893.900000006,41542115.12,431,234422306.77,-1414366.0700000008,18,116503970.35000001,117918336.42,41549824.1,52757838.83,47567659.97,36824224.21,55722759.660000004,81648002.22,28855011.85,123919292.7,782068145.6913719,0.2997466500349066,98.17844345904471,0.06368446543087147,0.014187105661555921,110.33710338800556,0.062059352941946644,0.03083796638150024,103.0846589019006,-0.043498554118809096,0.01883608510587646,100.98124073270257,0.028931155157432054,0.01649813430010396
E04,FY2026Q1,AngloGold Ashanti,mining,1941,424215357.0964848,218555.05259994065,88934.57,203230330.75648478,133874693.95,343625.04,47341433.31,241921981.28648478,733623.51,42443971.705845095,174033171.42811444,71395278.97460288,89987382.21694446,46355552.7709779,193503299.42648476,0.7998582782659073,66.0,111080730.04,1683041.3642424243,21549991.7,19.0,98.09111398103303,49631166.86,32447240.9,28114596.5,50518892.64,66315360.870000005,44765369.17,379,231342096.52,37969806.800000004,18,134655951.66,96686144.86,39498160.8,46622702.6,39868996.43,44031317.660000004,61320919.03,113248205.53,13435952.22,104657938.77,766638183.6564848,0.3017617716568886,92.16175594198832,-0.061283182998987606,0.013122544697390643,128.0221112233556,0.16028160330763708,0.0329432519693559,101.73016995696021,-0.01313957827836798,0.021865877103485355,98.98891216219936,-0.019729689950799045,0.016565520061241536
E04,FY2026Q2,AngloGold Ashanti,mining,2117,486587526.6992199,229847.67439736414,98453.35038130774,190391394.2992199,182883625.57,275916.06,48694003.42,254389620.9692199,344360.68,38944532.18656348,195109398.70829892,88061316.44281358,108561786.14074612,55910493.22079781,205075340.8092199,0.8061466502756147,73.0,122469128.55,1677659.2952054795,-26918320.81,19.0,119.02620684035234,57173836.93,27266248.33,31805326.32,63397553.9,47775403.870000005,74693724.68,354,190359933.95000002,-3044616.33,18,93657658.81,96702275.14,33762507.12,37379498.93,44288906.42,40649831.82,34279189.660000004,79381844.03,20641573.7,90336516.22,799416589.19922,0.2381235722674765,105.71225234985918,0.14702949471145388,0.0125749723101628,141.14740145306607,0.102523619586395,0.03682927928196184,83.70870985019818,-0.17714961170699428,0.017072129922165415,103.22128510716689,0.04275603047372134,0.015034944575778668
E04,FY2026Q3,AngloGold Ashanti,mining,2203,540643522.5363644,245412.40242231704,93723.41,238691250.71636447,205807226.77,146935.15,49885266.85,284594388.5463645,209705.22,55046174.94431152,247162655.43408465,81075757.89161433,92223163.2348005,65135771.03155345,234352481.3263645,0.82346135678703,71.0,107335276.55,1511764.458450704,-29794768.09,18.0,97.16876727234744,57437563.09,20817112.69,33887771.89,52630391.97,38770254.230000004,68565022.32,450,249802008.99,827683.549999997,18,125314846.27,124487162.72,58737963.52,47831082.99,51379260.47,45083306.92,46770395.09,114740775.81,18160731.45,116900501.73,897780808.0763644,0.2782438728282016,117.45604099919598,0.1110920294316522,0.01872032948192253,123.70542314337973,-0.12357279078556815,0.03283705802611081,109.84771562293614,0.312261481744436,0.019743890892412436,115.92214873476823,0.12304500582815825,0.020039364505149777
E04,FY2026Q4,AngloGold Ashanti,mining,2361,530594796.50202626,224733.07772216276,90515.90360114336,211693849.18202627,203320461.92,229441.49,57824970.339999996,269106211.8920263,113710.86,55110347.688855514,248584766.58405182,77632577.62810671,105095461.93767352,44171642.6633387,210938089.2020263,0.7838469714948876,95.0,174808720.35,1840091.7931578946,19894883.79,18.0,101.10030530522101,80956090.01,25432514.330000002,79757369.88,69618836.14,97351802.07,77456918.28,344,176988655.6,19198496.619999997,18,98093576.11,78895079.49,40319710.07,24625011.85,35653100.86,46315817.39,30075015.43,74531164.43,16725943.9,85731547.27,882392172.4520262,0.20057822488177443,115.2729323002482,-0.018586602105571837,0.016282901371712313,201.46952069365574,0.6286231886547462,0.050258057045594606,77.82883567446758,-0.2914842586110461,0.016782757644207086,113.93515626219362,-0.01714074915157826,0.018931352837092415
E05,FY2024Q1,Gold Fields,mining,1741,352841051.95924133,202665.73920691633,86052.33152117369,138445461.6392413,119264339.97,168860.63999999998,37072934.02,195954066.42924133,380850.89999999997,38537643.11268789,160538802.08637175,55930513.1774775,73403203.79654709,24430889.7861571,158331420.86924133,0.8080027312238224,74.0,132327583.89999999,1788210.5932432432,-18527867.419999998,15.0,98.18941978014912,96365850.02,24404800.94,28914341.97,79008440.99,56899858.24,75427725.66,461,298526840.92,3100690.2000000007,14,150813765.56,147713075.35999998,67030892.879999995,60275788.82,37358874.16,90632651.03,43228634.03,154601373.56,15238857.02,128686610.34,783695476.7792413,0.3809219904482004,100.0,,0.010231746757586768,100.0,,0.04422039351132276,100.0,,0.026048781064389633,100.0,,0.01601415130864761
E05,FY2024Q2,Gold Fields,mining,1706,384616857.0370959,225449.5058834091,88333.71942095144,186805633.3170959,121838830.62,152532.18,35777569.71,226573107.2670959,274817.26,41595623.74178076,155851053.47929743,81869498.11411542,67270378.37026227,38030303.33164002,190368188.1170959,0.8402064588039577,71.0,102649914.39,1445773.442112676,-15578655.049999999,15.0,109.00186291475386,42103091.17,9292789.030000001,29917848.5,63439276.86,43535629.67,59114284.72,412,253159815.12,19286786.66,14,136223300.89000002,116936514.23,45226170.160000004,33258037.1,66866605.86,64142891.4,43666110.6,128172445.45,14946616.71,110040752.96000001,740426586.5470959,0.3419107575547565,109.0056995639853,0.09005699563985314,0.009600244355661175,77.57257509331734,-0.22427424906682658,0.03245787613889147,84.80303289975939,-0.1519696710024061,0.023894357570240818,94.47886436579067,-0.05521135634209329,0.013757268329110318
E05,FY2024Q3,Gold Fields,mining,1719,403238188.32431537,234577.1892520741,89647.2,184110687.10431537,127538932.24,236557.97999999998,40030802.23,234518058.28431538,913837.59,37538665.542195305,177836191.44296086,74670616.17943005,75549769.41431332,37642945.74541586,193336860.4843154,0.8244007386839507,73.0,153029919.76,2096300.2706849314,-84402489.92,15.0,122.46235260000768,102562394.82,23301302.419999998,41503744.64,88224872.7,34313714.92,118716204.84,405,241985997.97,12252398.770000001,14,127119198.37,114866799.6,46863848.35,54241191.4,58366670.480000004,31519348.13,50994939.61,139403607.22,17190603.92,85391786.83,798254106.0543153,0.30314406920637205,114.28324059381154,0.048415275998741514,0.013481844063085923,115.64476222557253,0.4907944216942077,0.049547482126523525,81.060047138223,-0.0441374044482673,0.023316525570082212,101.85768958816831,0.07810027429848532,0.018402884330236288
E05,FY2024Q4,Gold Fields,mining,1790,382277365.48035425,213562.77401137108,89907.5672291595,124484301.44035424,142946690.8,148366.31,40163350.37,198112322.49035424,906635.51,42910690.42352891,155169690.61732,60797754.63566526,74815742.14236028,48583487.661479786,156893970.30035424,0.7919445309011162,80.0,159677930.95,1995974.1368749999,-20965714.149999995,15.0,118.85741256656735,98643185.36,20355755.19,44235104.910000004,95087070.85,69356108.4,90321822.55,397,179727350.59,-39924127.41,14,69901611.59,109825739.0,33351830.44,39093113.93,35156237.71,30282087.52,41844080.99,85341523.89,18013147.64,76372679.06,721682647.0203543,0.24903931296124263,108.34265552652111,-0.05198124446264696,0.011324114335902967,120.66866653491434,0.043442558163960365,0.0530430758579014,60.2047541306893,-0.2572820241761197,0.01732842452095328,92.08712674803974,-0.0959236644737671,0.015309353089518744
E05,FY2025Q1,Gold Fields,mining,1750,381314372.2377063,217893.92699297503,89827.28,162299928.39770633,131332054.38,105172.19,38312535.8,211090030.24770632,474579.62,44980302.331656516,165123943.61724237,68120975.60955319,72484650.0447501,30604500.634504143,172197742.63770634,0.8157549763749556,73.0,108923237.1,1492099.1383561643,-10172247.059999999,14.0,87.87806261589705,33716339.23,24468982.51,39623704.89,44830549.699999996,49375495.02,59547742.08,418,197874846.19,-3464536.730000001,14,97205154.73,100669691.46,38272938.92,43550948.71,28704205.919999998,43509747.97,43837004.67,90413495.18,22846801.830000002,84614549.18,688112455.5277064,0.2875617852873362,108.06973001592628,-0.0025190956347569404,0.011475935072371516,82.31332719133853,-0.3178566602663009,0.03333814626242207,66.28377052468358,0.10097236475375793,0.018198144241171135,87.80355073065458,-0.04651655631634033,0.014526984008675298
E05,FY2025Q2,Gold Fields,mining,1782,392447091.4771358,220228.44639569908,91225.11,204735212.45713577,129415247.71,201550.15,40284069.43,222015630.55713576,530593.63,36682886.80048811,172816440.351518,68576580.31211907,72995172.32930723,41376011.683703355,180999417.34713575,0.8152552903276579,76.0,115539587.98,1520257.7365789474,-37601312.5,14.0,100.98655975880519,56248162.67,9885967.36,45729414.6,59924206.02,38969137.74,76570450.24000001,405,237233226.73,-12602215.709999999,14,112315505.51,124917721.22,37007250.24,64323169.88,60108299.55,47634311.97,28160195.09,104416889.57,22288758.12,110527579.03999999,745219906.1871358,0.3183398950569997,111.22489554375026,0.029195645509237478,0.010053030251041898,87.31330579368344,0.06074324502425221,0.037251834769101315,79.46797212568714,0.1989054258175289,0.02211530036565868,95.09049474800737,0.08299145030827026,0.014096291310375412
E05,FY2025Q3,Gold Fields,mining,1761,381562776.73987144,216673.9220555772,89410.08796093531,181894964.37987143,131442635.84,222725.96,39098441.17,210405937.56987143,393036.2,34159669.255745396,187421488.10308236,63330644.42280438,61289840.14931211,35361134.80892717,170691734.2398714,0.8112496073604779,74.0,101424847.77,1370606.0509459458,8449802.47,15.0,113.7479860932307,52790708.44,12538414.73,35622782.24,53263650.8,54937325.120000005,46487522.65,438,277304362.34,21452587.400000002,14,149378474.87,127925887.47,46928894.81,64972056.94,51848881.71,63728892.86,49825636.02,106411601.00999999,26222676.669999998,144670084.66,760291986.8498714,0.36473403262996246,108.14013126339617,-0.027734476757865,0.01313404511057702,76.64679183339945,-0.12216367097001668,0.03235972745767467,92.8909311757038,0.1689103004766097,0.02420602019880783,97.01370103275937,0.02022501081573469,0.017421215873470817
E05,FY2025Q4,Gold Fields,mining,1686,352390362.64304364,209009.70500773643,85409.33329151108,155698527.04304364,126715593.33,110542.85,37337560.84,187705557.74304366,521107.88,36104062.48828747,142146074.68670937,54855413.18712783,81656530.85385007,37628281.427068904,149736346.17304367,0.7977193002352264,69.0,112145018.05,1625290.1166666667,12588521.010000002,14.0,117.12944270420937,54570189.24,11886486.19,46124377.66,54134154.2,62366769.53,49778248.52,445,235683189.27,-23379483.27,14,106151853.0,129531336.27,56370019.21,49541036.75,47427552.86,38281973.55,44062606.9,89206122.64,26034830.62,120442236.01,700218569.9630437,0.33658517408705535,99.87226845807905,-0.07645508386871802,0.011062824878188585,84.74802814713827,0.10569569997590733,0.036123547783949994,78.94874328340848,-0.15009202422487922,0.0189373983742499,89.34829799461606,-0.0790136130932153,0.014771474928779322
E05,FY2026Q1,Gold Fields,mining,1826,392011484.20370996,214683.17864387183,90200.47092348518,187613841.86370993,123441578.51,330792.68,37661537.5,229736491.82370993,841083.69,29711050.59512799,178937356.4770554,63990374.995000206,74118590.44437808,45254111.69214827,190903077.95370993,0.8309654092750789,62.0,107723044.58,1737468.460967742,-16430701.28,13.0,98.70212865691732,54067319.339999996,28831047.490000002,29831688.92,49060308.17,45646171.65,62076872.93,443,235546494.62,-35530609.76,14,100007942.42999999,135538552.19,38216411.61,49629647.78,42806839.7,51961818.4,52931777.13,97369669.58,18275539.919999998,119901285.12,735281023.4037099,0.32034893751184434,111.10143845988573,0.11243531538006568,0.012126360201956623,81.40634129722065,-0.03943085075815367,0.03194746198757606,78.90295354819446,-0.0005799932121735019,0.022263266309910133,93.82228750706835,0.05007358408463336,0.015887954452973238
E05,FY2026Q2,Gold Fields,mining,1880,452278756.3631892,240573.80657616447,91959.00208509596,183381274.9831892,192875605.15,197242.32,40470636.77,218399028.8931892,336243.23,38809954.440738454,231258909.12619433,53892173.328315705,81739570.06210068,46578149.40584003,177394906.5731892,0.8122513523626812,94.0,205037739.97,2181252.55287234,9905403.090000004,15.0,141.5101116126002,126175405.99,66419188.25,51760394.39,86858157.33,107471571.53,97566168.44,390,215351297.14000002,-15329970.840000002,14,100010663.15,115340633.99000001,27771307.67,41111142.910000004,57162476.71,38432082.04,50874287.81,117517606.28,23817240.669999998,74016450.19,872667793.4731892,0.24677351307180584,128.1820110930387,0.15373853723163178,0.011688324352090487,154.9470895840939,0.9033786203260317,0.06165955680508025,72.13800155333784,-0.08573762692830678,0.019313440845417616,111.35291951149163,0.18684933473938758,0.01641260900162124
E05,FY2026Q3,Gold Fields,mining,2000,427680040.0403455,213840.02002017276,91961.37209189344,193766777.7803455,136373948.1,138025.29,44265754.98,245972709.9603455,929601.71,40329945.18237887,195164480.055799,73435975.94117437,73330675.65831698,45418963.20267626,200639327.98034552,0.8156975138123721,84.0,212686799.66,2531985.7102380954,-15750556.500000002,15.0,109.87202131258964,105775279.57000001,44938657.129999995,57138210.93,110609931.60000001,98468121.58,114218678.08,459,235269634.83,-4191741.710000002,14,115538946.56,119730688.27,62487594.34,48479796.47,42797997.17,33289853.73,48214393.12,99699962.98,29910806.99,105658864.86,875636474.5303456,0.2686841419622095,121.21039705146022,-0.0543883964850439,0.014808854501458624,160.72748658414824,0.03730561842477953,0.06506722678978577,78.81021153908507,0.09249230422350818,0.018595278793643286,111.73172494614296,0.003401845558366645,0.019545080858562245
E05,FY2026Q4,Gold Fields,mining,2120,460449368.09813374,217193.09815949705,91028.195,177055353.01813373,173366913.97,194971.03,49371852.56,237159528.3881337,356102.15,43421445.03086074,196790564.6997615,67543522.83539797,96775850.8570098,55917984.67510369,187236602.6481337,0.7894964369371806,101.0,169938167.64000002,1682556.1152475248,19231161.599999998,15.0,96.80641739559243,110207048.39,29078102.89,81380855.07000001,59479209.68,94584664.62,75353503.02,396,213583351.57,-24504847.009999998,14,94539252.28,119044099.29,37116071.42,38691629.26,38137754.35,53863759.36,45774137.18,113365133.2,21228370.78,78989847.59,843970887.3081338,0.25306957240104505,130.49767467287873,0.07662113026059614,0.014130277373311064,128.4223308788154,-0.20099334838051874,0.04885775781880174,71.5457782327977,-0.09217629498031055,0.020252810069013187,107.69117754470228,-0.036162937638242854,0.018107040328185713
E06,FY2024Q1,Valterra Platinum,mining,61,8529920.575957408,139834.76354028538,77785.08079185098,5631654.715957409,89770.0,0.0,1359362.93,7080787.645957409,0.0,2071418.8393251582,3617676.5444819247,1445658.7941426234,824693.8321044955,570472.5659032069,5721424.71595741,0.8080209437185858,17.0,23892964.63,1405468.5076470587,-6541798.03,8.0,83.70472792601292,15203593.74,3134243.2399999998,11477276.94,9281444.45,8675583.3,15217381.33,85,44497411.42,-6348716.9399999995,15,19074347.240000002,25423064.18,4391519.59,16027807.49,3511076.63,8304065.06,12262942.65,18735222.97,2850003.21,22912185.24,76920296.6259574,0.5784872572239143,100.0,,0.00024735213408672924,100.0,,0.007984399525416835,100.0,,0.003882744092422398,100.0,,0.0015718009167751351
E06,FY2024Q2,Valterra Platinum,mining,54,9112900.427332671,168757.4153209754,77455.305,4225850.5473326715,847402.43,0.0,1777589.54,6487908.457332672,0.0,164521.19991147023,3830353.7755977497,862060.8678072374,2963719.102038066,1292245.481978148,4710318.917332672,0.7260150090448705,11.0,15933466.44,1448496.949090909,-12176439.080000002,8.0,82.26966251419174,1972307.1600000001,827239.25,2453852.35,12652374.84,1878513.6800000002,14054952.760000002,88,35686252.98,3451247.7399999998,14,19568750.36,16117502.620000001,9367964.33,6224631.56,14238922.92,3676699.6,2178034.5700000003,15778591.09,6909170.66,12998491.23,60732619.84733267,0.5875961397632233,106.83452848340067,0.0683452848340067,0.00022746291352166307,66.6868540038516,-0.3331314599614841,0.005038157929755522,80.19849209466665,-0.1980150790533335,0.0033682284395807624,78.95525954958153,-0.21044740450418464,0.0011284237529421324
E06,FY2024Q3,Valterra Platinum,mining,65,13951974.270425295,214645.758006543,50918.557669407666,8456583.890425297,1278862.27,0.0,1899300.53,10773811.470425297,0.0,2729983.0675872327,2948693.783414912,5344417.326519355,2099317.088192416,829563.0047113801,8874510.940425297,0.8237113638739936,13.0,20478616.54,1575278.1953846153,-11654463.059999999,8.0,112.09061666184213,6734116.59,6069954.9,7435686.16,6972975.4799999995,4412076.74,16066539.799999999,93,39492327.65,3819407.41,15,21655867.53,17836460.12,5671203.75,8216071.51,7499589.03,9491892.92,8613570.44,13032746.34,8921319.59,17538261.72,73922918.46042529,0.534236586873153,163.5651134871125,0.531013575938853,0.0004664695629838947,85.70981817085627,0.2852580834883285,0.006630493491618485,88.75196643966936,0.10665380509780831,0.0038052774755481843,96.10326754184588,0.21718639252266536,0.0017042128658817453
E06,FY2024Q4,Valterra Platinum,mining,61,5836598.807678227,95681.94766685618,59787.04,582406.6276782271,259093.02000000002,5960.93,2496252.5,3075292.357678227,0.0,509414.77551794663,2881187.861797228,909931.8165024932,1011310.9466077664,524753.407252793,573078.927678227,0.18634941365733695,18.0,32224025.189999998,1790223.6216666666,640762.0899999989,12.0,101.40803400358811,15786287.299999999,1974431.79,27146105.49,3103487.91,16432393.64,15791631.55,97,54483511.22,7570574.699999999,14,31027042.959999997,23456468.259999998,9099958.459999999,13721038.82,10374947.49,9715440.67,11572125.780000001,23712074.27,6736369.84,24035067.11,92544135.21767822,0.5887300269416997,68.42500766219761,-0.5816650249957556,0.00017289622195625353,134.86825803751253,0.5735450257129526,0.010704431116002605,122.44197916535792,0.3795973664266912,0.005253031376209534,120.31172431340889,0.2519004544878978,0.0019631770948922976
E06,FY2025Q1,Valterra Platinum,mining,65,8869815.782613838,136458.7043479052,60322.02271727833,3467656.162613838,921399.96,0.0,1875037.44,6031895.902613838,41482.48,144819.04245560785,3127358.9800959807,3093154.0264890157,2002936.2510937392,501547.4824794944,4115375.9826138383,0.6822690658223225,11.0,22710975.119999997,2064634.1018181816,-9728233.48,9.0,120.06892616418841,16651747.77,3845281.7199999997,4492615.17,14373078.23,6491370.82,16219604.3,79,34103743.59,-193543.46999999965,14,16955100.06,17148643.53,8015251.3100000005,7517934.61,7535529.62,4132542.4099999997,6902485.64,16600391.92,4620435.11,12882916.56,65684534.49261384,0.5192050739711787,103.98474058028705,0.5196891331549669,0.00026694359676985473,95.05298095776739,-0.29521606980844095,0.006951150465879686,76.64208434082434,-0.3740538591154331,0.003136451433644122,85.39298127257616,-0.29023557961708124,0.0013866893042354792
E06,FY2025Q2,Valterra Platinum,mining,64,9674192.932719965,151159.26457374945,52056.72060364853,2373031.332719965,2701043.3,0.0,1502823.21,5403675.952719965,66650.47,354477.2995054173,5738868.998572448,616296.614987665,1990612.0154413127,973938.0042131221,3834202.2727199653,0.7095544415075449,28.0,55901619.6,1996486.4142857143,-16523249.120000003,14.0,108.78042234397087,25938194.310000002,10867192.45,16420049.88,28614377.27,19689185.24,36212434.36,75,35359693.83,-2407647.3699999996,13,16476023.229999999,18883670.6,11711446.2,7255035.9399999995,3889242.59,4887857.05,7616112.05,10493973.52,3940470.67,20925249.64,100935506.36271997,0.3503196754463395,113.41480669805794,0.09068701874088814,0.0002478167282142176,233.96686206871937,1.461436345406908,0.01802358769900432,79.46460861790058,0.03682734233224383,0.0032962931064381513,131.22090110174958,0.5366708029889451,0.0019092569715815687
E06,FY2025Q3,Valterra Platinum,mining,73,15104059.063277408,206904.918675033,73756.77766838389,5497184.223277409,432152.24,0.0,4396683.74,10262834.733277408,12388.35,759753.0384086126,4598854.355891696,1645313.516122914,5258614.959648443,2841523.193205743,5853762.643277409,0.5703845765241146,22.0,35667850.2,1621265.9181818182,-16738473.120000001,10.0,163.96526427180072,10860024.559999999,2068829.6,9998265.899999999,23600754.7,9464688.54,26203161.66,82,58831487.07,-9634707.450000001,13,24598389.81,34233097.26,12988180.399999999,11740733.93,7185829.54,12719186.78,14197556.42,28032688.25,5613746.68,25185052.14,109603396.3332774,0.5367670075761858,177.07150879985903,0.5612732936297562,0.0005199076146391187,149.2818105762207,-0.3619531874886859,0.011379873244577482,132.21327981240128,0.6638008053137039,0.005135426476256716,142.4895653565262,0.08587552867083925,0.0025114356865695124
E06,FY2025Q4,Valterra Platinum,mining,73,15950366.880711026,218498.17644809626,73938.64240631308,6117822.060711026,639750.2000000001,0.0,4111017.37,11007822.290711027,191777.02,3126883.775183368,8343061.27837189,1231655.487519781,3006777.619635987,241988.72000000003,6705027.900711027,0.6091148388513756,14.0,17329813.77,1237843.8407142856,5098337.51,9.0,90.03310337362039,1819016.46,831794.97,11593589.21,4904429.59,11214075.64,6115738.13,127,64497805.57,-322617.97000000137,14,32087593.8,32410211.77,7761858.93,17655579.25,15346745.620000001,7420355.55,16313266.219999999,36950701.65,6966440.42,20580663.5,97777986.22071102,0.6596352416627934,186.9931465208366,0.05603181329522555,0.0005007404692361229,72.53103178431316,-0.5141334935291391,0.005582186054207422,144.9473205558437,0.09631438507168766,0.005182468219847185,127.11597654930912,-0.10789273424163037,0.0020626774752945955
E06,FY2026Q1,Valterra Platinum,mining,63,8130910.049456628,129062.06427708933,50958.88,-723510.8505433719,2392223.06,0.0,2010838.51,3540327.2394566284,187521.24,351282.39,4001620.059097155,2012124.7320035044,933104.8301471365,832778.0382088326,1341967.4894566284,0.3790518216792283,21.0,38783618.53,1846838.9776190477,-6078089.77,11.0,122.01655538251293,16651163.68,3161147.8600000003,11277795.69,24344674.98,16352764.38,22430854.15,96,40855077.82,-9752277.139999999,15,15551400.34,25303677.48,10381564.93,8398000.78,5521917.36,7383056.7,9170538.05,17362205.86,7072062.95,16420809.01,87769606.39945662,0.4654809278061538,95.32222459813474,-0.4902368008042851,0.0002515190192187918,162.32233684933053,1.2379708775139364,0.011502071664969141,91.81450452112614,-0.3665663899888866,0.0038615199053848802,114.10461250072458,-0.10235821178258686,0.001896525905666287
E06,FY2026Q2,Valterra Platinum,mining,70,12502940.362270739,178613.43374672486,105209.68,1692539.80227074,2402233.07,0.0,3237590.69,6863116.60227074,0.0,1095942.9649331027,6060010.716281548,1963448.798421027,1921117.9107559742,1462419.971879087,3625525.91227074,0.5282623219706326,13.0,33446312.299999997,2572793.2538461536,-12450766.44,10.0,182.10278368715706,17237610.4,3774235.25,16266486.839999998,13405590.209999999,10497772.93,22948539.369999997,83,41612738.51,9361042.61,14,25486890.56,16125847.95,3252458.84,10676915.92,8015830.319999999,10650654.07,9016879.36,17210517.84,4891398.75,19510821.919999998,87561991.17227075,0.4752374626580897,146.5774534584971,0.5377049169430037,0.0003231158223839104,139.98393593235733,-0.137617541433672,0.010058074154953358,93.51721186032084,0.018545080083756327,0.003731972708324298,113.83470294980923,-0.0023654569697051375,0.0016468130659368062
E06,FY2026Q3,Valterra Platinum,mining,61,10127258.2096701,166020.62638803443,58024.86667371056,5398489.629670101,1020149.71,0.0,1238690.93,7597065.659670101,271351.91,621691.3910664506,3889267.0434843656,2458589.0307866377,1402870.0012462079,1754840.7430864396,6087022.819670101,0.8012334093653769,21.0,29213177.57,1391103.6938095237,7615295.049999999,13.0,100.87615460312968,9322953.47,3989515.75,16002298.98,9221362.84,18414236.31,10798941.260000002,125,69370305.85,-7907222.65,15,30731541.6,38638764.25,8093399.66,18429097.29,10302197.09,9794398.219999999,22751213.59,28050605.02,3245007.67,38074693.16,108710741.6296701,0.6381182283376766,118.72628964699832,-0.19000987637832545,0.00035066657146674195,122.26685981579675,-0.12656506618817875,0.008937181119073278,155.89739635690472,0.6670449562777405,0.005482901260135618,141.3290722971351,0.24152888912485992,0.0024265323534927007
E06,FY2026Q4,Valterra Platinum,mining,84,20833102.99371495,248013.13087755893,90397.75450881929,14043354.493714953,1952525.52,0.0,2683144.1799999997,15940070.563714953,257362.72999999998,4179940.4832482575,11146689.982168932,1097791.5990219377,3495431.4316240465,913249.4976517796,12999563.653714953,0.8155273592895129,15.0,13935211.83,929014.122,787862.1099999992,9.0,107.81483013882539,2757249.09,639902.4600000001,4641702.78,8653606.59,7361536.97,6573674.86,76,50673418.7,13755847.4,15,32214633.05,18458785.65,5393883.13,8943463.73,27944982.770000003,3327708.49,5063380.58,30337917.35,5831189.69,14504311.66,85441733.52371496,0.5930757325509464,244.2356034642986,1.0571316107870423,0.0006393265888578869,58.32349415736778,-0.5229819900074636,0.004006417241041172,113.8794754187074,-0.26952291648285986,0.004805052064848451,111.07826837849444,-0.21404516018502073,0.0018331164473676432
E07,FY2024Q1,OUTsurance Group,insurance,902,52716467.5,58443.97727272727,30595.43,-9199847.68,11442419.8,13055.02,22486646.25,18010959.37,763387.0599999999,4517356.22,25067619.38,8647762.790000001,9765320.48,4718408.63,-5252128.959999997,-0.29160739592518425,9.0,12755160.77,1417240.0855555555,-1984586.2100000002,6.0,126.3829922153149,7237526.16,935143.82,7598391.37,4221625.58,5385287.28,7369873.49,291,92357312.0,-1602097.1999999997,11,45377607.4,46979704.6,17958574.1,16876552.84,20434917.57,15699067.47,21388200.02,37886455.28,12156710.31,42314146.41,157828940.26999998,0.5851734912621422,100.0,,0.0015286813776897485,100.0,,0.004262438804715354,100.0,,0.008058891430229004,100.0,,0.0032251003167130116
E07,FY2024Q2,OUTsurance Group,insurance,954,57155139.15,59911.04732704403,28655.985,-9087997.79,17221786.54,14065.83,21205845.7,18000793.85,712647.23,5791658.01,25662804.6,7454936.46,11881799.57,6363940.51,-3931764.9099999964,-0.21842175088294766,11.0,11376730.79,1034248.2536363635,-2772177.4699999997,7.0,139.4452833316978,3547702.0,3235231.7800000003,7338031.52,803467.49,4302276.66,7074454.13,312,102666047.62,-13930875.56,11,44367586.03,58298461.589999996,19922555.93,22208321.22,19716674.84,23754047.57,17064448.06,52431749.91,8186958.74,42047338.97,171197917.56,0.5996921521198906,108.41989583236017,0.08419895832360158,0.0014266231237204839,89.1931587154742,-0.10806841284525814,0.0035973193065157202,111.16179693493028,0.1116179693493029,0.009690081543916604,108.47054872644367,0.08470548726443661,0.0031808902220018006
E07,FY2024Q3,OUTsurance Group,insurance,960,63957902.17,66622.81476041667,29521.254999999997,-2366334.25,21205188.8,14110.27,19552022.25,22262080.22,924500.63,5463109.86,28675866.01,10454342.4,10862325.49,8502258.41,1771447.0700000003,0.07957239631220772,12.0,7752854.37,646071.1975,4836855.75,8.0,235.46198665408443,3303875.77,1073045.9300000002,4382004.45,2297803.99,6294855.06,1457999.31,368,111784728.4,-3445389.8800000004,11,54169669.26,57615059.14,18249648.86,23260333.15,23726108.36,20095778.63,26452859.4,51089140.02,13813349.07,46882239.31,183495484.94,0.6091960706093219,121.32433223072088,0.11902277067590705,0.0021383650870004907,60.78209839765117,-0.3185340751128031,0.0025101915620785844,121.03506044004399,0.08881885483457164,0.010771001214733199,116.26225496166415,0.07183245891814094,0.0042302897772274846
E07,FY2024Q4,OUTsurance Group,insurance,1073,67674224.35,63070.10657036346,30219.86,1992715.9099999995,20945374.6,15082.48,23395871.45,22439216.56,878679.26,4657264.91,32561503.45,10030280.4,11444682.92,8980492.67,-1850416.6300000027,-0.0824635131557375,10.0,7719342.72,771934.272,-3349935.44,6.0,91.51210257445338,7140895.7,2683181.85,950207.03,4085953.84,2184703.64,5534639.08,380,107333717.07,-7119255.11,11,50107230.98,57226486.09,22236165.68,12744388.790000001,35440893.63,14549024.36,22363244.61,54700217.410000004,11363144.22,41270355.44,182727284.14,0.587398414939305,128.3739741286724,0.05810575478417057,0.0020046979584312646,60.51936827135735,-0.004322491872112977,0.00256427221366184,116.21572211846096,-0.03981770492005787,0.010348587505992731,115.77552496228265,-0.004186483390864915,0.0038762696090005604
E07,FY2025Q1,OUTsurance Group,insurance,1094,64776834.18,59211.00016453382,30085.595,-1817745.9000000001,15366163.85,5470.88,23829324.24,23746654.35,1829220.8599999999,8229202.54,27873347.07,10544770.65,12506865.82,5622648.1,-1917361.6299999952,-0.08074239013800254,18.0,17564993.25,975832.9583333334,5796254.03,8.0,64.61829161818778,9764063.09,2572819.2199999997,13445892.69,1546281.34,11680623.64,5884369.61,475,158562901.26,4616056.5200000005,11,81589478.89,76973422.37,37190937.51,29398313.53,33077516.03,35329578.44,23566555.75,68297853.19,29014356.69,61250691.38,240904728.69,0.6581975460682685,122.87779749278535,-0.04281379207266811,0.0019495062273185081,137.7089130174876,1.2754519247462563,0.005376119271311634,171.6841881019664,0.4772888295351756,0.014582705199716706,152.6366002824838,0.31838400501496134,0.005085824436370751
E07,FY2025Q2,OUTsurance Group,insurance,1146,70580091.71,61588.21266143106,31026.205,-9601841.97,16347831.12,33466.54,30669612.91,23062322.74,466858.39999999997,6542158.15,33095956.92,9009844.99,13956075.01,7976056.64,-8107615.109999999,-0.3515524087232507,15.0,26503643.71,1766909.5806666666,-21397053.37,6.0,86.22960297484319,24979075.310000002,1051962.8900000001,24513081.79,938599.03,2553295.17,23950348.54,530,168031480.07,-19722992.55,11,74154243.76,93877236.31,32780403.4,32744663.94,34951935.78,34309025.25,33245451.7,73223390.28,16312230.24,78495859.55,265115215.48999998,0.633805493809306,133.88623148924003,0.08958847099372091,0.0018079986130392304,207.78760995577792,0.5088900594937604,0.008545204059711166,181.93630415532232,0.059714969483776636,0.0156641913270588,167.97630082066317,0.10049818005504751,0.0050148168041844274
E07,FY2025Q3,OUTsurance Group,insurance,1125,74652158.85,66357.47453333333,29631.79,-7229168.7299999995,24298062.16,12480.03,23530688.66,26046829.71,764098.29,8839069.24,26656882.15,10251309.1,23777215.69,5127682.67,1739562.7300000004,0.06678596778832323,11.0,19987293.3,1817026.6636363638,5876166.74,7.0,96.518000388777,4220993.68,8423350.73,10090656.77,1473285.8,12931730.02,7055563.28,687,233927690.1,22702045.16,11,128314867.63,105612822.47,51499679.58,44033981.339999996,53582494.74,45179277.46,39632256.98,91542412.28,30893761.25,111491516.57,328567142.25,0.7119631272259391,141.6107003945209,0.057694273857440415,0.002569655327270831,156.69965796910924,-0.24586620923904656,0.006376971501809009,253.2855114925822,0.39216586084076854,0.020419651331263146,208.17927414827471,0.23933717513242247,0.007528737923153888
E07,FY2025Q4,OUTsurance Group,insurance,1142,72528629.32,63510.183292469344,29920.410000000003,-835338.6999999998,20107915.89,5731.58,26441906.48,25230818.67,742256.7,6895928.37,32519933.169999998,11027474.46,13635087.41,8450205.91,-1959076.0899999961,-0.07764615629889889,19.0,20069975.34,1056314.4915789473,-8473882.559999999,8.0,123.94380535397309,12179953.14,2520516.13,14510007.120000001,3039452.09,5798046.39,14271928.95,757,268476543.85,-9272936.870000003,11,129601803.49,138874740.36,57573460.68,50520229.26,63276616.16,41826411.2,55279826.55,96768661.09,27379957.04,144327925.72,361075148.51,0.7435475550114315,137.58249131545088,-0.02844565465637572,0.002276939467935966,157.34788217804643,0.004136730209487682,0.00646483210599642,290.69332794137625,0.14769031291349477,0.021572379772936117,228.7762611168168,0.09893870104413938,0.007617068059052239
E07,FY2026Q1,OUTsurance Group,insurance,1248,82327268.98,65967.36296474359,29031.815000000002,1951529.82,27098377.380000003,0.0,29406071.740000002,25310866.02,511953.84,7072295.69,40473056.95,13138318.85,13787841.01,7855756.48,-4607159.560000002,-0.1820229918786478,12.0,10293684.51,857807.0425,-2386268.11,10.0,95.74841194545218,8456804.32,1261979.9100000001,2281622.54,6750082.06,3953708.2,6339976.31,663,233755600.68,-27146882.48,11,103304359.1,130451241.58,40354311.68,48799550.59,37257584.87,48082209.39,59261944.15,94965505.75,29185232.45,109604862.48,326376554.17,0.7162144390992116,156.16992731920058,0.13510030110686255,0.002546685896518442,80.70211497616427,-0.4871102562102102,0.003052801709026163,253.0991814486762,-0.12932579759891005,0.022093995488099146,206.79132332236628,-0.09609798537281222,0.007052345514327535
E07,FY2026Q2,OUTsurance Group,insurance,1301,83451173.36,64143.86883935434,28798.31,-12299826.7,23344865.86,21272.81,30213030.7,29015598.11,856405.88,6196741.5600000005,39216371.84,9761740.91,22715562.34,5560756.71,-2075111.2799999975,-0.07151709477547617,16.0,12709271.51,794329.469375,6004257.07,9.0,70.98818248474102,9930966.86,2863232.36,9253661.68,592377.47,9356764.29,3352507.22,771,293745854.04,-49565150.5,11,122090351.77,171655502.27,58015858.54,50298631.88,58534039.19,72664207.16,54233117.269999996,133776967.11,25064914.89,134903972.04,389906298.91,0.7533755029379605,158.3019070084694,0.013651666014489416,0.0021566442554974722,99.64022985811413,0.2346668967417187,0.0038219697931546268,318.05370650024986,0.25663664607601744,0.02634413282358842,247.0436019167222,0.1946516804847116,0.007333122270743792
E07,FY2026Q3,OUTsurance Group,insurance,1359,86873362.37,63924.47562178072,30075.56,-8567371.31,27281457.37,12000.470000000001,31208584.17,27654975.75,716344.61,5953432.53,41490163.75,14536036.63,16421483.26,8472246.2,-4281953.5,-0.15483483112437732,28.0,24761287.22,884331.6864285714,-166634.52000000048,10.0,91.91455780060211,17075438.11,1505820.03,18046400.81,5209066.38,12297326.35,12463960.870000001,975,325288110.56,-20351033.36,11,152468538.6,172819571.96,72930820.6,58876726.07,71532849.76,62855378.66,59092335.47,126143310.13,41074847.74,158069952.69,436922760.15,0.7444979759084314,164.7935957962282,0.04100827911954008,0.0030080781494232424,194.1275979699,0.9482853285900097,0.0075752152636004546,352.2061258777215,0.10737941007911145,0.025710173386767017,276.8331076686891,0.1205840002365608,0.009752552485502934
E07,FY2026Q4,OUTsurance Group,insurance,1467,90357005.04,61593.050470347654,28638.03,68770.40000000034,25386256.13,0.0,32641244.9,31542626.59,786877.42,12730604.67,33217641.59,16448888.22,19176578.37,8783292.19,-1885495.7300000004,-0.05977611676123895,30.0,30843221.66,1028107.3886666667,-4677501.0600000005,10.0,108.3196674273747,7902509.58,11116235.7,10399446.66,9327539.299999999,13082860.3,17760361.36,825,284027210.93,-40701268.23,11,121662971.35,162364239.58,60694110.28,63522491.68,52739227.27,57805010.02,49266371.68,136659953.82,21868496.48,125498760.63,405227437.63,0.7009081433161395,171.40185851792896,0.04010023987747724,0.0027728771767252225,241.80974443335066,0.24562270878581582,0.008867523259449334,307.5308329999903,-0.12684416764869533,0.026932572764275384,256.75103497290945,-0.07254216399511593,0.008693984194948729
E08,FY2024Q1,Sanlam,insurance,66075,8015445346.51,121308.29128278472,50693.51,962352912.51,4291477033.57,2194038.43,1451831241.73,2264296621.84,5646410.94,776960087.43,3598531669.48,1178888527.6,1665988295.24,795076766.76,804624930.74,0.35535314718888295,38.0,52935149.93,1393030.2613157895,-27991573.39,16.0,104.17959879668938,30088444.12,4441608.56,38679514.09,9814027.280000001,12471788.27,40463361.660000004,1636,800186731.08,-81704635.25999999,21,359241047.91,440945683.17,169085100.97,139508212.31,171992294.02,165169005.71,154432118.07,340154028.85,66550055.589999996,393482646.64,8868567227.52,0.09022728368083462,100.0,,0.2324332910792968,100.0,,0.017689532986972865,100.0,,0.06982249537192652,100.0,,0.18122163733302366
E08,FY2024Q2,Sanlam,insurance,63825,7748868926.77,121408.05212330593,50447.36,699835000.35,4199793373.77,2140106.57,1396371148.65,2143750653.44,6813644.34,749191829.3,3510584328.65,1134156613.98,1503897077.14,851039077.7,738425753.8800001,0.3444550571658484,42.0,78842127.61,1877193.5145238095,-28419666.11,18.0,104.82491177599513,29377580.52,21510292.799999997,32327207.02,25004627.79,25211230.75,53630896.86,1318,672819806.79,-51042804.01,21,310888501.39,361931305.4,141766802.01,121737556.49,137885140.48,144053280.09,127377027.72,327453221.15,68173781.13,277192804.51,8500530861.17,0.07915032811226028,96.67421573954003,-0.03325784260459963,0.19341595100655462,148.9409734633012,0.48940973463301196,0.024929860172794784,84.08284974707156,-0.15917150252928447,0.06350374776565605,95.85010343939268,-0.041498965606073246,0.1579414976741391
E08,FY2024Q3,Sanlam,insurance,60157,7107390375.42,118147.35401399671,50265.11,576823120.68,3791635852.42,1878380.0,1312270554.56,1994527545.53,7078042.91,691862368.25,3142954870.09,1097071370.79,1460471564.17,715030202.12,673300568.06,0.33757396310166565,26.0,36480696.67,1403103.7180769232,-1257070.45,15.0,101.62232157284072,16618197.43,6824007.72,23414391.47,6242297.4799999995,17611813.11,18868883.56,1349,721097031.0,-60725559.08,21,330185735.96,390911295.04,137128799.86,156487488.8,169968693.32,126651069.89,130860979.13,314881961.25,88411727.22,317803342.53,7864968103.09,0.0916846732940588,88.6711850454401,-0.08278350781413868,0.2376281104105738,68.91582760838702,-0.5372943656409781,0.01181158997570366,90.11609453042868,0.07175357164398743,0.06948119933743563,88.68363853277519,-0.07476741964236833,0.1813183260372917
E08,FY2024Q4,Sanlam,insurance,57314,7019883042.78,122481.12228739924,50540.715,555927776.56,3825138480.05,1779908.2,1236224379.44,1951888589.25,4851685.84,742749999.13,3142213514.25,1018663076.24,1395008295.01,721248158.15,709032615.77,0.3632546548378773,38.0,77135416.08,2029879.3705263156,33287330.040000003,15.0,85.40767685322895,39634599.69,17506536.16,52661460.87,6967419.05,55211373.06,21924043.02,1299,657453485.66,17001105.680000003,21,337227295.67,320226189.99,140588913.9,141501123.88,116714450.53,117389575.11,141259422.24,301261311.36,39355510.0,316836664.3,7754471944.5199995,0.084783785454871,87.5794511634531,-0.01231216072535335,0.20794837827036464,145.71681799711868,1.1144172979413662,0.025623451544743527,82.16250784021935,-0.08825933626677218,0.06338842176718112,87.43770831952587,-0.014049155333076158,0.16449882716672196
E08,FY2025Q1,Sanlam,insurance,55506,6779178806.11,122134.16218264692,50138.275,584343169.33,3650660657.0,2301924.5,1223201254.97,1898473651.26,4541318.38,681339860.01,2984966445.16,1009080398.66,1420495681.75,683296420.53,668429153.4099998,0.3520876641961132,32.0,40399499.8,1262484.36875,12301511.959999999,15.0,73.70422060027586,17247998.91,5261059.7,24714375.35,10424064.75,26350505.88,14048993.92,1357,748188055.79,20452957.610000003,21,384320506.7,363867549.09,141776025.61,144401396.78,136593952.13,154117127.59,171299553.68,341193507.46,47773529.57,359221018.76,7567766361.7,0.09886511026245917,84.5764460119701,-0.034288924075104976,0.20402434706661815,76.31885401934856,-0.4762522605945344,0.012365079014541067,93.50168238608278,0.1380091095553535,0.06880932276613898,85.33245751598417,-0.02407714982474629,0.15976577670505515
E08,FY2025Q2,Sanlam,insurance,51942,6253129590.57,120386.76967713988,50283.045,582905712.73,3372651722.26,1930094.7,1142173682.98,1732343916.6,4030174.0300000003,602773842.98,2832555612.69,952806723.16,1259169204.48,605824207.26,584209964.8899999,0.3372367110779046,40.0,46302445.08,1157561.1269999999,-12143191.46,19.0,101.26109021346741,17648960.02,6876293.38,36964663.93,2461487.77,17079626.81,29222818.27,1286,645807311.33,-12626854.870000001,21,316590228.23,329217083.1,116725961.37,134407856.81,152045712.84,121225836.29,121401944.02,327549738.59,58943151.28,259314421.46,6945239346.98,0.09298560914402706,78.01350168637443,-0.07759777851940974,0.16018184948466585,87.47013117225339,0.1461143159995264,0.014928658338509232,80.70707576697299,-0.1368382503138168,0.0602032981014767,78.31298076456214,-0.08226033745843042,0.13137345935405928
E08,FY2025Q3,Sanlam,insurance,48842,6057451096.45,124021.3565466197,50555.065,623898177.55,3293991575.0,1818276.77,1075371432.2,1682191923.58,4077888.9,630363036.99,2789954743.3,862287349.02,1129206865.64,645639101.5,600924325.7099998,0.35722697112415525,22.0,45494534.62,2067933.3918181816,-20131968.56,14.0,92.39486018287795,26600645.08,5578827.3100000005,21340797.779999997,18574909.53,12681283.03,32813251.59,1320,658547204.03,-36803948.150000006,21,310871627.94,347675576.09,156667472.5,122975869.4,127587562.54,137162444.12,114153855.47,298169480.77,48076778.269999996,312300944.99,6761492835.099999,0.09739671698110441,75.57223378845033,-0.03129288963003296,0.2085078545545007,85.94390434363694,-0.01744854852922162,0.014515089482366444,82.29919073278917,0.019727080317134993,0.05748487614152187,76.24109578961583,-0.026456469345422673,0.15493182664631058
E08,FY2025Q4,Sanlam,insurance,46400,5615250427.02,121018.3281685345,50595.545,479432405.8,3001292569.32,1948453.0,1027739862.77,1578588303.15,5681238.78,568011225.47,2557822945.1,801106509.29,1120334681.94,567975065.22,543218748.6000001,0.34411679569399584,25.0,50100663.86,2004026.5544,25674169.76,16.0,114.51463441446701,22834441.97,12112968.83,20002427.86,17985267.169999998,37887416.81,12213247.05,1503,772699116.09,-23652444.689999998,21,374523335.7,398175780.39,180474511.91,156689814.85,141497525.17,145732161.92,148305102.24,332133340.5,60584196.93,379981578.66,6438050206.97,0.12002067260262368,70.05537664185974,-0.0730011125783836,0.17628328895084278,94.64536121320475,0.10124577113434374,0.01613815536725331,96.56484993785133,0.1733389973587982,0.06208720711116801,72.59402834532418,-0.04783597883162083,0.1358140176538007
E08,FY2026Q1,Sanlam,insurance,44489,5505063976.94,123739.89024118321,50831.87,473673681.86,3021548816.59,2347851.69,983542894.75,1492239745.34,5384668.57,519245072.36,2536394097.2,807187371.31,1090235580.53,552001855.54,500964330.3299998,0.33571303263729746,24.0,45971254.95,1915468.95625,23398870.13,14.0,134.1633442029844,12697139.4,8172226.44,25936547.490000002,11862481.02,34685062.54,11286192.41,1198,675785171.91,-14342406.370000001,21,330721382.77,345063789.14,133711658.84,114431553.55,120813267.88,155230069.19,151598622.45,287955269.01,91639165.5,296190737.4,6226820403.799999,0.1085281296209528,68.68070006037726,-0.019622713450106355,0.17029192105122132,86.84447859464106,-0.08242223938467386,0.013633711577336604,84.45343388760057,-0.12542261555882517,0.06387352643389012,70.21224786431779,-0.03280959240443915,0.13454915306320914
E08,FY2026Q2,Sanlam,insurance,41365,4981788192.3,120434.86503807567,50865.55,489549868.64,2638538576.68,2269094.35,891981416.33,1444338980.85,4660124.09,491282245.45,2228933061.65,748267346.36,956397321.25,556908217.59,545428346.0799998,0.37763181172262816,29.0,33147351.42,1143012.1179310346,-16110962.68,17.0,104.30665707920986,16250094.24,8273498.710000001,19872604.5,5001248.21,8518194.370000001,24629157.05,1269,632510612.28,-50465989.72,21,291022311.28,341488301.0,126239979.36,118745424.71,131007469.67,144458717.76,112059020.78,245582358.31,57617807.44,329310446.53,5647446156.0,0.11199940553802422,62.15235681781696,-0.0950535337703492,0.12874528247410771,62.618791981949904,-0.2789548282714436,0.009968169753131754,79.04537624940492,-0.06403597093983471,0.05672571494392743,63.67935215595414,-0.09304495877967323,0.10621375775452464
E08,FY2026Q3,Sanlam,insurance,38014,4659658062.52,122577.42049034567,50086.245,438302915.06,2516045830.7,1743735.03,837264832.34,1299779971.49,4823692.96,442690102.62,2061841641.5,700347491.17,942299322.98,512479504.25,455947711.15999997,0.3507883804651377,24.0,55144682.86,2297695.1191666666,-11963781.38,13.0,58.2615001478313,14019147.87,13840939.969999999,33166581.03,8137161.859999999,21590450.740000002,33554232.12,1333,748378896.74,-7169932.140000001,21,370604482.3,377774414.44,149760573.82,134898213.88,158425261.27,138566090.88,166728756.89000002,367131336.41,74708230.83,306539329.5,5463181642.12,0.13698590780327596,58.13348929574898,-0.06466154668676871,0.16134537928844592,104.17403735121526,0.663622597210815,0.016870400944667786,93.52553193801704,0.1831878899902275,0.05915049019485691,61.60162630517399,-0.032627936378682,0.12194367188452222
E08,FY2026Q4,Sanlam,insurance,35333,4101702390.03,116087.01185945151,50234.74,435600253.31,2093301191.55,1856470.54,801030046.32,1201226183.4,4288498.22,439029054.97,1823193523.61,637486489.8,807393715.88,394599605.77,394051168.32000005,0.3280407751391677,22.0,18072933.17,821496.9622727274,-1674137.1500000004,12.0,131.49236195620813,6878240.12,2099403.74,10661964.68,5311564.75,8199398.01,9873535.16,1140,608215582.96,-61052738.480000004,21,273581422.24,334634160.72,143485104.72,118759347.63,116508831.71,99815105.41,129647193.49,271408581.96,47592292.4,289214708.6,4727990906.16,0.12864144517866324,51.17248278432738,-0.11974176323750485,0.12587310677239202,34.14164915731637,-0.6722633582664147,0.005196025143485235,76.00920626852941,-0.18728923863374947,0.0576733841479488,53.31177838387015,-0.13457190042736844,0.10143705582332278
E09,FY2024Q1,Shoprite Holdings,consumer,16056,2429502409.49,151314.30054123068,62325.235,260080309.71,1393746843.86,2002912.55,406413480.45,620897019.81,6442152.82,234402877.57999998,1082386101.12,328702029.94,525810965.11,258200435.74,206038473.98999995,0.33184001117133655,179.0,296839248.93,1658319.826424581,-59243028.23,22.0,117.80642073817015,195797950.04,150189442.43,50791674.28,95858132.22,118798110.35000001,178041138.58,1378,912707520.8,-41070180.36,22,435818670.22,476888850.58,183452850.74,174265239.35,192992846.57,179050367.01,182946217.13,418284573.87,104296723.96000001,390126222.97,3639049179.2199993,0.25080933943179945,100.0,,0.07045113731187956,100.0,,0.09919585932446014,100.0,,0.0796408065414537,100.0,,0.07436087855851536
E09,FY2024Q2,Shoprite Holdings,consumer,23404,3693358887.95,157808.8740364895,63315.425,327167982.51,2142746310.76,2007878.44,598270656.57,944433197.99,5900844.19,357955527.89,1672821399.33,565172143.11,740467413.08,356942404.54,338253818.78999984,0.35815536716613955,174.0,314639621.16,1808273.6848275864,-109092155.48,21.0,120.06669783218219,161750859.19,172500079.97,63965905.4,78173635.78999999,102773732.84,211865888.32,1258,789041504.23,3997540.4699999983,22,396519522.35,392521981.88,136714314.84,128484178.71000001,165026989.32,181242780.49,177573240.87,364997103.06,74181437.55,349862963.62,4797040013.34,0.16448507872266419,152.02120703907053,0.5202120703907054,0.09218823140155091,105.99663699937392,0.059966369993739166,0.0994889660910804,86.45064122386052,-0.13549358776139486,0.07447327227228188,131.82124717446678,0.31821247174466794,0.08912992570506471
E09,FY2024Q3,Shoprite Holdings,consumer,12159,1839247706.43,151266.3628941525,62352.28,106939336.57000001,1038154502.54,1977477.67,306760331.38,487951539.95,4403854.89,186080935.85,821523519.91,272036579.25,349085756.7,210520914.72,174809876.01,0.3582525347248881,175.0,333439281.1,1905367.3205714286,-5243356.140000001,21.0,105.11802892784607,108419760.83,163129410.91,38581884.47,131727985.72,164097962.48,169341318.62,1213,820963029.17,28450790.49,22,424706909.83,396256119.34,164249075.47,165871650.42,154876394.85,159799414.97,176166493.46,349284219.31,80909008.4,390769801.46,2993650016.7000003,0.2742348052011019,75.70470806061452,-0.5020121893838281,0.06149330963548143,112.32991671483138,0.05974981749180297,0.10795978228632318,89.94809514119214,0.040456078379743854,0.07910377303775884,82.26462103877543,-0.3759380767358592,0.0690153606034711
E09,FY2024Q4,Shoprite Holdings,consumer,15861,2413528874.27,152167.50988399217,62417.15,188529978.07,1380341736.47,2150464.14,405176057.02,621422254.54,4438362.1,237306910.13,1086876642.16,355448335.56,480732499.55,253164486.87,209657371.27999997,0.33738310745757927,163.0,288376014.91,1769178.0055828223,-69421572.23,22.0,103.97802261400977,118062998.68,161981631.47,20926602.93,105467780.51,109477221.34,178898793.57,1265,783288256.86,-49195270.68000001,22,367046493.09,416241763.77,142103391.58,167593076.91,158596316.74,154882775.23,160112696.4,341055082.57,66402839.68,375830334.61,3485193146.04,0.2247474455612309,99.34251823922443,0.312236990065186,0.07149540986004634,97.148883090593,-0.13514684305141988,0.09579502153782408,85.82029171551449,-0.045890948765487605,0.07552078964381498,95.77208150803345,0.16419525549010028,0.07393284663028925
E09,FY2025Q1,Shoprite Holdings,consumer,16288,2468704545.8,151565.84883349706,61991.185,188078794.68,1393816434.74,2222384.84,421771731.42,646294198.52,4599796.28,241078370.69,1127891560.29,368378563.65,460394077.57,270961973.6,217700285.98000002,0.33684394270988205,174.0,399475392.90999997,2295835.5914367815,-82419378.29,22.0,99.81092108302397,198352289.24,206151342.39000002,25143466.71,168180583.81,158528007.31,240947385.6,1282,827540302.48,-8173164.479999994,22,409683569.0,417856733.48,128364774.73,159113312.2,171346672.3,159707188.62,209008354.63,400744146.11,71576948.69,355219207.68,3695720241.19,0.22391854590528665,101.61358705210051,0.022860995001225737,0.07429746986512284,134.57633865803354,0.3852587325429031,0.1222674741556327,90.66872832982139,0.056495224117612874,0.07610718633460398,101.55730409727927,0.06040614862025895,0.07802164953275294
E09,FY2025Q2,Shoprite Holdings,consumer,23110,3562394990.97,154149.50198918217,62433.350000000006,334807227.75,2044715181.99,2557547.01,588326124.34,921385688.02,5410449.61,361045506.81,1562054851.12,557563406.69,714462176.31,367269050.04,325091567.05999994,0.3528289741059483,180.0,366120719.59999996,2034003.9977777775,27388051.68,22.0,106.29668160960318,174665838.56,188652352.48,64437401.5,113030965.62,196754385.64,169366333.96,1363,821646683.78,19111896.600000005,22,420379290.19,401267393.59,184999762.68,157787985.37,172267604.99,165189446.51,141401884.23,374850933.43,67830824.77,378964925.58,4750162394.349999,0.17297233558947242,146.6306424333951,0.44302200805304626,0.09125526825943624,123.33972711483912,-0.08349619000816566,0.11804325072064942,90.02299915966684,-0.007121850962832688,0.07659535494546396,130.53306400679526,0.28531438646461926,0.08985223331585748
E09,FY2025Q3,Shoprite Holdings,consumer,11758,1794779256.55,152643.24345551964,60293.31,167809700.75,1038267723.02,1737235.79,312555032.33,437703086.46,4516178.95,182021498.06,799109898.39,255699822.2,374474845.03000003,183473192.87,118894639.38999999,0.2716330843165423,164.0,319354164.55,1947281.4911585366,-16744188.309999999,22.0,96.50586657333133,159852834.8,159567696.12,48687809.61,111098658.82,151304988.12,168049176.43,1337,908825156.18,35096511.1,22,471960833.64,436864322.54,156230902.27,163742672.31,208309494.72,217493216.76,163048870.12,433205039.48,78071764.95,397548351.75,3022958577.2799997,0.30064095585383227,73.87435589852983,-0.49618746346224174,0.06177937984534106,107.5848849844346,-0.1277353412314225,0.1018903548245512,99.57463212129588,0.10610214112826921,0.07933174906460709,83.07001165419662,-0.36360942504289817,0.06926761673440357
E09,FY2025Q4,Shoprite Holdings,consumer,16184,2459860179.27,151993.33781945132,63816.815,218509543.39,1383125738.87,2001603.54,438167635.35,633998046.13,2567155.38,257177926.26,1150374942.25,377717302.34,434020622.36,240569386.06,191261651.85999995,0.30167545945525226,169.0,388082098.14,2296343.7759763314,-54295744.18,21.0,106.68257158132154,196522117.18,202589733.91,59543961.01,125948403.22,166893176.98,221188921.16,1529,899865699.86,-25833000.400000006,22,437016349.73,462849350.13,206863971.8,170752953.16,146846045.54,173399149.01,202003580.35,449639272.43,90313844.94,359912582.49,3747807977.27,0.2401045371901592,101.24954680684482,0.37056419071749613,0.07722402560611226,130.7381350474703,0.21520913524595509,0.1250069103382329,98.59299713792826,-0.009858283806379875,0.07230517922960392,102.9886597485696,0.2397814529904032,0.0790619585782262
E09,FY2026Q1,Shoprite Holdings,consumer,16200,2527836348.64,156039.28078024692,62748.545,243864484.92,1460503359.11,1962411.16,410357887.02,648963879.08,6048812.27,252467318.19,1127892920.53,393381669.18,480860213.74,273234227.0,230594768.63000005,0.35532758611604304,191.0,385632213.86,2019016.8264921466,-680618.3000000026,21.0,127.22170911818854,190344585.98,201848090.65,52281751.53,131502371.67999999,192475797.78,193156416.08,1239,797536897.28,-10650390.920000004,22,393443253.18,404093644.1,142554567.43,155629445.49,163767713.6,150531141.65,185054029.10999998,344904798.85,64380110.28,388251988.15,3711005459.7799997,0.21491127025377119,104.04749296670352,0.02763415983674844,0.07819529613392213,129.91281147963656,-0.006312798997278657,0.11436708404883401,87.38143152156219,-0.11371563845129362,0.07538119539740523,101.97733740370676,-0.009819744691617838,0.0801874165700414
E09,FY2026Q2,Shoprite Holdings,consumer,23424,3637419353.2,155286.0038080601,62082.44,326345214.82,2066969465.29,2107475.31,601496651.32,961080877.35,5764883.93,399524033.96,1565193619.34,567942816.79,711962805.47,392796077.64,351711866.7900001,0.3659544946516671,172.0,375453392.77,2182868.562616279,-18198767.01,21.0,110.52430668876814,215265649.87,212016367.14,38891585.36,124545440.27,178627312.88,196826079.89000002,1296,854475668.64,-72703450.24,22,390886109.2,463589559.44,166363779.08,181642970.47,142976957.66,197623709.74,165868251.69,386084235.58,79263703.04,389127730.02,4867348414.61,0.17555259986632077,149.71869708758862,0.438945743128097,0.09400250753902774,126.48374301019021,-0.02639515249028279,0.11290745695182333,93.61987812821363,0.07139327541357621,0.07663230033575688,133.75330134046928,0.3115982898334382,0.09154215040492297
E09,FY2026Q3,Shoprite Holdings,consumer,11729,1806978718.2,154060.76547020208,62976.34,57845876.58,1024937137.11,1760002.55,308946975.59,465127821.28,6206781.67,159684471.33,813626700.0,275373676.34,387091325.96,171202544.57,148214061.46999997,0.31865232456343934,175.0,364974058.0,2085566.0457142857,4836502.04,22.0,105.47434271602394,176696959.55,172935233.77,64715863.54,127322960.69,184905280.02,180068777.98,1459,955519361.65,-62779115.19,22,446370123.23,509149238.42,181376762.67,225999631.45,199575398.77,156182726.49,192384842.27,456522927.45,95536506.76,403459927.44,3127472137.85,0.3055245001501045,74.37649418011156,-0.5032250772487037,0.06256846805974776,122.95343668857868,-0.027911146820877253,0.11165643491856389,104.69064184027704,0.11825227647596215,0.07552249118525065,85.94201352674075,-0.357458749313595,0.06980830241221342
E09,FY2026Q4,Shoprite Holdings,consumer,16217,2622606376.49,161719.57677067275,62925.72,286328928.43,1537153521.37,1827667.73,410955366.1,666038606.56,6631214.73,261066294.64000002,1121760662.17,402024661.02,562054904.04,275699854.62,246624357.99999988,0.3702853792121475,182.0,413030921.88,2269400.6696703294,-37023887.31999999,22.0,97.26430067909472,188401291.49,229125678.68,55983512.28,127921730.92,188003517.28,225027404.6,1187,748685883.22,-78483612.9,22,335101135.16,413584748.06,150447940.71,122947521.43,144786187.87,164683194.92,165821038.29,352349539.76,69028384.74,327307958.72,3784323181.59,0.19783878048846673,107.9482928786449,0.45137646064945214,0.0804825852924613,139.14296150823372,0.13167199921918837,0.11874768942806674,82.02911295874577,-0.2164618392167773,0.07099332828493664,103.99208681211445,0.21002618561825348,0.08119106179419727
E10,FY2024Q1,Bid Corporation,consumer,13637,2069586834.89,151762.61896971476,61453.12,205160600.15,1209252290.41,2316535.53,333004754.88,519352223.84,5661030.2299999995,200265638.39,943474541.6,314507984.89,399561257.03000003,211777412.98,178369903.2,0.3434468844306932,195.0,390427786.48,2002193.776820513,-99672314.08,15.0,109.60472747779721,215474731.18,219979780.87,47780673.809999995,122667331.8,145377736.2,245050050.28,1539,927717224.77,48746512.47,16,488231868.62,439485356.15,194185261.38,206353263.58,190169915.27,159104370.16,177904414.38,393525182.68,59580934.23,474611107.86,3387731846.14,0.27384612091628385,100.0,,0.060014242304991534,100.0,,0.13047068379142607,100.0,,0.08095051956876774,100.0,,0.06922542235431604
E10,FY2024Q2,Bid Corporation,consumer,20563,3038603554.41,147770.43983903126,61053.06,329107327.83,1699557938.38,2132539.98,517553166.06,813675176.88,5684733.11,268139786.7,1374548131.44,497173393.11,593147620.85,305594622.31,288304737.72999996,0.3543241159641753,223.0,446116091.11,2000520.5879372198,12354881.090000004,16.0,105.17048641657547,233657909.85999998,206669037.37,115561267.55,123885786.19,229235486.1,216880605.01,1517,999458561.33,-45696755.07,16,476880903.13,522577658.2,178710078.93,216733851.32,190877106.55,172772894.99,240364629.54,464118115.21,80214827.51,455125618.61,4484178206.85,0.22288555789402703,146.8217473741083,0.4682174737410829,0.07584518486017122,114.2634071032884,0.14263407103288395,0.14106179157442553,107.7331038644654,0.07733103864465396,0.09433337684236133,132.3652051138374,0.3236520511383738,0.08331689319108522
E10,FY2024Q3,Bid Corporation,consumer,11290,1650836945.91,146221.16438529672,60490.19,135031462.15,918499868.86,1918460.15,276204812.04,449185579.33,5028225.53,186174058.41,721925422.1,238140844.99,341913707.09,162682913.32,166034081.61,0.3696335974490867,208.0,392969822.23,1889277.9914903848,-100778842.33,16.0,94.37495899085542,206790279.14,160750098.39,54173282.019999996,178046441.82,146095489.95,246874332.28,1558,952963644.61,-2841334.869999997,16,475061154.87,477902489.74,208444315.24,188821126.68,208792030.1,182204207.34,164701965.25,401854235.46999997,117791266.22,433318142.92,2996770412.75,0.31799688109424057,79.7664982246441,-0.4567119677346194,0.05519399432585331,100.65108986553399,-0.11913102875927328,0.12723436876749528,102.7213486142029,-0.04652010450351063,0.09182267310219529,88.45949292487646,-0.33170131192106644,0.06908729795667372
E10,FY2024Q4,Bid Corporation,consumer,15860,2351323876.64,148254.97330643126,61402.485,165150957.34,1313802915.01,2460094.72,404337865.95,626259162.92,4463838.04,247376708.66,1044797875.17,395238007.89,443376397.33,220534887.59,214997364.20999992,0.3433041413838192,198.0,378231323.72,1910259.2107070708,11638255.72,16.0,101.03692612563822,238498204.08,212307103.13,77501502.32000001,88422718.27,194934789.72,183296534.0,1687,1084586442.32,-32525707.4,16,526030367.46,558556074.86,213683663.34,229870774.85,193076447.22,247940287.52,200015269.39000002,470990134.67,95166175.93,518430131.72,3814141642.6799994,0.2843592461757444,113.61320225855488,0.4243223005551686,0.06965272554484615,96.87612839496894,-0.0375054207123664,0.12564386748095213,116.90916298216744,0.13811943241955094,0.10457047433512366,112.58688160415805,0.27275070070514174,0.0809109674208063
E10,FY2025Q1,Bid Corporation,consumer,16800,2523861860.2,150229.87263095236,60980.735,147652813.0,1468670722.87,2371508.09,419000889.71999997,628561846.2,5256893.32,252669681.9,1147742660.67,358812573.98,492879582.54,271757361.11,201932555.0700001,0.321261235136674,224.0,561996494.78,2508912.9231249997,-281002138.76,16.0,103.14350588305996,205966508.66,191024449.85,202921626.73,168050418.2,140497178.01,421499316.77000004,1873,1184767085.72,43507112.66,16,614137099.1899999,570629986.53,207194442.61,233550884.04,251845742.87,265790293.24,226385722.96,567734480.58,97475466.95,519557138.19,4270625440.7,0.27742238278002773,121.95003455045386,0.07337908030201001,0.07595746960524852,143.9437750696027,0.48585391937564393,0.17201032434193197,127.70778143240015,0.09236759698536079,0.1089606017806933,126.06149585203958,0.11968192080545093,0.09015867535272776
E10,FY2025Q2,Bid Corporation,consumer,25056,3846038129.91,153497.69036997127,61289.3,223303921.75,2229709819.5,2200763.31,636747020.88,970980695.86,6399830.36,409230043.82,1695671159.45,517881852.57,807291206.68,415963867.39,325633081.31000006,0.3353651444342939,238.0,442743128.22,1860265.244621849,-66598319.4,16.0,107.41504306029272,212397063.28,233620359.55,51259649.53,157863119.14,188072404.41,254670723.81,1947,1214436315.42,-4718407.519999998,16,604858953.95,609577361.47,244337994.7,234001162.36,246187413.91,255665276.41,234244468.04,535268653.28,107446468.34,571721193.8,5503217573.55,0.22067750351302118,185.83603572808866,0.5238702999399603,0.09852114719749032,113.39949244178088,-0.21219592589573544,0.14274755645191872,130.90587120672288,0.025042246748414376,0.11321189809994164,162.44548929751912,0.28862098771367917,0.10409673361792605
E10,FY2025Q3,Bid Corporation,consumer,13525,2054387554.19,151895.56777744918,61741.68,221074991.09,1177628327.3,1832789.33,350203475.08,521030264.53,3692697.95,193948486.62,908608679.48,350958893.61,391549109.84,209322384.64,165301302.17000002,0.3172585422060109,243.0,488442988.19,2010053.4493415637,-107774252.57,16.0,107.9213665216849,228440559.37,224614747.29,73246505.74,190581735.16,190334367.81,298108620.38,2073,1278572528.37,-51288626.690000005,16,613641950.84,664930577.53,212872825.63,296693038.23,277689186.89,243311572.0,248005905.62,581443301.73,139400931.08,557728295.56,3821403070.75,0.33458195974052624,99.26558864582225,-0.465843165148736,0.07071554264774256,125.10456609497001,0.10321980637786798,0.15583836036198379,137.81920764562543,0.05281150780460564,0.1116071604002341,112.80122643426243,-0.305605671649849,0.08756305338810015
E10,FY2025Q4,Bid Corporation,consumer,18684,2785330164.51,149075.68853082854,60443.020000000004,341573448.87,1566963888.03,1883750.6,474558692.46,735211059.08,6712774.34,313463415.27,1221593011.73,422803963.35,554893802.48,272575971.68,252055841.68000007,0.34283467116967464,248.0,471017204.27,1899262.9204435484,-54937213.690000005,16.0,114.5068236688721,233310569.83,225995597.67000002,78146246.11,166875360.49,208039995.29,262977208.98000002,2434,1503531387.62,-166334704.20000002,16,668598341.71,834933045.91,261260860.13,303449755.97,305938281.85,331671406.18,301211083.49,703144580.64,134052441.22,666334365.76,4759878756.4,0.31587598436165915,134.58387527180236,0.35579587153807246,0.08744172118328676,120.64131206351222,-0.03567618809428286,0.15172151898824257,162.06785294869954,0.17594532516414296,0.12081036812061245,140.50340973189572,0.24558406121388598,0.10041211805894087
E10,FY2026Q1,Bid Corporation,consumer,19647,2902068122.32,147710.49637705504,61548.44,228607072.44,1595661029.94,2206079.04,514549678.21,785230097.42,4421237.71,255567383.53,1324842667.09,425884686.13,617461843.53,278311542.04,264053102.45999998,0.33627481081989724,239.0,518810229.25,2170754.0972803347,173992.64999999746,16.0,95.5380910087366,310853027.82,263159216.12,60354365.18,195296647.95,259492110.95,259318118.3,2181,1340511737.33,-51078743.97,16,644716496.68,695795240.65,263879940.71,301129519.25,232200368.68,254304395.28,288997513.41,594372154.28,142183583.91,603955999.14,4761390088.9,0.28153789382959205,140.22451599496412,0.04191171276477257,0.08977166435149857,132.88250662880944,0.10146768429418929,0.1538637358640648,144.49572580290726,-0.10842450755088684,0.12670182100516833,140.5480216601309,0.00031751491526299525,0.10288413063496955
E10,FY2026Q2,Bid Corporation,consumer,29590,4406022976.38,148902.43245623523,60874.57,405378174.21999997,2496783613.72,1993091.6099999999,772971071.42,1127276318.16,6998881.47,417779875.08,1969578597.46,627680958.47,937973809.89,453009735.48,345313273.6600001,0.3063253153615776,270.0,492513125.39,1824122.6866296295,-58889401.47,16.0,91.43773478745219,251922936.78,236090599.62,58186158.85,198236366.92,216811861.96,275701263.43,2360,1563202777.02,28353595.44,16,795778186.23,767424590.79,317924704.31,316147513.92,292737313.52,310643772.47,325749472.8,751910817.08,153650419.24,657641540.7,6461738878.790001,0.2419167357800628,212.8938444186703,0.5182355446769091,0.11386567448977811,126.14704753224048,-0.05068732722948721,0.14811000665865523,168.49991951023114,0.16612390140913713,0.14019337131617665,190.73938470521335,0.3571118430002076,0.12152848366967146
E10,FY2026Q3,Bid Corporation,consumer,15769,2397715120.66,152052.4523216437,62561.86,165375978.98,1359419287.03,2131935.5,419169535.1,611906172.87,5088190.16,261069167.72,1075540106.15,354597283.31,454015245.44,252493318.04,185516512.10999995,0.3031780366585926,250.0,415557580.38,1662230.32152,-78557558.78,16.0,97.00869458833284,210990557.15,199904124.02,96256046.57000001,119397409.79,168500010.8,247057569.58,2793,1710399889.29,-82235103.23,16,814082393.03,896317496.26,342336335.36,354528684.06,359268523.23,362642983.56,291623363.08,783184843.67,170740004.35999998,756475041.26,4523672590.33,0.3780998414753149,115.85477256804448,-0.45580966474442475,0.08302331423849388,106.4364768006304,-0.1562507495593386,0.12713144102043372,184.36651208174376,0.09416379911415462,0.1351868583166116,133.53101118331716,-0.29992952745607004,0.10097289129382594
E10,FY2026Q4,Bid Corporation,consumer,22024,3222962931.09,146338.67286096985,60356.58,343760866.67,1797812121.92,2271886.48,549813150.38,865418492.87,7647279.44,316737105.58,1483545522.85,471882336.74,635464596.6,315333369.32,305686176.56999993,0.35322353183862343,215.0,451817809.48,2101478.183627907,6154521.039999999,16.0,122.42369810689915,259107789.15,223666116.13,69541171.66,158610521.69,228986165.26,222831644.22,2478,1551486750.63,-136859688.33,16,707313531.15,844173219.48,321660054.42,306643799.44,284966266.55,306756265.57,331460364.65,718080188.2,127409016.48,705997545.95,5226267491.200001,0.29686324958345445,155.72977546802488,0.3441809259654003,0.0989063365822565,115.72378430169563,0.08725681063702995,0.12989904163589078,167.2370318460612,-0.0929099327327283,0.1471180513561777,154.27040062674496,0.1553151530842216,0.11212737033012626
E11,FY2024Q1,Pepkor Holdings,consumer,74490,8270841135.29,111032.90556168613,46414.95,712366192.31,4407969068.31,2755671.59,1526721823.22,2323728188.21,9666383.96,840233891.2,3697021566.11,1240674872.24,1643834824.12,849075981.62,784584309.44,0.33764031155656643,274.0,355920886.02,1298981.335839416,-106930306.98,22.0,110.17567272533282,164294518.93,176893381.29,51474749.55,127552755.18,124495289.52,231425596.5,3823,1737156033.69,-103212020.29,22,816972006.7,920184026.99,343682805.83,346597566.83,345380848.08,363816518.02,337678294.93,786134611.54,176282663.13,774738759.02,10363918055.0,0.16761576311884493,100.0,,0.23983930299100867,100.0,,0.11893938644415207,100.0,,0.1515803304547771,100.0,,0.21177786117291403
E11,FY2024Q2,Pepkor Holdings,consumer,106983,11971274016.18,111898.84389276801,46182.58,1260128095.04,6512633646.12,2877423.05,2156543977.68,3292184063.45,7034905.88,1224730569.42,5343163847.44,1844773447.14,2370578281.71,1188027870.47,1125727756.8399997,0.34193949522382067,266.0,408154257.86,1534414.5032330828,-73827534.74,22.0,109.32764080463389,215166334.53,185719098.32,83113240.05,139321919.49,167163361.56,240990896.3,3433,1558880729.51,2503175.2099999976,22,780691952.36,778188777.15,303036882.48,300281575.61,320693281.84,316330442.56,318538547.02,715612819.38,146237459.67,697030450.46,13938309003.550001,0.11184145287014104,144.74070799281833,0.4474070799281835,0.2988094611589547,114.67555681378724,0.1467555681378725,0.12905826980866564,89.73751921401588,-0.10262480785984118,0.14713414742625602,134.4887997915572,0.3448879979155721,0.2589764610021805
E11,FY2024Q3,Pepkor Holdings,consumer,55164,6094367699.91,110477.26234337612,45944.56,512233640.90999997,3282452885.47,2988194.24,1108199602.2,1691555372.38,9171645.62,606958321.76,2732223602.28,932264787.9,1208487600.91,614433387.06,571195930.3200002,0.33767498223622067,262.0,387404736.84,1478644.0337404578,-37944755.04000001,22.0,106.1476850009029,201699106.16,209290610.6,64804050.17,113310076.07,174729990.9,212674745.94,3342,1536046129.03,-114172948.31,22,710936590.36,825109538.67,346632653.46,310154149.16,309670528.89,299832118.81,269756678.71,704553675.79,148114013.76,683378439.48,8017818565.78,0.1915790581225965,73.68498076823856,-0.490917366716939,0.20375876435396578,108.84574411242359,-0.05083744839216475,0.12543252525005735,88.42303738065428,-0.014648074126349386,0.14800550091660244,77.36281320665074,-0.42476389612700427,0.18484212799881367
E11,FY2024Q4,Pepkor Holdings,consumer,73982,8272446717.34,111817.01923900409,46019.615000000005,720915501.5600001,4444369526.61,2573605.82,1502373094.76,2315463530.67,7666959.4799999995,842350137.13,3719209351.46,1258110363.96,1633820628.43,818956236.36,802849870.6100001,0.3467339735546119,271.0,360804138.28,1331380.5840590405,27662824.740000006,22.0,109.20761718805973,159830972.4,160431089.87,55707677.88,144665370.53,194233481.51,166570656.77,3377,1535348981.92,-11898172.999999998,22,761725404.46,773623577.46,333062908.1,276678951.89,319986088.53,298928859.96999997,306692173.43,704318491.22,155772495.2,675257995.5,10168599837.54,0.15098922235604792,100.01941256063002,0.3573921241184981,0.2450527834602794,101.3720049740845,-0.06866358624568436,0.11985476742320468,88.38290586129277,-0.00045385818617316165,0.14803077472173837,98.11540175806611,0.26825017978574905,0.21571072268630032
E11,FY2025Q1,Pepkor Holdings,consumer,74548,8152056947.21,109353.12747773247,45926.645000000004,643853106.13,4340904490.83,2816899.87,1503078861.84,2299120040.89,6136653.78,811313557.48,3673086778.8,1215619529.52,1657805780.92,794231300.49,787087625.4000001,0.342342988361458,230.0,296873052.74,1290752.4032173913,18058741.04,22.0,106.73563358544794,174008870.23,152668402.34,44297686.49,99906963.91,157465896.89000002,139407155.85,3520,1738494984.28,-212915212.38,22,762789885.95,975705098.33,321195289.54,369605672.98,360200574.59,342758668.76,344734778.41,797847628.38,175352574.63,765294781.27,10187424984.23,0.1706510709989195,98.5638197356594,-0.014553103119739563,0.24534211937371653,83.40984314230946,-0.17719055508833048,0.09086396545974358,100.07707716313519,0.1323125913080423,0.15988582225404072,98.29704297319437,0.0018513017515451313,0.2150703110322199
E11,FY2025Q2,Pepkor Holdings,consumer,106573,11865142496.87,111333.47561643194,46353.83,998275400.53,6406459647.66,3149185.0,2158102140.78,3291373331.35,6058192.08,1132112143.8,5373025596.46,1794990911.53,2388427091.85,1176586753.23,1124063813.4899998,0.34151817503757625,272.0,373921353.57,1374710.8587132352,30210826.61,22.0,112.57172248086115,174873615.72,176539301.7,80094701.7,117287350.17,202066090.09,171855263.48,3603,1750230688.58,56839145.760000005,22,903534917.17,846695771.41,365617829.62,323635855.16,318828008.84,378204362.32,363944632.64,777632053.9399999,190086426.25,782512208.39,13989294539.02,0.12511214798559883,143.45750695468985,0.4554783625414669,0.3039406815451104,105.05743502475674,0.2595328209107566,0.12055830147359983,100.75264712187237,0.006750496496175096,0.16315959581493789,134.9807521130579,0.37319239755632516,0.2646160809869063
E11,FY2025Q3,Pepkor Holdings,consumer,54322,5990319132.55,110274.27437410258,46120.7,534182450.77,3204703756.79,2481042.24,1103038794.03,1673234510.5,6861028.99,611746294.91,2689892189.36,909252118.22,1164238630.31,615189899.75,560853645.24,0.3351912966894308,254.0,459781135.67,1810161.951456693,17603002.67,22.0,102.02034431751179,261264089.81,225873391.83,97836215.36,136071528.48,238692069.17000002,221089066.5,3588,1632876613.24,-19697475.439999998,22,806589568.9,826287044.34,277934883.49,297590089.54,390051150.37,317188349.1,350112140.74,696507229.88,187589100.24,748780283.12,8082976881.46,0.20201426246626344,72.42696401204618,-0.4951329801449722,0.20619705723365686,129.18071226765935,0.22961989541452232,0.14669375964163048,93.99711836889553,-0.06705063287126556,0.14253452036858558,77.99151670791554,-0.42220268084896284,0.18521211269847862
E11,FY2025Q4,Pepkor Holdings,consumer,73888,8225805935.02,111328.03614957775,46359.880000000005,877835967.48,4395382154.13,2471288.61,1488786975.76,2331299316.2,7866200.32,830496670.05,3666461652.35,1326738142.93,1646754102.08,755355367.61,832174851.51,0.35695753253444895,245.0,350347331.85,1429989.1095918368,1297704.7899999968,22.0,126.9074261497048,201431860.39,218654726.91,42335314.2,89357290.74,175822518.32,174524813.53,3990,1849316783.58,-82458928.44,22,883428927.57,965887856.01,400782001.53,341112938.56,380681852.23,340864138.6,385875852.66,900387836.62,158643411.97,790285534.99,10425470050.45,0.17738449917662721,99.45549431389942,0.37318325668542185,0.2582381931746253,98.43404689386877,-0.23801281812167308,0.1128519911372279,106.45657314108695,0.13255145464453255,0.14859459751590684,100.59390662028929,0.2898057489639738,0.21993071317587265
E11,FY2026Q1,Pepkor Holdings,consumer,74380,8191347575.59,110128.36213484808,46388.725000000006,770289438.47,4380802539.85,2771974.72,1488552531.63,2312670942.47,6549586.92,767607511.9,3744422240.9,1188535070.95,1676624288.11,814158463.73,814796849.1999996,0.3523185396750706,280.0,395178076.27,1411350.2723928571,-41779260.25,22.0,102.51006737459363,204707851.84,190913305.7,61873382.410000004,142391388.16,176699408.01,218478668.26,3411,1587844397.68,-75183855.4,22,756330271.14,831514126.54,352319887.11,364621676.3,296180206.27,283034026.05,291688601.95,714313426.08,151560286.08,721970685.52,10174370049.54,0.1560631655767021,99.03886970624043,-0.004189055723196611,0.253388574681171,111.02975177685809,0.12796085582633765,0.11719810388930671,91.40482299147084,-0.14138864050853883,0.15007908625971592,98.17107772896223,-0.024085245048415027,0.2198478170788203
E11,FY2026Q2,Pepkor Holdings,consumer,106927,11919526585.25,111473.49673375294,46046.98,1111842518.79,6468588563.73,2974179.84,2155062593.59,3285760061.8,7141186.29,1187691245.14,5407319930.13,1800244418.15,2388999472.8,1135271519.03,1120582102.08,0.34104197537361397,268.0,370272976.19,1381615.5827985075,-48096084.33,22.0,103.54062504179966,185502202.13,194231590.49,42612463.39,133428922.31,161088445.93,209184530.26,3546,1616697900.31,-65913007.65,22,775392446.33,841305453.98,287750481.88,311577376.28,308249854.96,361496929.71,347623257.48,732754289.78,181746686.73,702196923.8,13906497461.75,0.11625485890726607,144.11504694959984,0.4551362245657693,0.30803855120688284,104.03238212022026,-0.06302247410856854,0.11134958672541904,93.06578505074599,0.01817149254181194,0.14499099693023584,134.18185466104595,0.36681655906340205,0.2615450084543004
E11,FY2026Q3,Pepkor Holdings,consumer,55266,6048240743.06,109438.72802554916,45947.185,559548991.54,3213722422.05,2798283.38,1114053654.5,1710252381.04,7414002.09,594559180.08,2693655456.84,935175494.81,1201033540.24,623817071.09,585986441.0699999,0.3426315598599916,276.0,402246972.13,1457416.565688406,5057851.790000003,22.0,117.64850132359902,175870228.73,211003970.79,44908167.129999995,146334834.21,203652411.96,198594560.17,3927,1828258080.29,-70965189.87,22,878646445.21,949611635.08,352067054.05,414849906.29,361740558.47,320013338.35,379587223.13,792135263.08,172722984.14000002,863399833.07,8278745795.4800005,0.22083756712136102,73.12727501503305,-0.49257710028983126,0.2094264608311394,113.01583804986282,0.08635249666071498,0.12305932950670902,105.24432145605738,0.1308594388224502,0.14450215275034956,79.88046365810445,-0.404685053281691,0.18478987649175557
E11,FY2026Q4,Pepkor Holdings,consumer,73346,8039059336.8,109604.6047064598,46131.725,708577940.54,4280327397.07,2839016.3,1474250959.79,2272414046.29,9227917.35,819060657.2,3557943927.52,1247505251.58,1594973053.38,819576447.12,786096152.8500001,0.3459299831971204,253.0,365379381.86,1444187.2800790514,-20896964.82,22.0,121.84950273948115,180364466.84,203923310.61,35345823.64,126110247.61,172241208.52,193138173.34,3318,1622719761.64,-199879561.32,22,711420100.16,911299661.48,317215271.69,372351500.54,314276648.95,299433786.14,319442554.32,753426783.43,129384338.67,739908639.54,10027158480.3,0.16183246378603666,97.1976030648076,0.32915663881672486,0.24670277802461926,102.65747142455375,-0.09165411506959698,0.10504772176146175,93.41243562290033,-0.1124230330858963,0.15387264450224805,96.75065382693244,0.21119294250761889,0.21512846676382227
E12,FY2024Q1,Clicks Group,consumer,712,45854045.96,64401.74994382023,32698.46,-2804560.3,11189942.08,10094.53,17887671.91,15813045.36,953292.08,4357981.5,19294655.47,7116875.59,9727577.18,5356956.22,-3038013.16,-0.1921206883833286,22.0,25463613.48,1157436.9763636363,-1235095.5799999991,11.0,74.28685080323486,13030252.149999999,14621945.76,4131984.9400000004,6709682.779999999,12114258.950000001,13349354.53,750,300255047.35,-24861142.71,18,137696952.32,162558095.03,62369857.28,56174255.6,70521517.09,56479282.32,54710135.06,150399137.21,17283719.3,132572190.84,371572706.79,0.8080653984085374,100.0,,0.0013296836733375933,100.0,,0.008509269005899404,100.0,,0.02619958047254471,100.0,,0.007592772607484353
E12,FY2024Q2,Clicks Group,consumer,1029,66802752.57,64920.07052478134,31750.58,-11271191.15,21146534.87,15677.41,24750165.51,20366571.46,523803.32,5094468.5200000005,37644089.25,9549194.21,9166001.45,5348999.14,-4923074.780000001,-0.241723295924841,25.0,20386799.37,815471.9748000001,-8580672.11,13.0,81.09119218501438,13328202.110000001,7579603.4,1202861.91,11604334.06,5903063.63,14483735.74,654,279124198.26,3033228.1799999997,18,141078713.22,138045485.04,48859746.81,67765069.34,53778552.04,45441727.04,63279103.03,128486261.05,31893068.28,118744868.93,366313750.2,0.7619812199449345,145.6856230926149,0.4568562309261488,0.0016674327621602858,80.06247575982292,-0.19937524240177085,0.00644630063991903,92.96236673571443,-0.07037633264285581,0.026344992377916814,98.58467629782825,-0.014153237021717557,0.006806179904540131
E12,FY2024Q3,Clicks Group,consumer,526,32764764.07,62290.42598859315,33389.015,-62481.98999999997,6045351.79,6193.2,13761948.36,12554341.14,396929.58,2442508.97,15634088.11,3707403.19,7800682.39,3180081.41,-1610729.9999999981,-0.12830063975782627,15.0,17162747.62,1144183.1746666667,6188587.140000001,9.0,119.03073486435152,9579810.1,9068317.85,379736.6,7714693.170000001,11675667.38,5487080.24,592,217331642.64000002,4330037.74,18,110830840.19,106500802.45,44802605.519999996,45815378.75,41617308.589999996,44155765.37,40940584.410000004,73975710.21,25675612.67,117680319.76,267259154.33,0.8131868978813288,71.45446685027922,-0.509529730295663,0.001095455372893074,67.40106871901827,-0.15814408586098716,0.005556893268176829,72.38234446285986,-0.22138014548792773,0.02094095875510846,71.92647615021025,-0.27040916650253544,0.00616137050348865
E12,FY2024Q4,Clicks Group,consumer,726,41811234.81,57591.23252066116,31878.625,-5574382.43,8615575.77,11734.57,17219022.85,15518071.82,446829.8,5774885.62,17001388.68,6426774.67,8657235.14,3950950.7,-2159515.4000000022,-0.13916132268551404,16.0,11078729.86,692420.61625,5768703.66,12.0,124.18925481408931,4645271.56,4717648.09,200229.18,6160852.59,8423716.76,2655013.1,618,216447774.49,17905181.05,18,117176477.77,99271296.72,31629305.17,52006663.64,37257850.46,46166036.75,49387918.47,99523354.26,20930475.87,95993944.36,269337739.16,0.8036295810793127,91.18330549603697,0.2761036435566191,0.0012385645771069297,43.508082105870855,-0.35448972942480417,0.003680219958243249,72.08797200924056,-0.004066909628360427,0.02086882664583701,72.48587806321856,0.007777413032720615,0.005713573086671217
E12,FY2025Q1,Clicks Group,consumer,709,49828178.06,70279.51771509169,35679.42,-3591007.24,15312448.48,12153.470000000001,17810576.51,15749406.67,943592.9299999999,3907519.3,23520266.7,6172929.4,7514512.5,8712950.16,-3016916.24,-0.19155745376406616,22.0,41665713.480000004,1893896.0672727274,-17980432.72,12.0,95.58931849113267,12679367.19,27173219.419999998,1819417.2,12673076.86,11842640.38,29823073.1,667,241692798.18,-895923.5199999996,18,120398437.33,121294360.85,47191684.94,60012111.27,46168455.03,44323693.7,43996853.24,92835286.55,31642542.35,117214969.28,333186689.72,0.7253975192799907,108.66691699019704,0.191741365363421,0.0014996154821949876,163.6284399020025,2.760874577367843,0.012752629164419233,80.49583189796125,0.11663332528820392,0.022227991521007105,89.66931198967355,0.2370590573720921,0.0070340213646532534
E12,FY2025Q2,Clicks Group,consumer,1043,65949554.25,63230.63686481304,30395.63,-1473053.9499999997,13521928.629999999,4692.45,25670090.39,26070671.73,682171.05,8247089.47,28195706.41,10702451.22,12663671.69,6140635.46,-286282.16000000015,-0.010981004362483305,16.0,19217893.4,1201118.3375,-3788491.1999999997,10.0,148.34613609626953,7990605.609999999,18280291.45,0.0,937601.95,7714701.1,11503192.299999999,604,223756840.53,-3160589.5700000003,18,110298125.48,113458715.05,39776094.73,50641795.52,46381104.38,47456897.72,39500948.18,85970420.12,20342203.69,117444216.72,308924288.18,0.724309641848634,143.82494034993113,0.3235393469652379,0.0016893815199968305,75.4719804991322,-0.5387600068525216,0.006196160139249638,74.52225782874919,-0.0742097314651563,0.0208590078438872,83.1396608348291,-0.07281924004944318,0.005843492267022342
E12,FY2025Q3,Clicks Group,consumer,552,34264047.11,62072.54911231884,31270.945,-3242936.75,8283422.38,14861.49,14198538.06,11281887.16,485338.02,2975325.67,17028627.09,4952056.89,5925317.28,3382720.1799999997,-3416850.41,-0.3028616012145968,15.0,13713894.12,914259.6079999999,1363513.0199999998,11.0,76.11153172589903,5274441.97,9492496.64,1641893.37,2579504.11,7538703.57,6175190.55,635,271742620.31,10872770.690000001,18,141307695.5,130434924.81,43547994.09,53503443.84,56182080.64,64829852.78,53679248.96,132683493.24,16603836.94,122455290.13,319720561.54,0.8499378926431745,74.72415223705595,-0.48045066415289683,0.0011794272603285903,53.85682645069744,-0.286399719544703,0.004375435466395348,90.50393081094028,0.21445502924665383,0.023720533281895675,86.04522229365328,0.034947959008355456,0.007326028707541144
E12,FY2025Q4,Clicks Group,consumer,711,54870760.82,77174.06585091421,33089.64,-7130206.760000001,18608916.61,13508.3,18382897.63,17584044.63,281393.65,8733717.97,28381478.66,6545201.55,7561429.2,3648933.44,-1093754.9499999993,-0.062201556752986886,10.0,23153215.68,2315321.568,167730.97999999882,8.0,116.96246853689742,11975071.56,11116262.21,4779849.739999999,7257103.7299999995,11660473.329999998,11492742.350000001,699,275691615.21,-30035291.05,18,122828162.08,152863453.13,46957148.8,59695320.28,49258280.63,61709408.33,58071457.17,128635495.23,27437972.05,119618147.93,353715591.71,0.7794160666686999,119.66394605149037,0.601409216017156,0.0017225942654383044,90.92666953252858,0.6883035173965599,0.007457988839019856,91.81914430521894,0.014532114599818735,0.022152118536087485,95.19418010158313,0.10632731910095461,0.007461814380527453
E12,FY2026Q1,Clicks Group,consumer,755,44776782.3,59306.996423841054,34052.61,-1403740.9400000002,8663976.459999999,0.0,19535076.69,15419176.13,1158553.02,4047835.71,20523714.78,7534819.91,8720988.56,3949423.34,-5274453.58,-0.3420710377474623,12.0,14238333.1,1186527.7583333333,-9332285.98,9.0,123.46638658144612,5421246.1,10499455.3,3089912.45,648965.35,2453023.56,11785309.540000001,621,265781317.85,-9144998.71,18,128318159.57000001,137463158.28,58275841.72,57737360.69,47536187.49,58343786.15,43888141.8,120856135.19,26603171.8,118322010.86,324796433.25,0.8183012208309095,97.6506682508677,-0.18395914999452345,0.0013851109284651335,55.91638873714164,-0.3850386358081903,0.004222667556902206,88.51851790527444,-0.03594703942102517,0.025120986279330522,87.41127303345336,-0.08175822366267038,0.007018202256976847
E12,FY2026Q2,Clicks Group,consumer,1005,68713187.17,68371.33051741293,34853.0,3904552.91,15957861.620000001,0.0,26537077.21,25938285.75,279962.58999999997,6726921.04,29756637.83,7580153.29,15990700.65,8658774.36,-878754.0500000007,-0.033878647897924434,16.0,15490903.44,968181.465,-5541862.46,10.0,161.83861282270055,8719131.4,8584301.49,1415702.11,5490899.84,4974520.49,10516382.95,652,231718416.33,-16593522.31,18,107562447.01,124155969.32,53068551.0,39961779.5,45936220.2,50379683.15,42372182.48,109762859.37,19367883.05,102587673.91,315922506.94,0.7334659963748894,149.85196122047938,0.5345717945882862,0.0017757677264503729,60.83544840235299,0.0879716980353551,0.004658470390672699,77.1738621465675,-0.12816138393603793,0.020781300071175908,85.02306578683897,-0.027321501720955266,0.005941679777801372
E12,FY2026Q3,Clicks Group,consumer,572,35002821.05,61193.74309440559,30659.825,-2242562.7299999995,8693037.89,8004.65,13609972.81,11582839.21,1108966.49,3572756.31,15217140.86,4451607.21,8455302.64,3306014.03,-3144104.74,-0.27144508207327517,18.0,22192966.14,1232942.5633333335,-5944828.1,12.0,100.04247245699624,6310487.25,11791967.91,422053.59,9978944.64,8124069.0200000005,14068897.12,726,292736623.41,-6491957.810000001,18,143122332.8,149614290.61,76378804.92,49955521.92,59896518.25,49899926.06,56605852.26,140298304.98,35667550.58,116770767.85,349932410.6,0.8365519012887913,76.33529455728751,-0.4905952919429979,0.001212008126498361,87.15560404430079,0.4326450504296735,0.006789489349023272,97.49598749251467,0.26332912181266344,0.023137363771368394,94.17602644259058,0.10765267720054905,0.007810840981558016
E12,FY2026Q4,Clicks Group,consumer,686,49221729.53,71751.79231778426,38632.025,663775.4300000002,12135556.73,0.0,19174786.93,17349431.85,561954.02,4343891.89,20234044.27,8597354.35,11761552.93,4284886.09,-2387309.0999999978,-0.13760157223822853,14.0,11945339.95,853238.5678571428,3117595.9499999997,10.0,89.84955376678083,8559485.2,7980230.98,1276217.81,2688891.16,7531467.95,4413872.0,607,215260431.97,-19963897.09,18,97648267.44,117612164.53,39774960.7,40890631.99,43209913.85,46034439.61,45350485.82,94899176.95,27899403.73,92461851.29,276427501.45,0.7787229231565302,107.34435424289002,0.40622178594373626,0.0015105172017626993,46.91140933073887,-0.4617510847966355,0.0034343228154413994,71.6925273596071,-0.26466176502790595,0.020411837402192445,74.39391978976195,-0.21005459032493523,0.0059306357504098775
E13,FY2024Q1,NEPI Rockcastle,real_estate,123,6942126.61,56440.0537398374,23316.18,-2550037.4899999998,2642232.9,4655.49,2311023.16,1911829.9,72385.16,1667735.1499999997,2608969.1,530947.47,1148279.21,986195.68,-476233.9100000006,-0.2490984736665122,1.0,271843.06,271843.06,271843.06,1.0,90.0,271843.06,0.0,271843.06,0.0,271843.06,0.0,145,35680831.1,-5419542.54,11,15130644.28,20550186.82,12358997.83,5514592.0,4730988.12,8473264.0,4602989.15,10609947.6,3880624.01,21190259.49,42894800.77,0.8318218166187323,100.0,,0.00020130900596234874,100.0,,9.084279129290537e-05,100.0,,0.003113429112956845,100.0,,0.000876518814052787
E13,FY2024Q2,NEPI Rockcastle,real_estate,156,5856057.15,37538.827884615384,20177.11,-1124847.09,1016173.38,0.0,2669757.61,1938667.88,231458.28,620439.74,2017098.99,920098.51,1655362.23,643057.68,-962548.0099999998,-0.49649969441903574,0.0,0.0,0.0,0.0,0.0,0.0,0.0,0.0,0.0,0.0,0.0,0.0,187,35560862.29,-1381602.2100000002,11,17089630.04,18471232.25,10727191.86,7594127.25,2888425.76,3302554.7199999997,11048562.7,13105396.73,3022916.54,19432549.02,41416919.44,0.8586071289419878,84.35537809933432,-0.15644621900665678,0.00014617034737844173,0.0,-1.0,0.0,99.66377237776841,-0.0033622762223159963,0.003356393504476947,96.55463761698222,-0.034453623830177915,0.0007695343258247298
E13,FY2024Q3,NEPI Rockcastle,real_estate,176,6947243.42,39472.973977272726,21844.6,818690.62,1930572.32,2841.84,2535751.59,2434793.48,43284.19,737288.87,3916020.09,718897.76,929447.6599999999,645589.04,-147084.13999999966,-0.060409287772529956,2.0,218236.75,109118.375,122537.01000000001,2.0,113.42229894827523,47849.87,170386.88,0.0,47849.87,170386.88,47849.87,174,36312951.12,-7614579.92,11,14349185.6,21963765.52,10506718.92,7941579.99,9194820.18,3285502.52,5384329.51,21543781.46,4083386.02,10685783.64,43478431.29,0.8351946020727741,100.07370666493793,0.18633463472944412,0.0002322737656519025,80.28041988638591,inf,7.06599172693416e-05,101.77159556129284,0.02114934176417571,0.0034989291133266038,101.36060900044599,0.049774630220542626,0.0010023481693629437
E13,FY2024Q4,NEPI Rockcastle,real_estate,186,8869458.78,47685.26225806451,23956.050000000003,716654.8200000001,2196391.17,0.0,3373695.07,3265313.79,34058.75,575106.72,3830983.06,1087500.23,2383304.5,992564.27,-142440.0299999998,-0.043622156754496724,3.0,1021535.74,340511.91333333333,1021535.74,2.0,144.1056834683043,417968.36,417968.36,298006.32,305561.06,1021535.74,0.0,178,43694023.07,2697995.5300000003,11,23196009.3,20498013.77,6822813.93,6503667.75,7499006.72,10078381.03,12790153.64,15726059.99,6255728.65,21712234.43,53585017.59,0.8154149244536993,127.7628496032284,0.2766874922600595,0.0002627379342642773,375.78143065340714,3.6808603042338195,0.0003393418077626803,122.45797455653997,0.2032627952932955,0.00421276215500733,124.92194072032287,0.23245057377045963,0.001136721186217251
E13,FY2025Q1,NEPI Rockcastle,real_estate,213,8137180.13,38202.723615023475,20511.0,-816543.67,1665438.97,0.0,3449774.43,2964183.99,57782.74,813298.21,3657581.5300000003,1503935.97,1318674.78,843689.64,-543373.1800000002,-0.183312905620275,0.0,0.0,0.0,0.0,0.0,0.0,0.0,0.0,0.0,0.0,0.0,0.0,211,44816074.87,-670984.3500000003,11,22072545.26,22743529.61,9242756.05,8185897.24,9841006.88,10965278.98,6581135.72,19252574.79,3902419.86,21661080.22,52953255.0,0.846332767834574,117.2145163454459,-0.08256181895238479,0.00024489439067316006,0.0,-1.0,0.0,125.60266532020326,0.025679754830595813,0.004121642596372622,123.44912215336534,-0.011789911031360845,0.0011179147861847297
E13,FY2025Q2,NEPI Rockcastle,real_estate,246,11015725.459999999,44779.371788617886,21973.135000000002,-1899343.78,3801281.6,0.0,4165604.82,2922781.34,126057.7,930636.49,6442723.92,991134.71,1895862.34,755368.0,-1368881.1799999997,-0.46834881599456213,3.0,1419303.03,473101.01,772822.81,2.0,63.74745067654791,621005.38,0.0,1419303.03,0.0,1096062.92,323240.11,234,65660031.58,10300464.46,11,37980248.02,27679783.56,10004592.26,12320629.17,18691958.17,15813117.3,8829734.68,27725772.98,8084842.7700000005,29849415.83,78095060.07,0.8407706136744892,158.67940875829115,0.3537521947421851,0.0002821817862625293,522.1038307911925,inf,0.00045760628789845583,184.02046576768217,0.46510000642544,0.006120944103934435,182.06183189599645,0.47479243853848074,0.0014772159298325918
E13,FY2025Q3,NEPI Rockcastle,real_estate,245,9484822.47,38713.56110204082,20059.73,-779151.93,632747.5,0.0,4687150.5,3865635.88,299288.59,1295485.5,4473006.37,1115950.3,1901921.66,698458.64,-1120803.21,-0.2899401921942012,1.0,72123.76,72123.76,-72123.76,1.0,60.0,72123.76,72123.76,0.0,0.0,0.0,72123.76,271,61441248.92,-6019115.34,11,27711066.79,33730182.13,10465868.26,13667604.48,13877502.72,11185192.65,12245080.81,25712275.8,6778876.29,28950096.83,70998195.15,0.8653917017213077,136.62704532552453,-0.1389743231672731,0.0003264838547700431,26.53139646088445,-0.9491836778506701,2.3011177912884905e-05,172.19679874553145,-0.06425191335553715,0.0053632337401674215,165.51701808964947,-0.09087469698645168,0.0016268419314265303
E13,FY2025Q4,NEPI Rockcastle,real_estate,259,11046627.82,42651.072664092666,24300.35,-1006645.9400000001,2648087.32,0.0,3935765.15,4279335.78,183439.57,511897.61,5126523.91,1575010.76,2616584.71,1216610.83,160131.06000000052,0.03741960627356999,2.0,853257.78,426628.89,853257.78,2.0,85.3391626853962,328606.99,524650.79,0.0,328606.99,853257.78,0.0,303,84681922.8,-7580741.359999999,10,38550590.72,46131332.08,17419362.94,13558544.540000001,23874693.93,11933425.07,17895896.32,35531081.61,12226178.57,36924662.62,96581808.39999999,0.876789575623643,159.1245513167038,0.16466363550186713,0.0003467941295289523,313.87881669666314,10.830467241308552,0.0002748467896640291,237.3316993728882,0.3782584873927395,0.006804283802031882,225.15970855737814,0.3603417410252292,0.0020374434820145722
E13,FY2026Q1,NEPI Rockcastle,real_estate,267,9749782.07,36516.03771535581,19544.07,-774260.73,2850636.7,0.0,3821937.27,3055359.2800000003,21848.82,1000534.26,4879991.57,1443281.22,1371996.84,1053978.18,-788426.8099999996,-0.2580471681876966,2.0,1770510.73,885255.365,-1770510.73,1.0,70.0618993706974,1176687.37,0.0,1770510.73,0.0,0.0,1770510.73,266,74877259.44,-2164980.9600000004,11,36356139.24,38521120.2,20920487.46,12845415.73,14269113.56,9549168.43,17293074.26,44872613.800000004,7076059.3,22928586.34,86397552.24,0.8666595001673395,140.44373745583414,-0.11739743305663397,0.00030159669814662884,651.2988523598874,1.0750009803602376,0.000525081002545041,209.8529017727953,-0.1157822476841539,0.007077211529546609,201.41730626809482,-0.10544694004714861,0.0018668785554714616
E13,FY2026Q2,NEPI Rockcastle,real_estate,303,13819987.47,45610.5197029703,21879.31,-1633822.77,3378094.65,2981.81,6377034.05,3937580.04,124296.92,2018241.45,6410218.7700000005,1259585.92,2320874.98,1811066.3499999999,-2566732.7399999993,-0.6518553817130786,3.0,1100807.33,366935.7766666667,-1100807.33,3.0,116.971780702078,652077.9,0.0,1100807.33,0.0,0.0,1100807.33,264,65840479.9,-917597.4399999997,11,32461441.23,33379038.669999998,17309045.43,11577583.1,15917212.64,9499881.27,11536757.46,28698906.39,6584247.33,30557326.18,80761274.7,0.8152481513519251,199.0742642188717,0.4174662952235608,0.0003571525167135475,404.94222291347074,-0.37825435827773823,0.0003310380425843304,184.5261947948292,-0.12068790454652356,0.005904799416907554,188.27753772080288,-0.06523654193747552,0.001518909296340783
E13,FY2026Q3,NEPI Rockcastle,real_estate,295,11924139.53,40420.81196610169,20942.69,1115641.19,2935103.39,4577.86,4478020.69,4371555.69,134881.9,1406396.35,5433783.33,1502060.18,2812200.89,769698.7799999999,-245924.7600000007,-0.05625566215765186,1.0,309304.1,309304.1,-309304.1,1.0,180.0,0.0,0.0,309304.1,0.0,0.0,309304.1,357,88577949.28,-11516333.02,11,38530808.13,50047141.15,14136676.57,15506823.4,17276848.93,16152997.370000001,25504603.01,37030497.75,6259447.48,45288004.05,100811392.91,0.8786501874751251,171.76493889960904,-0.13718159615668601,0.00041288540689952036,113.78039226015186,-0.7190206754891431,9.462533666350328e-05,248.250801758931,0.3453417929901814,0.007001038034597925,235.0200749283023,0.24826401371795082,0.002250210998744725
E13,FY2026Q4,NEPI Rockcastle,real_estate,319,12874378.23,40358.55244514107,22120.99,-1087410.19,1747569.02,0.0,6006313.98,5003523.03,116972.2,1860086.93,5092779.76,2588993.2399999998,1987874.6,1344643.7,-1119763.1500000004,-0.2237949427405754,2.0,723734.6599999999,361867.32999999996,-723734.6599999999,2.0,230.39987569477466,0.0,0.0,723734.6599999999,0.0,0.0,723734.6599999999,288,74929828.07000001,4013098.5700000003,11,39471463.32,35458364.75,17922118.25,16370971.280000001,9862249.58,14653547.24,16120941.72,26327790.11,6975593.77,41626444.19,88527940.96000001,0.8463975018221185,185.45294480015252,0.0796903372028892,0.00039508911946219887,266.232531373065,1.3398805900083444,0.00020807599160572435,210.00023194526992,-0.1540803475462894,0.007105139821294373,206.3838492564235,-0.12184587074365805,0.0018993297295439957
E14,FY2024Q1,Prosus,tech,4173,494803582.65,118572.62943925233,47865.68,17393030.27,285602868.98,285166.54,89405198.07,118078972.23,1431376.83,45523278.7,220669937.93,74226646.42,108612137.95,45771581.65,26957230.790000007,0.2282983183279356,7.0,32368517.97,4624073.995714285,-27616615.61,4.0,97.70856897993467,31512280.69,1335399.0,1195335.24,29837783.73,2375951.18,29992566.79,1064,540581761.16,46729516.400000006,11,293655638.78000003,246926122.38,116382832.27,110074725.07,90159464.24,121375680.88,102589058.7,239043436.42000002,49742393.699999996,251795931.04,1067753861.78,0.5062793781507122,100.0,,0.014348401140710449,100.0,,0.010816706236345952,100.0,,0.04716994927646255,100.0,,0.021818643094905065
E14,FY2024Q2,Prosus,tech,4169,500293410.57,120003.21673542816,49553.35,53076596.59,278674522.14,312409.05,84248621.17,136160826.92,897031.29,49471834.68,222409998.25,66019332.68,107456997.79,54935247.17,50702765.40999998,0.37237410022333306,5.0,17606719.07,3521343.8140000002,-7206979.710000001,4.0,59.73339451936857,11910058.84,0.0,17606719.07,0.0,5199869.68,12406849.39,1037,473050553.72,-40183806.78,11,216433373.47,256617180.25,87876004.46,122868056.59,91713961.09,69454849.75,101137681.83,227718775.85,41036888.31,204294889.56,990950683.36,0.47737042989469,101.10949639665064,0.011094963966506333,0.01248759357038759,54.3945789742934,-0.45605421025706605,0.005567239974649124,87.5076792648185,-0.12492320735181484,0.04464863064475007,92.8070334213575,-0.0719296657864249,0.018412054212523368
E14,FY2024Q3,Prosus,tech,4052,503292735.24,124208.47365251728,49909.729999999996,32494034.42,289058698.91,448249.55,84756023.13,127387716.06,1642047.59,41484256.53,234884878.31,90265609.39,89570955.5,47087035.51,40541395.79000001,0.31825200297103123,1.0,1654298.5,1654298.5,-1654298.5,1.0,30.0,0.0,0.0,1654298.5,0.0,0.0,1654298.5,974,497451284.91,-99527167.89,11,198962058.51,298489226.4,108655542.94,88589334.61,93418257.29,95193281.45,111594868.62,247688833.81,53849241.93,195913209.17,1002398318.6500001,0.49626109267616536,101.71566110021577,0.005995131270233545,0.01682706244363045,5.110825591499888,-0.9060416370919014,0.0005356228735480889,92.02147032163109,0.051581656544139376,0.04793184606454883,93.879156473286,0.011552174575615304,0.02310920817197037
E14,FY2024Q4,Prosus,tech,4063,505230745.75,124349.18674624662,50364.62,38829096.19,275765637.04,410808.35,85134106.68,142906688.19,1013505.49,46495425.22,244069518.43,77424841.08,95738279.09,41502681.93,56348267.67,0.3943011232272263,1.0,453186.23,453186.23,-453186.23,1.0,90.0,453186.23,0.0,0.0,453186.23,0.0,453186.23,894,426264373.25,32567541.77,11,229415957.51,196848415.74,80961688.91,72429599.62,94170689.92999999,84856418.84,93845975.95,186389894.49,46464530.5,193409948.26,931948305.23,0.45739057720030957,102.10733379175544,0.0038506625951510998,0.014966333995991052,1.4000833477146684,-0.7260553461180071,0.00015054298006387308,78.8528958756038,-0.1431032823101046,0.041098308040407205,87.28119265955122,-0.07028145609310288,0.019769805640819652
E14,FY2025Q1,Prosus,tech,4184,458482010.69,109579.8304708413,48918.595,43349009.269999996,246719188.04,382824.91,83689617.0,127205210.38,485170.36,46004628.22,204417049.83,80172776.55,82623456.35,45264099.74,42647598.11,0.3352661261484406,4.0,2068322.19,517080.5475,-2068322.19,4.0,109.29573032333033,1846601.15,267146.77,801196.59,999978.83,0.0,2068322.19,1018,489275657.67,-25531262.810000002,11,231872197.43,257403460.24,85693132.82,96043985.89,119814222.63,109371876.55,78352439.78,168268324.06,63613313.53,257394020.08,949825990.55,0.5151213617419369,92.65939592323201,-0.0925294738161726,0.013798351621660956,6.389919340505413,3.5639563894075073,0.0006330515831505078,90.50909461319867,0.14782207562780414,0.044997679914419095,88.95551910873839,0.01918312981489656,0.020052110472498854
E14,FY2025Q2,Prosus,tech,4142,491921654.78000003,118764.28169483342,48939.380000000005,76521657.08,285619521.81,407964.77,83177530.46,121805563.56,911074.1799999999,49944610.49,228199515.91,71247303.4,97580128.05,44950096.93,37308994.150000006,0.30629958976891913,3.0,11037427.370000001,3679142.456666667,-11037427.370000001,3.0,179.26047071691852,10850695.32,0.0,140026.0,10897401.370000001,0.0,11037427.370000001,961,498101467.84,37174489.5,11,267637978.67,230463489.17,79780746.08,124620265.24,99453934.3,111191414.73,83055107.49,241420489.51,49738346.839999996,206942631.49,1001060549.99,0.49757376598745773,99.41756123620502,0.07293556412316926,0.012601197420096173,34.099267010710165,4.336415875323564,0.003558645377326163,92.14174499175773,0.01803852293005903,0.04643389851285137,93.75386836074573,0.053940995455738605,0.018935673906220273
E14,FY2025Q3,Prosus,tech,4037,492054647.24,121886.2143274709,47622.11,74594012.98,279512389.03,397670.68,81067277.48,130603405.54,473904.51,39907386.0,223631298.23,77180688.91,102613453.63,48721820.47,48664552.86999999,0.3726132000064536,3.0,1022860.08,340953.36,853615.12,3.0,57.51806288109318,586835.36,0.0,436024.72,586835.36,938237.6,84622.48,1035,533320530.4,-25653672.36,11,253833429.02,279487101.38,98384893.4,102796715.37,113497980.03999999,94961645.28,123679296.31,244664713.56,55657221.85,232998594.99,1026398037.72,0.5196040042951534,99.44443906503716,0.0002703529285765782,0.016937364773726645,3.1600460699127897,-0.9073280352647974,0.0003263448173094094,98.6567747412679,0.07070660263806539,0.04655378452169108,96.12683919578079,0.0253106445262008,0.023518729772904732
E14,FY2025Q4,Prosus,tech,4180,498351978.01,119222.96124641148,48422.695,45881170.43,290637697.04,345710.76,79107984.91,127071427.03,1189158.27,58533723.96,199461873.71,65528627.980000004,109749998.43,65077753.93,46428573.09,0.3653738230156083,3.0,2261759.13,753919.71,686910.5100000001,2.0,95.6391096341015,2080618.77,181140.36,1474334.82,606283.95,1474334.82,787424.3099999999,1132,562961396.53,-49343684.21,11,256808856.16,306152540.37,118120692.91,111880515.77,125190759.46,107639995.3,100129433.09,245613828.52,45731023.88,271616544.13,1063575133.67,0.5293104160751021,100.71713210745081,0.012798031286407996,0.015645094885889756,6.987527609686234,1.2112106770263242,0.0007285456405376196,104.13991684106712,0.05557795817042477,0.04523455520282927,99.60864312838599,0.03622093435854934,0.02243667062801362
E14,FY2026Q1,Prosus,tech,4228,490220426.68,115946.1747114475,46934.41,85961971.36,274847979.21,390316.97000000003,83067169.92,131391093.41,523867.17,47414674.47,208873367.01,69193516.35,117740757.71,46998111.14,47409739.349999994,0.36082917128986847,4.0,17382669.939999998,4345667.484999999,-17382669.939999998,4.0,137.289003190381,0.0,10701611.219999999,6324765.6,356293.12,0.0,17382669.939999998,970,455928956.84,-37018555.32,11,209455200.76,246473756.08,95056779.55,89848096.33,89145306.21,89601022.83,92277751.92,223711573.36,41276444.28,190940939.2,963532053.46,0.4731850437178293,99.07374236349419,-0.016316883826709372,0.015164324801233177,53.70239674275701,6.685464694023364,0.005155184661888351,84.34042537092837,-0.19012394162322688,0.043093266154963936,90.23915416739801,-0.09406301166969622,0.020820003362098213
E14,FY2026Q2,Prosus,tech,4246,465062198.33,109529.48618228921,46897.925,60682795.75,254785354.99,481618.46,81951296.54,127056412.84,787515.5,56816001.92,205081436.79,61805095.14,86706264.36,54653400.12,43835982.34,0.3450119624831681,5.0,8514124.75,1702824.95,-7882934.13,4.0,38.796049940424,1724870.59,1409275.28,1089522.68,6015326.79,315595.31,8198529.4399999995,1035,520324163.51,-11148880.470000003,11,254587641.52,265736521.99,99231563.83,137449342.73,92740757.97,85567449.53,105335049.45,241062763.22,50518798.86,228742601.43,993900486.5899999,0.5235173646963331,93.98925445108638,-0.051320236735917346,0.012018689229816968,26.303721282176454,-0.5101946490735703,0.002560392826925309,96.25263020222316,0.14123956310280672,0.046664450532001044,93.08329589490945,0.031517823429898506,0.018692680301629495
E14,FY2026Q3,Prosus,tech,4083,465444796.93,113995.78665931913,48590.79,41276950.31,260460783.62,438813.68,81395555.14,122138778.65,1010865.84,50769266.67,217226393.39,67653621.48,88059212.88,41736302.51,39293543.989999995,0.3217122720917268,2.0,6479564.0600000005,3239782.0300000003,6479564.0600000005,2.0,71.52440215244974,0.0,0.0,355586.2,6123977.86,6479564.0600000005,0.0,1099,542608556.79,-85786515.15,11,228411020.82,314197535.97,99318129.09,108845510.02,110331849.06,114858711.1,109254357.52,224435788.14000002,60993433.94,257179334.71,1014532917.78,0.5348358316232218,94.06657777965869,0.0008226826462651715,0.016116497453439953,20.018105450504198,-0.23896298794541382,0.001982291636645736,100.37492860019007,0.04282790391603952,0.04288678135883208,95.01561680973198,0.02075905130179434,0.022645388227253427
E14,FY2026Q4,Prosus,tech,4146,512314928.74,123568.48257115293,46962.535,69121118.3,293887313.23,342392.46,80399356.2,137053310.03,632556.8200000001,55645137.46,232786000.65,70337958.84,104511626.33,49034205.46,55679004.55000001,0.4062580067406783,0.0,0.0,0.0,0.0,0.0,0.0,0.0,0.0,0.0,0.0,0.0,0.0,906,454452751.39,13879546.829999996,11,234166149.11,220286602.28,84794218.56,82248873.39,97469469.87,114555374.47,75384815.1,168999539.84,41556615.95,243896595.6,966767680.13,0.4700744147020826,103.53904997943127,0.10069965787381863,0.015721928505375734,0.0,-1.0,0.0,84.06734818703812,-0.16246667011946514,0.043092990121122006,90.54218530461216,-0.04708101315679325,0.020741593857501472
E15,FY2024Q1,Naspers,tech,2715,341435296.56,125758.8569281768,51370.81,22930695.000000004,193001139.42,252681.99,59173691.43,88520584.29,487199.43000000005,25694862.77,150099889.32,68945085.28,67732954.59,28962504.6,28607011.440000005,0.3231679012226276,11.0,24956440.53,2268767.320909091,-2490182.25,6.0,130.58126228508277,9424039.94,4490820.85,9778138.57,10687481.110000001,11233129.14,13723311.39,1076,515716709.69,32511740.37,11,274114225.03,241602484.66,103760324.64,111054681.57,88153869.9,107323743.6,105424089.98,219892413.91,37071936.36,258752359.42,882108446.78,0.5846409379397101,100.0,,0.009901000660509899,100.0,,0.00833978516310328,100.0,,0.0450002807806559,100.0,,0.018025136747535742
E15,FY2024Q2,Naspers,tech,2736,354184774.72,129453.49953216375,51254.835,32808409.86,213825838.37,291261.53,52787533.34,86357923.55,922217.93,33130025.09,160058673.18,59531757.0,55889464.97,45574854.48,32356910.749999993,0.37468375129776954,10.0,5992626.71,599262.671,3987825.65,6.0,89.0563797023159,2434983.0,4635765.8,762068.18,594792.73,4990226.18,1002400.53,995,490629738.54,-25068601.239999995,11,232780568.65,257849169.89,124326792.76,86740202.54,84772023.9,111370307.68,83420411.66,222964363.85,63542485.97,204122888.72,850807139.97,0.5766638706831961,103.73408323288554,0.037340832328855544,0.008840643154750895,24.01234544163578,-0.7598765455836421,0.001894867001649846,95.13551322293205,-0.048644867770679556,0.04630783286720123,96.45153530450133,-0.035484646954986654,0.01580816023297363
E15,FY2024Q3,Naspers,tech,2710,342125249.61,126245.47956088561,51784.5,-3474024.0499999975,196774482.18,307796.47,59520925.01,85094333.48,427712.47,25891884.08,161893609.88,54426155.18,67147748.54,32765851.93,24837899.53000001,0.2918866452586733,5.0,2004480.7400000002,400896.14800000004,-2004480.7400000002,3.0,145.3995036140881,1537005.8900000001,1348090.57,656390.17,0.0,0.0,2004480.7400000002,911,442272180.52,-15853065.000000004,11,213209557.76,229062622.76,104485516.57,83909380.45,91801310.64,72449202.85,89626770.01,182039625.86,58412959.69,201819594.97,786401910.87,0.5623996768150172,100.20207431889771,-0.034048682977786515,0.011438597332395153,8.031917602954737,-0.6655088265960086,0.0006490036314066657,85.75874549146413,-0.098562223651385,0.04261507150223232,89.15025286750605,-0.07569897580110929,0.01812964479988867
E15,FY2024Q4,Naspers,tech,2703,345167089.18,127697.77624121348,49338.09,-4269819.319999998,197096167.36,200334.84,59714565.61,87929583.61,226437.76,27260682.93,146884457.73,52742797.6,86735323.14,31543827.78,27788245.4,0.3160283974873698,6.0,13427892.24,2237982.04,402146.4399999995,4.0,92.9589643623771,6816383.38,7813411.86,3879754.83,1734725.55,6915019.34,6512872.9,917,449379162.08,-68456387.84,11,190461387.12,258917774.96,92604897.52,91430604.37,82352043.99,93318507.03,89673109.17,193956863.84,46826898.1,208595400.14,807974143.5,0.5561801274151789,101.09297212608018,0.008891011620649092,0.010224805169810688,53.805318205768984,5.698938020227622,0.0044605832657054825,87.13682408121392,0.01606924846967317,0.04332692195055247,91.59578353992462,0.02743156181568085,0.017139890367481866
E15,FY2025Q1,Naspers,tech,2809,341130378.2,121441.92887148452,50760.17,35662214.8,185098516.67,327485.1,56799037.55,98693667.7,211671.18,36409899.9,160236117.39,50045488.12,64016211.96,30422660.83,41355473.870000005,0.4190286452390096,5.0,3017868.19,603573.638,143025.44999999995,4.0,81.78905759300243,1338336.3,1437421.37,489271.0,1091175.8199999998,1580446.8199999998,1437421.37,1019,545102639.29,13313101.789999997,11,279207870.54,265894768.75,112048120.79,132034643.1,99665990.64,81402198.33,119951686.43,247455793.48,66772788.99,230874056.82,889250885.68,0.6129908308982636,99.91069512640547,-0.011694947480624163,0.010266568365790082,12.092542549776828,-0.7752537676009827,0.0009236792239893038,105.69807591025392,0.21301271907431918,0.050131973047839666,100.80970077160835,0.10059324649663126,0.01877328813364804
E15,FY2025Q2,Naspers,tech,2774,335710890.06,121020.50831290556,52289.149999999994,31528441.12,188089328.4,378422.18,56994283.98,89950200.94,298654.56,30539787.03,148754119.07,50986605.62,68253289.45,37177088.89,32278840.22,0.3588523414364704,12.0,10017558.889999999,834796.5741666666,-6160142.81,7.0,88.84012736759664,5822051.32,2579349.61,2323510.76,5114698.52,1928708.04,8088850.85,934,413776874.58,-23978569.12,11,194899152.73,218877721.85,90876985.61,80379166.05,72668858.68,84855805.12,84996059.12,211450469.47,31762421.060000002,170563984.05,759505323.53,0.5447978595553005,98.32342860926387,-0.015886852905321214,0.008599660455310078,40.14017494986092,2.3194156468444036,0.003229823258713874,80.23336587808517,-0.24091933379932395,0.038573011006231825,86.10112807585692,-0.1459043384036498,0.014366508735706418
E15,FY2025Q3,Naspers,tech,2569,318869786.46,124122.14342545737,49210.74,36423836.099999994,185041011.44,179009.15,53772255.55,78981153.83,896356.49,31337635.21,145116288.58,35352949.83,63997781.31,43065131.53,24133532.64,0.30556064921443554,5.0,7116755.34,1423351.068,1875626.24,3.0,214.38377117935323,3271802.12,0.0,3271802.12,3844953.2199999997,4496190.79,2620564.55,1063,502522069.74,-41275723.620000005,11,230623173.06,271898896.68,111350405.59,99404336.83,89475408.9,99568229.4,102723689.02,240400706.11,45837420.29,216283943.34,828508611.54,0.6065381370097425,93.39098496044488,-0.05016549685650673,0.010976044874054588,28.51670826793183,-0.28957189888803336,0.002270609897365497,97.44149458373545,0.21447596666701085,0.04386537329535022,93.92366829320613,0.09085293528857585,0.018984321319064492
E15,FY2025Q4,Naspers,tech,2757,358321706.07,129967.97463547334,53217.44,52203868.21,212808690.59,202559.9,56425255.76,88194526.94,690672.88,41932926.65,165873863.28,48530025.99,73289165.94,28695724.21,30876038.4,0.3500901866734362,6.0,20448026.419999998,3408004.403333333,14848595.18,5.0,167.61529601936027,17648310.799999997,17299282.79,0.0,3148743.63,17648310.799999997,2799715.62,1089,557006209.13,-29413031.45,11,263796588.84,293209620.29,115853946.18,128277704.89999999,109907829.15,101633459.22,101333269.67999999,223207176.94,70408633.56,263390398.63,935775941.62,0.5952345902008551,104.94571290084315,0.12372423254013443,0.011249031484784353,81.93486725568711,1.8732231815067566,0.006586607878925227,108.00623649848758,0.10842138618546548,0.0447560494742857,106.08400192016128,0.12947038640988362,0.01974068020121808
E15,FY2026Q1,Naspers,tech,2808,385204205.56,137180.9848860399,50839.87,17830788.38,227691624.61,272156.4,58770951.85,97393480.2,1075992.5,39685781.08,177712980.56,46004290.88,82313230.78,39487922.26,37274379.45,0.3827194528161034,9.0,13929858.5,1547762.0555555555,1728346.4199999997,6.0,150.8482254719242,10473176.17,6296887.51,3156926.3699999996,4476044.62,7829102.46,6100756.04,955,499952159.46,-64804654.080000006,11,217573752.69,282378406.77,102637655.26,105929602.06,91493419.95,106118215.49,93773266.7,221923638.34,49682430.730000004,228346090.39000002,899086223.52,0.5560669782066554,112.81909323405542,0.07502336318065073,0.011915785981162066,55.81668781353252,-0.3187675810915741,0.0041311831340838925,96.94317637303702,-0.10242982705545411,0.04725422930292061,101.92468134751172,-0.03920780228275944,0.01942745768475847
E15,FY2026Q2,Naspers,tech,2678,346174514.67,129266.06223674385,51015.685,-2324966.710000002,203256529.63,234652.36,58054330.95,83509228.56,1119773.17,22240639.52,146129128.58,55817768.519999996,85764797.77,36222180.28,24100472.08,0.28859651197333486,9.0,13375877.579999998,1486208.6199999999,-8597469.9,6.0,143.2133119448003,12091334.86,7971012.3100000005,2131064.7199999997,3273800.55,2389203.84,10986673.74,980,511469048.34,-1115216.8399999987,11,255176915.75,256292132.59,96946869.44,100325378.3,115265361.78,101906174.27,97025264.55,259211928.7,41881142.81,210375976.83,871019440.5899999,0.5872073853983646,101.38802817334592,-0.10132207885233135,0.008946252621781963,53.59689641606113,-0.039769314239624265,0.004022433546050997,99.17635762615618,0.02303598186762401,0.04587029351838448,98.74289763005004,-0.031217009220891212,0.016381607775758637
E15,FY2026Q3,Naspers,tech,2680,374626673.72,139786.0722835821,57104.86,48190101.44,218070693.54,242885.83,59360268.39,96003940.47,948885.49,34576367.76,178769878.35,52114776.74,73751963.94,35413686.93,35451900.76,0.36927547542778477,5.0,11636813.43,2327362.6859999998,-8847747.93,4.0,142.28347342335968,7418319.47,2034092.47,9602720.96,0.0,1394532.75,10242280.68,1108,637433156.85,-68094197.35,11,284669479.75,352763677.1,123193673.22,127757497.4,131005749.58,124563818.55,130912418.1,259892710.72,67051034.11,310489412.02,1023696644.0,0.6226777830972356,109.7211323768828,0.08219021864484377,0.012971827965040265,46.628498226786185,-0.13001495711954614,0.003560047825114916,123.60141621805592,0.24627904448729265,0.050381543170680575,116.05111001224915,0.17528564380443856,0.022849931750901973
E15,FY2026Q4,Naspers,tech,2771,353739010.25,127657.52805846265,51361.17,-8922203.55,200684741.92,262438.11,60229957.3,91751964.33,809908.59,29001630.18,171300882.27,47408142.42,71819299.28,34209056.1,30449660.33,0.3318693016803774,5.0,6445791.890000001,1289158.378,-6445791.890000001,4.0,218.81099386533248,3418657.14,0.0,3766343.3200000003,2679448.5700000003,0.0,6445791.890000001,887,404504464.09,1923540.6899999988,11,203214002.39,201290461.7,78506477.98,78731688.92,81627352.54,81829254.29,83809690.36,202377230.02,42935949.6,159191284.47,764689266.23,0.5289788701811525,103.60352717307242,-0.055755943010111664,0.010855548251133076,25.82817001587846,-0.44608617051618393,0.0018531854467159087,78.4353999956972,-0.36541665625155506,0.038356697856189254,86.68880442324065,-0.2530118461246025,0.016406086501775365
E16,FY2024Q1,MTN Group,telecoms,17744,2648429850.43,149257.76884749773,60346.215,269303196.11,1535562432.0,1907027.42,451599511.21,653576196.33,5784683.47,263103474.46,1191057576.55,395684498.79,531804890.21999997,266779410.41,194284974.23000002,0.29726445871339957,235.0,388431198.76,1652898.7181276595,-23607067.9,20.0,97.60981947854904,196308076.8,77004355.21,181608553.78,129818289.77,182412065.43,206019133.32999998,2854,1717434786.97,-64986864.370000005,19,826223961.3,891210825.67,371877054.6,346200865.81,349255259.31,314483968.86,335617638.39,814007746.65,163237114.02,740189926.3,4754295836.16,0.3612385190478925,100.0,,0.07679963367177413,100.0,,0.12980347675827267,100.0,,0.14985949879842442,100.0,,0.09714999657677781
E16,FY2024Q2,MTN Group,telecoms,17685,2694091905.92,152337.68198586372,60902.45,131332325.66,1540767057.01,2273648.73,447055945.31,698050147.45,5945107.42,293994981.04,1210892398.13,400499313.57,526903252.55,261801960.63,242775445.99,0.34779083834716834,213.0,455720129.71,2139531.125399061,-32732333.590000004,20.0,120.9475373924667,171512910.87,62249679.5,221195904.4,172274545.81,211493898.06,244226231.65,2628,1641591952.38,-54764955.78,19,793413498.3,848178454.08,349807516.89,321504460.73,343308886.97,306985761.93,319985325.86,820058378.14,143012646.53,678520927.71,4791403988.01,0.3426118850524641,101.72411798947918,0.01724117989479179,0.06724598815736875,117.32325600127085,0.17323256001270848,0.14409858607312895,95.58394675795485,-0.04416053242045148,0.1549408032076677,100.78051835915983,0.00780518359159843,0.08902520727087658
E16,FY2024Q3,MTN Group,telecoms,17420,2623383028.33,150596.0406618829,60611.445,328136365.71,1489415797.58,1815797.35,446832667.96,677439364.0,7879401.44,275440666.81,1155988235.06,430282610.04,530686559.76,230984956.66,220911497.25,0.3260978162615304,212.0,335391801.9,1582036.8014150942,-61538429.72,19.0,98.24258233441931,174513343.97,77978396.95,127496193.98,129917210.97,136926686.09,198465115.81,2473,1514237154.85,-165688306.95,19,674274423.95,839962730.9,272504359.46999997,292736394.71,306960491.82,333231560.78,308804348.07,594642730.81,171731941.67,747862482.37,4473011985.08,0.33852740835500306,99.05427655197538,-0.026245904022288324,0.08771004812978046,86.34522740981693,-0.26403996656143236,0.10859196251350611,88.16853870309141,-0.07758005717886207,0.1459041003876831,94.08358543991679,-0.06645066951706513,0.10312044942188725
E16,FY2024Q4,MTN Group,telecoms,17506,2572216535.95,146933.42488004113,60526.985,202381150.85,1448410135.73,1973457.48,442782718.89,672547038.84,6503185.01,268180369.93,1149103104.42,368968804.04,559819609.92,226144647.64,221287677.46000004,0.32902929413186327,175.0,288776625.88,1650152.1478857142,-30526368.08,20.0,100.45658715087554,157823655.06,77929640.52,120630589.76,90216395.6,129125128.9,159651496.98,2453,1564074534.34,1014557.4599999988,19,782544545.9,781529988.44,324794967.25,363835536.72,276457383.9,301902521.0,297084125.46999997,712849114.12,157037594.75,694187825.47,4425067696.17,0.35345776420409186,97.12232081708238,-0.019504011357644457,0.07619617790657551,74.34434381220403,-0.13898722555507992,0.09592809965290731,91.07038859387684,0.03291253244603998,0.1508003507784632,93.07514401005567,-0.01071856929288828,0.09387079498917078
E16,FY2025Q1,MTN Group,telecoms,17787,2635553196.38,148173.00255130153,61624.67,200295864.12,1501914266.83,2237266.19,442031110.54,682580764.38,6789788.44,259773758.65,1167072412.95,404624535.84,507173023.28,296909465.66,231522599.20999998,0.33918711351366015,196.0,371717207.81,1896516.366377551,-44857943.470000006,20.0,120.37154031384146,130523822.34,96224513.62,99649130.78999999,175843563.4,163429632.17000002,208287575.64000002,2561,1570894697.36,-124754836.78,19,723069930.29,847824767.0699999,275720804.8,316277134.83,346104587.79,295646099.36,337146070.58,702895618.65,133507703.32,734491375.39,4578165101.55,0.3431275767726577,99.51380044867304,0.024623378142854646,0.07931890210155387,95.69705239863416,0.2872136263703893,0.11377152361760756,91.46750195571998,0.004360510238009763,0.14447196720900282,96.2953349837763,0.03459775440554491,0.09665125327267719
E16,FY2025Q2,MTN Group,telecoms,17607,2648094647.47,150400.10492815357,61512.5,267407853.81,1519689943.31,2279216.33,427712701.46,693532941.13,4879845.24,283753555.32,1250708584.43,371781177.87,502074671.83,239776658.02,258661178.10000002,0.37296163276477307,197.0,274120990.76,1391477.1104568527,-89545630.42,20.0,108.73888917867414,147111506.9,43359605.04,122338091.92,108423293.8,92287680.17,181833310.59,2691,1639622643.05,-221679745.45,19,708971448.8,930651194.25,325840224.89,292811155.25,352340255.54,278649735.57,389981271.8,710942526.38,188225264.47,740454852.2,4561838281.28,0.35942147484236125,99.98734333250528,0.004758564959806311,0.06783430474267897,70.5713113763993,-0.26255501493997413,0.08838104785609491,95.46928101664454,0.04375082926023133,0.1528485184693585,95.9519230289328,-0.0035662366707729376,0.08628996728329104
E16,FY2025Q3,MTN Group,telecoms,17279,2571689304.42,148833.22555819203,60903.65,233667860.34,1459470525.24,1822739.18,433888154.32,672437725.09,4070160.5900000003,240124463.85,1231269142.47,367875747.57,489630249.1,242789701.43,232656671.00000006,0.3459899144844394,195.0,459078713.5,2354249.812820513,-54455110.62,20.0,118.89200843016216,218855832.88,111008036.32000001,193803817.37,154266859.81,202311801.44,256766912.06,2667,1672210382.37,-130313472.83000001,19,770948454.77,901261927.6,260404287.99,361375141.43,342776235.84,309280527.37,398374189.74,764291989.76,163847330.39,744071062.22,4702978400.29,0.35556412129532344,97.10241349237397,-0.028852950223285156,0.08852195600219098,118.18790945874845,0.6747302431207658,0.14646965094951814,97.36674690980334,0.01987514594173989,0.14596798243900422,98.92060911566142,0.03093930786393373,0.10776333747668565
E16,FY2025Q4,MTN Group,telecoms,17452,2574002634.98,147490.409980518,60483.61,240918699.34,1474845271.13,2016417.85,432218661.23,658631296.26,6290988.51,255854761.36,1140196821.12,402646328.09,507695821.92,267608902.49,218105228.66999996,0.3311492027610865,206.0,387458041.69,1880864.2800485436,-50487848.01,20.0,111.5298911837382,245737200.82,70999108.46,129688501.1,186770432.13,168485096.84,218972944.85,2958,1786843065.39,-166580127.45000002,19,810131468.97,976711596.42,368397210.72,309054834.84,367237241.64,384664691.76,357489086.43,805737899.99,204707838.69,776397326.71,4748303742.06,0.37631187102929464,97.18976073925779,0.0008995373414759644,0.08080737558542264,99.74946475125927,-0.15600956808466793,0.12480589264361355,104.04139236881618,0.06855159149145629,0.14357476689943766,99.87396463521632,0.009637582381242904,0.10016793711107971
E16,FY2026Q1,MTN Group,telecoms,17665,2593753447.81,146830.08478969714,59342.36,276461549.77,1486274805.17,2159780.92,447243072.36,653454448.01,4621341.35,243147109.96,1143682979.75,377793213.41,571326483.5,257803661.19,199430253.37999994,0.3051938111177231,200.0,397335365.51,1986676.82755,-75485060.61,20.0,106.25386637899834,154866880.91,91853734.01,167051698.65,138429932.85,160925152.45,236410213.06,2475,1499494468.05,-187040950.15,19,656226758.95,843267709.1,317600889.75,288192283.95,300694843.16,283285186.63,309721264.56,651857512.0,160858634.63,686778321.42,4490583281.37,0.33391975476124114,97.9355162980389,0.007673190602679236,0.08023435498860645,102.29234077448594,0.025492628251868155,0.11783789193335818,87.31012550965599,-0.16081356158565774,0.14172847159662041,94.45317321685648,-0.05427632154344686,0.09703253636469368
E16,FY2026Q2,MTN Group,telecoms,17562,2617612828.54,149049.81371939415,60701.895000000004,232953105.44,1512570472.85,2102820.97,423954203.78,671864965.28,7120365.66,271563803.74,1180937359.74,382038944.2,540304493.66,242768227.2,238687574.86999995,0.35526123135551024,178.0,291968318.53,1640271.45241573,21714087.79,20.0,87.39236878530788,141638878.89,55704123.13,95485060.39,140779135.01,156841203.16,135127115.37,2631,1475579494.8,8555619.259999994,19,742067557.03,733511937.77,278036128.79,319675372.86,294342220.09,306788616.37,276737156.69,640622508.53,165702838.41,669254147.86,4385160641.87,0.33649382891723584,98.83640407220919,0.009198785162153778,0.06764745709966469,75.16603183834326,-0.2651841646281753,0.0878015780134835,85.9176433361586,-0.015948690548421962,0.132335015688362,92.23575463094978,-0.023476379992186103,0.08247345388772148
E16,FY2026Q3,MTN Group,telecoms,17243,2608023817.24,151251.1637905237,60384.09,205360861.16,1495743282.65,2126198.99,427270225.39,677797455.83,5086654.38,235409133.45,1191138053.82,387761902.62,542822347.68,250892379.67,243314377.07000005,0.3589780029080344,191.0,321073939.33,1681015.3891623036,-102629220.79,20.0,106.88389373694486,179973891.42,92321166.1,112041036.28,116711736.95,109222359.27,211851580.06,2946,1746066210.67,3083118.590000001,19,874574664.63,871491546.04,315223655.5,377295757.56,372335354.72,334646147.03000003,346565295.86,782147891.96,183595846.4,780322472.31,4675163967.24,0.37347699950314184,98.47434006290784,-0.0036632657035641225,0.09030546583890718,82.65915311513945,0.09968759948524819,0.0982260810735405,101.66710398072891,0.18330880635249125,0.13800585869498178,98.33557120450641,0.06613288521314731,0.10435433016395636
E16,FY2026Q4,MTN Group,telecoms,17477,2617659769.93,149777.40859014704,61768.85,193315112.63,1493417529.7,1915597.57,440081867.25,675719043.11,6525732.3,262487268.94,1137953720.7,426366720.94,544907622.82,245944436.53,227195845.99,0.33622827165611624,215.0,432791537.59999996,2012983.8958139534,-62432678.58,20.0,100.80406648563363,202519047.63,78541548.73,178229808.29999998,176020180.57,185179429.51,247612108.09,2440,1488506006.76,-97308700.7,19,695598653.03,792907353.73,279912108.68,307108908.06,294303381.8,336717688.73,270463919.49,691060786.85,159803107.75,637642112.16,4538957314.29,0.3279400760332635,98.83817649559401,0.00369473339403692,0.08033078375337321,111.42038512395833,0.3479497542003138,0.12442892861409476,86.67030725435056,-0.14750884149528853,0.14114597050704733,95.47065371422224,-0.029134091104490167,0.09738141963628662
E17,FY2024Q1,Vodacom Group,telecoms,658,57740272.89,87751.17460486322,47009.175,-2494676.4099999997,16198958.95,9818.09,21608516.52,19298783.12,624196.2100000001,5585956.69,25696564.46,10760513.63,10460202.78,5237035.33,-2943747.6999999993,-0.15253540504060545,20.0,21698759.7,1084937.9849999999,-5930398.119999999,14.0,132.28655946634592,9757148.26,5080037.9799999995,4887352.6,11731369.12,7884180.79,13814578.91,1503,789489091.27,-71344845.49,20,359072122.89,430416968.38,174945973.79,140173067.96,147294387.35,159472462.78,167603199.39,347263794.28,96557478.95,345667818.04,868928123.86,0.9085781315983747,100.0,,0.0016743625681987747,100.0,,0.00725115402520118,100.0,,0.06888904336989676,100.0,,0.017755808045518528
E17,FY2024Q2,Vodacom Group,telecoms,638,58271312.23,91334.34518808777,44690.595,-2223434.9899999998,15028594.54,29853.940000000002,23547095.19,19434666.02,231102.54,4391833.96,29855476.22,6537554.7,12748672.88,4737774.47,-4373385.650000002,-0.22503014178372807,20.0,59177454.49,2958872.7245,16145768.73,11.0,108.29782244829369,7634575.95,3867289.79,50063994.69,5246170.01,37661611.61,21515842.880000003,1443,802473873.23,29124306.75,20,415799089.99,386674783.24,167912881.88,135993310.15,162374730.48,152745034.46,183447916.26,389554394.92,79016656.55,333902821.76,919922639.95,0.8723275614497501,100.91970355078105,0.00919703550781037,0.0014544834062722115,272.7227514759749,1.7272275147597491,0.018711895664653626,101.64470695080945,0.016447069508094492,0.07574107943887062,105.86866907512089,0.058686690751208914,0.017092339510435327
E17,FY2024Q3,Vodacom Group,telecoms,644,63746146.71,98984.69986024845,46729.725000000006,826420.6699999998,14246684.049999999,9382.99,24753335.09,24544887.38,191857.19999999998,9676333.030000001,29647993.2,9213829.0,10471018.01,4736973.47,-409687.8999999985,-0.016691374201774745,19.0,36359337.44,1913649.3389473683,-26462771.72,14.0,127.13153442297711,17718741.19,6847592.78,19089303.73,10422440.93,4948282.86,31411054.580000002,1245,668495132.92,-46646514.1,20,310924309.41,357570823.51,181219061.92,138525905.68,131867470.82000001,115588845.32000001,101293849.18,245778064.96,78794649.81,343922418.15,768600617.0699999,0.8697561751490464,110.40153348676007,0.09395419925315118,0.002131285266254617,167.56412782431985,-0.3855880123038392,0.011772296716655075,84.67439769745711,-0.166957136898088,0.06441275111354611,88.4538773651013,-0.16449429148545014,0.017719255240667708
E17,FY2024Q4,Vodacom Group,telecoms,640,58461979.589999996,91346.843109375,45268.215,-748627.21,17844418.18,0.0,20652153.78,19488199.96,477207.67,4399874.34,29682557.98,10956403.129999999,9953365.2,3469778.94,-1641161.490000002,-0.08421308757958793,25.0,20925613.77,837024.5508,-3854504.290000001,13.0,134.9125571144478,7037599.32,4718339.850000001,10608794.52,5598479.4,8535554.74,12390059.030000001,1369,760844687.6899999,19047122.989999995,20,389945905.34,370898782.35,183691874.16,153231335.33,139846778.98,147444129.74,136630569.48,337072197.41,67639453.37,356133036.91,840232281.05,0.9055170871788061,101.2499191013089,-0.08289390641977523,0.0017318057540459016,96.43691187565896,-0.42447758283463377,0.006951235602638275,96.37177968679445,0.13814544074033175,0.07335689142205606,96.69755851812855,0.09319751037029955,0.017824195608576687
E17,FY2025Q1,Vodacom Group,telecoms,684,62111835.97,90806.77773391813,45510.36,-6658912.13,16823323.36,7247.93,23220495.87,20704306.56,1356462.25,5221018.36,28450817.43,8698898.87,12670835.0,7070266.31,-3879899.490000002,-0.1873957709598366,26.0,84237985.77,3239922.5296153845,-56621356.970000006,15.0,100.65477976587188,74245625.95,38580719.74,10481521.45,35175744.58,13808314.4,70429671.37,1343,686070412.93,17864579.45,20,351967496.19,334102916.74,131378025.53,138541366.48,137749524.09,157859747.6,120541749.23,297103623.93,68223236.96,320743552.04,832420234.67,0.8241875730014923,107.57108143276044,0.06243128278578358,0.001869301155984661,388.2156719307786,3.0255921138508137,0.025782728876059896,86.90055638721529,-0.0982779744273724,0.06309649040541337,95.79851449302588,-0.00929748422690646,0.01757351627689281
E17,FY2025Q2,Vodacom Group,telecoms,676,53762268.71,79529.98329881657,45453.42,8912286.81,8666489.47,6131.02,18454640.51,26091540.29,543467.4199999999,6080134.68,24218247.29,7327168.29,9966261.11,6170457.34,7087301.339999996,0.2716321559105622,36.0,48036065.93,1334335.1647222221,7714883.73,18.0,104.7587897712755,24026212.72,12117761.65,21474520.52,14443783.76,27875474.83,20160591.1,1403,710282411.04,-9672094.46,20,350305158.29,359977252.75,142747070.76,112042313.17999999,136475629.35,152357965.92,166659431.82999998,316362971.78,74392316.67999999,319527122.58,812080745.68,0.874645058165049,93.1105206454801,-0.13442795772504357,0.0013771887356126874,221.37701229992422,-0.42975766228366685,0.015487605783151738,89.96734963081182,0.035290835537707954,0.06621378076382008,93.45775828644267,-0.0244341597463249,0.01536100507194124
E17,FY2025Q3,Vodacom Group,telecoms,639,69663256.31,109019.18045383412,45395.75,5115590.97,24105392.56,21693.260000000002,21614779.08,22621923.330000002,1299468.0799999998,11889040.39,29723547.12,9509008.44,14765387.290000001,3776273.07,-314017.0899999961,-0.013881096024384594,22.0,33027391.43,1501245.065,-10150726.91,12.0,81.7263419674195,21717060.2,3426796.31,25491509.36,4109085.76,11438332.260000002,21589059.17,1467,815448614.44,-39301500.559999995,20,388073556.94,427375057.5,189711023.7,174366993.55,170896781.26,137526861.14000002,142946954.79,346420918.46,62895593.8,406132102.18,918139262.1800001,0.8881535166068656,120.64933680295255,0.2957648176227792,0.0023979287464641736,152.20866024890816,-0.3124459551261175,0.010537431495449215,103.28814209810558,0.1480625195913483,0.0711808695170219,105.6634302618025,0.1306009495535958,0.02103810452431537
E17,FY2025Q4,Vodacom Group,telecoms,634,64853470.8,102292.54069400631,46127.770000000004,-14378400.180000002,22820612.97,0.0,21615278.32,20078527.79,339051.72000000003,7722185.28,34537005.45,6030382.11,12160058.85,4403839.11,-1875802.25,-0.09342329625054648,22.0,32258204.42,1466282.0190909093,6358269.579999999,14.0,107.60238102552144,23070491.31,17101271.12,5837707.18,9319226.12,19308237.0,12949967.42,1501,855680932.37,45380549.99000001,20,450530741.18,405150191.19,144332210.47,224415366.4,156783831.59,164045657.58,166103866.33,323538707.64,111806080.41,420336144.32,952792607.59,0.8980767960976996,112.3193008172151,-0.06904336324154248,0.002035988115060558,148.66381703835359,-0.02328936608966692,0.010390838657413698,108.38413625114458,0.04933764950674302,0.06875488552124291,109.65148686377563,0.037743016596110124,0.020099655620508278
E17,FY2026Q1,Vodacom Group,telecoms,692,60820646.94,87891.10829479768,45302.64,3271412.44,14711753.0,11156.12,22504768.08,23464706.41,128263.33,6382544.76,28282626.98,9134862.46,11866704.89,5153907.85,820518.8800000027,0.03496821420490139,36.0,49702689.19,1380630.2552777778,13275945.11,17.0,138.44211639426587,20676795.37,13266391.68,20629186.31,15807111.2,31489317.15,18213372.04,1306,653161133.64,-4940335.940000001,20,324110398.85,329050734.79,138223156.57,119104519.95,154963765.72,117687834.32000001,123181857.08,305048405.98,65082097.14,283030630.52,763684469.77,0.8552761768701589,105.3348796183703,-0.06218362425716162,0.0018814068011517987,229.05774282573395,0.5407766825107123,0.014740344368921035,82.73212902654576,-0.2366767694227755,0.06173515884823283,87.8881059088661,-0.19847775508914944,0.01650169620314936
E17,FY2026Q2,Vodacom Group,telecoms,649,63327957.69,97577.74682588597,46359.97,5460366.99,16001682.27,5849.76,23604545.78,22824953.66,890926.22,6674544.76,26814796.86,8587333.36,16882974.03,4368308.68,-1676368.1000000015,-0.07344453465146714,25.0,34535472.41,1381418.8964,1381664.0899999994,13.0,67.71278634436378,17067267.84,5664821.04,14827459.97,14043191.4,17958568.25,16576904.16,1359,718356534.72,5106747.42,20,361731641.07,356624893.65,147381769.71,123196163.34,153350381.12,152397024.56,142031195.99,313608005.23,61895466.25,342853063.24,816219964.82,0.8801016462252529,109.67727466519773,0.04122466425708171,0.0016365962354459754,159.15873942785768,-0.30515887625355276,0.010385609611022072,90.99005200495252,0.09981518758881558,0.06442467086796534,93.9341174957191,0.06879214797417865,0.015350972319708136
E17,FY2026Q3,Vodacom Group,telecoms,619,60800484.44,98223.72284329563,44645.14,3092135.46,16465483.63,0.0,21973673.21,21851266.88,510060.72000000003,5807891.3100000005,30169190.0,7879463.5,12505380.59,4438559.04,-632467.0500000007,-0.02894418220569556,21.0,40599532.89,1933311.09,-5195045.17,15.0,81.67733820693226,24134166.97,3430173.74,22842382.91,14326976.24,17702243.86,22897289.03,1615,859629567.81,-52442130.75,20,403593718.53,456035849.28,152767276.93,178469512.64000002,145870274.93,172343911.19,210178592.12,394724353.45,92255545.75,372649668.61,961029585.14,0.8944881417826192,105.29996031683112,-0.03991085994549781,0.002105278346881048,187.10531593195165,0.17558933052973424,0.012420606348565134,108.88428697946536,0.19666144353383674,0.06794353841810669,110.59943380251774,0.17741494518813283,0.02145114039374211
E17,FY2026Q4,Vodacom Group,telecoms,676,64631506.25,95608.73705621302,46595.125,6115489.490000001,20913682.11,0.0,23647717.27,18778002.52,1292104.35,3859044.08,30574046.81,9767993.44,12258664.65,8171757.2700000005,-6161819.1000000015,-0.3281402850722379,31.0,55901179.34,1803263.8496774195,-13464304.96,15.0,117.6704346010672,14568097.75,12029254.0,26444445.52,17427479.82,21218437.19,34682742.15,1263,679587567.31,-62911935.05,20,308337816.13,371249751.18,130332664.11,131285059.02,141499000.14000002,136957204.47,139513639.57,333960341.62,65786839.84,279840385.85,800120252.9,0.8493567871165182,111.93488186855016,0.06300972509159175,0.0019834126695397005,257.62384630675456,0.3768921798055693,0.01607176492431623,86.07941196714845,-0.20944137712558752,0.0644411552905202,92.08129313914505,-0.16743431703672185,0.017166243414944892
E18,FY2024Q1,The Bidvest Group,industrials_pharma,8463,1035749836.02,122385.65946118397,51114.94,94545401.66,588374657.47,928940.47,178217121.71,265682060.37,2547056.0,95427365.39,488575819.57,146060725.33,206636968.44,99048957.29,83988942.19,0.31612575599960896,181.0,294302961.13,1625983.2106629834,-26728354.210000005,23.0,113.31363940225266,115357197.21,75073840.2,91107741.38,128121379.55,133787303.46,160515657.67,870,451754272.04,-45022673.300000004,23,203365799.37,248388472.67,94258960.19,94580704.65,66556567.42,92271826.95,104086212.83,191964373.13,34819752.91,224970146.0,1781807069.19,0.25353714206856587,100.0,,0.030034855546210198,100.0,,0.09834829873831111,100.0,,0.03941906225586663,100.0,,0.03640971379099125
E18,FY2024Q2,The Bidvest Group,industrials_pharma,8279,1037968950.59,125373.71066433145,50402.59,51846463.230000004,599573658.88,892627.79,179881195.39,254967177.97,2654290.56,108900649.26,480687621.39,143484360.14,208025216.60999998,96871103.19,71539064.23000002,0.2805814646401956,179.0,259351251.66,1448889.6740782124,21545460.299999997,22.0,108.41512827750353,94972623.32,47490817.72,60698277.19,151162156.75,140448355.98,118902895.67999999,802,425572596.51,-56124628.27,23,184723984.12,240848612.39000002,72191358.97,107830909.59,83225341.73,79704307.5,82620678.72,219360844.73,44502269.55,161709482.23,1722892798.76,0.2470104912019442,100.21425198371523,0.0021425198371523013,0.025908265269538384,88.12390152793567,-0.11876098472064323,0.08200679808522879,94.20444317841852,-0.057955568215814934,0.04016744833016119,96.6935662424562,-0.03306433757543803,0.032011679436534615
E18,FY2024Q3,The Bidvest Group,industrials_pharma,8328,1011393559.65,121444.95192723343,50763.01,27142528.470000003,568136419.86,739862.24,178393954.27,262485025.53,1638297.75,110319271.25,488993337.9,135628793.47,185551930.32,90900226.71,81712911.26999998,0.311305039611339,175.0,268094715.64,1531969.8036571427,-12745303.100000005,22.0,108.43852686353532,120224063.83,70282934.39,83507386.6,114304394.64999999,127674706.27,140420009.37,771,459852737.52,-54815764.8,23,202518486.36,257334251.16,77695245.62,114636012.63,108827773.66,93491347.54,65202358.07,202002048.26,58154496.8,199696192.46,1739341012.81,0.26438331191712827,97.64844023885226,-0.025603261952001688,0.03381487828390898,91.09480740887848,0.03371282738770942,0.08680275172476708,101.79267048066409,0.08055063058834544,0.044309043509974715,97.61668605348474,0.00954685866807159,0.04009862426864923
E18,FY2024Q4,The Bidvest Group,industrials_pharma,8929,1177055471.39,131823.88524918805,50435.34,113895622.99,696360495.55,726868.99,186971325.76,290495813.64,2500967.45,134418093.01,491451968.8,177627673.10999998,256732032.55,116825703.92,100296651.44,0.3452602300296612,213.0,337979469.76,1586758.0739906102,-14119376.799999995,22.0,111.82846476544518,178272242.52,146468647.7,41471553.39,150039268.67,161930046.48,176049423.28,773,366340907.67,-20641200.37,23,172849853.65,193491054.02,64286841.63,63254898.27,75160588.29,95491072.53,68147506.95,165467856.32,30334452.13,170538599.22,1881375848.8200002,0.1947196823536186,113.64283444282115,0.16379569571050911,0.03486764308154029,114.84066231012442,0.2606718821487026,0.11227268881951262,81.09295923549402,-0.20335168679067162,0.035320783100946225,105.58807860579786,0.08166014310243574,0.03991040560916531
E18,FY2025Q1,The Bidvest Group,industrials_pharma,8601,1070552604.13,124468.38787699105,49847.78,98715565.85000001,624539993.11,1092124.13,175759908.67,267056048.52,2104529.6999999997,98744833.22,497417257.06,169873648.96,198259633.58,106257231.31,88099486.02000004,0.32989137114938705,173.0,279559565.81,1615951.2474566475,-62240278.51,23.0,112.80777491882884,142864970.55,80848567.8,73370532.08,125340465.93,108659643.65,170899922.16,764,426979439.4,13677285.519999998,23,220328362.46,206651076.94,77077803.73,101797715.54,84738167.45,81057312.76,82308439.92,160133646.16,37098387.08,229747406.16,1777091609.3400002,0.24026867110051645,103.36015193048296,-0.09048245375745079,0.03221906403489941,94.99040197781513,-0.1728504515125847,0.08556482475338578,94.51586090638975,0.16552487167123342,0.039268424339062226,99.73535519464833,-0.055429774728641856,0.037516805841038545
E18,FY2025Q2,The Bidvest Group,industrials_pharma,8836,1101923617.54,124708.42208465369,51341.259999999995,127842245.18,621659638.63,779551.75,185931214.25,290366082.67,3187130.2399999998,107878814.92999999,511716394.79,159447528.54,220768975.74,102111903.54,100468186.43,0.34600524106040903,197.0,304516565.02,1545769.3655837562,68886727.88,23.0,103.90406977194137,173597554.03,78660343.35,100687529.6,125168692.07,186701646.45,117814918.57000001,778,366091305.33,-40025701.83,23,163032801.75,203058503.57999998,85786774.87,85686034.54,60625898.46,74367781.25,59624816.21,167574758.13,45161846.57,153354700.63,1772531487.8899999,0.20653585441564745,106.38897340059268,0.02930357022062835,0.028227171769248632,103.47043871077071,0.08927256392636473,0.09818107336978697,81.03770744144394,-0.1426020282277789,0.03412767802481347,99.47942841509678,-0.0025660587366646004,0.033528519572095565
E18,FY2025Q3,The Bidvest Group,industrials_pharma,8705,1113229641.79,127883.93357725444,52210.83,94168810.69,642664099.06,671570.6,186887245.56,280486449.88,2520276.69,107427427.74,512219121.76,181377624.99,223424983.84,88780483.46,90407357.03,0.32232343868546526,174.0,310745524.65,1785893.8198275862,-84844492.85,23.0,102.61811094420858,201458122.16,45714763.73,64114483.18,200916277.74,112950515.9,197795008.75,832,442349728.71,-60078918.95,23,191135404.88,251214323.82999998,83412843.07,114206128.7,86177478.42,75558523.73,82994754.79,227769099.78,43161049.69,171419579.24,1866324895.15,0.23701646474283755,107.48055206725651,0.010260261301269002,0.03831927332804084,105.58695143836385,0.020455240684824183,0.09914375724939897,97.91821706797998,0.20830438273113194,0.03861290308503347,104.74337695822597,0.052914945602264396,0.04276468705550246
E18,FY2025Q4,The Bidvest Group,industrials_pharma,8746,1076616607.47,123098.17144637549,50136.615,56205880.35,600839190.85,941938.1,186078922.6,287185134.7,1571421.22,109648979.71,476114363.6,154990791.77,223891912.78,111970559.61,98592852.78,0.34330764676588255,172.0,254337081.57,1478703.962616279,-8444572.89,23.0,111.13867799816006,99001342.58,63376321.17,62169458.86,128791301.54,122946254.34,131390827.23,890,427582168.19,-66350369.87,23,180615899.16,246966269.03,87978135.62,82621941.69,73112980.83,94686411.09,89182698.96,179850849.42,65016822.529999994,182714496.24,1758535857.23,0.24314668730355962,103.94562181221633,-0.032889022125864864,0.033798940754389634,86.42015717186543,-0.1815261640325605,0.08192568764158563,94.64928051685149,-0.03338435532235051,0.03435668823822325,98.69395444869465,-0.05775470187431475,0.03709722855222674
E18,FY2026Q1,The Bidvest Group,industrials_pharma,8924,1066923122.98,119556.60275437024,50393.915,144114580.04,597153325.64,932157.49,187220970.14,279342807.49,2273862.22,120041050.01,465205555.06,161165379.95,212928744.32,107582393.64,88915817.64000002,0.31830358704754924,198.0,365750931.93,1847226.928939394,-147447967.75,23.0,103.17857016280276,137841256.9,131969402.67,92957310.63,140824218.63,109151482.09,256599449.84,747,378874540.19,-11553664.489999996,23,183660437.85,195214102.34,89570329.2,53192308.51,92457827.49,67688449.26,75965625.73,168758607.82,44682086.04,165433846.32999998,1811548595.1000001,0.20914401149094516,103.00973129571396,-0.009003654989847565,0.033003864984549096,124.2770139062379,0.4380558653588864,0.10847088513244281,83.8673950949274,-0.11391407692744648,0.035810275164156545,101.66917768058471,0.03014595218632876,0.03914394721498703
E18,FY2026Q2,The Bidvest Group,industrials_pharma,9399,1147101444.34,122045.05206298541,51082.16,75028956.14,646506831.55,981687.67,196173896.91,300470562.1,2968466.11,128356228.1,521467618.73,164684310.16,221381597.36,111211689.99,100346511.41000003,0.33396453452436237,204.0,284781464.74,1395987.572254902,-23946662.939999998,22.0,98.2769764814294,137013467.44,66664341.88,67363146.76,150753976.1,130417400.9,154364063.84,795,420192424.45,-13446335.910000002,23,203373044.27,216819380.18,84325085.87,94324258.66,88848544.01,71515192.43,81179343.48,181788397.34,40520923.53,197883103.58,1852075333.53,0.2268765297192992,110.75082075299983,0.07514910834067923,0.02964475681769748,96.76472966719687,-0.2213787037062055,0.08564032604309431,93.01349216965338,0.1090542643463972,0.03768429371489638,103.94365167559603,0.02237132282270493,0.03483271471471925
E18,FY2026Q3,The Bidvest Group,industrials_pharma,9950,1216480799.97,122259.37688140704,50876.57,170295088.10999998,677930844.3,787644.7,206340164.6,329487079.12,1935067.25,113772726.16,552578251.17,195567353.4,240978101.51,113584367.73,120424202.57000002,0.3654899090174678,218.0,380121088.59999996,1743674.7183486237,-130363752.96,22.0,126.30604190924652,216793776.70999998,139836345.82,82258802.62,158025940.16,124878667.82,255242420.78,876,453731813.24,-48131147.760000005,23,202800332.74,250931480.5,84827960.12,90165462.71,93004263.04,103373047.39,82361079.98,197753319.32,51682818.31,204295675.61,2050333701.81,0.22129656886557209,117.44928723759027,0.060482319129079753,0.042121879638980335,129.15979069340463,0.33478170339155744,0.11629036272610793,100.43774709447017,0.07981911819067311,0.03586212717522875,115.07046622853902,0.10704660047608616,0.04576549647547022
E18,FY2026Q4,The Bidvest Group,industrials_pharma,10474,1300393071.99,124154.3891531411,51711.17,175684065.13,725184852.65,787358.46,212655921.74,359145043.76,2619895.38,135852823.19,592957069.19,197291523.74,257146489.41,117145166.46,143081868.17999998,0.39839577537262344,258.0,433377300.25,1679756.9777131784,-67837577.33,23.0,107.61558096500694,203545495.09,125553017.02,128374108.65,179450174.58,182769861.46,250607438.79,738,361459095.71,-1891219.5499999998,23,179783938.07999998,181675157.63,73025568.48,71653989.27,59819773.06,72777361.98,84182402.92,166084784.37,40937973.52,154436337.82,2095229467.95,0.17251527875066414,125.55088369474672,0.06897952850720657,0.039906482828823406,147.2555011291809,0.1401032808943714,0.12459733721876812,80.01232485920909,-0.20336400234116414,0.03427496740415482,117.59014228754184,0.02189680933419136,0.04495226677069304
E19,FY2024Q1,Aspen Pharmacare,industrials_pharma,8341,714825644.77,85700.23315789473,37044.38,85307199.19,395152163.63,611647.01,125368758.26,191914290.26,1778785.6099999999,76486267.72,322025027.46,106225470.99,142656931.75,67431946.85,64155099.37999998,0.3342903714626174,87.0,105580805.41,1213572.4759770115,-21600554.59,17.0,95.86047656434523,44068249.769999996,36696170.12,17758036.62,51126598.67,41990125.41,63590680.0,1019,426544806.9,6711235.96,17,216628021.43,209916785.47,81810369.06,83920632.75,121651977.72,64379714.65,74782112.72,194078233.62,34463598.34,198002974.94,1246951257.08,0.34207015268491314,100.0,,0.020728639517717425,100.0,,0.035282324552988346,100.0,,0.037219340997441494,100.0,,0.025480389637380134
E19,FY2024Q2,Aspen Pharmacare,industrials_pharma,8440,802291283.01,95058.20888744076,37763.405,62055095.29,481609283.67,614246.69,126372109.39,191980901.69,1714741.57,73528036.92,391320297.78,104165329.06,165246695.02,68030924.23,63279804.04000001,0.329615099642467,85.0,77394750.58,910526.4774117647,-1484007.02,17.0,109.53786681225841,30590793.09,21907429.05,15838610.66,39648710.87,37955371.78,39439378.8,922,341343320.34,-38106037.480000004,17,151618641.43,189724678.91,69695249.62,58982493.97,70392220.37,69997916.04,72275440.34,161583767.32,25256564.78,154502988.24,1221029353.93,0.27955373819749196,112.2359401736549,0.1223594017365488,0.02002562347539033,73.30380771339486,-0.26696192286605136,0.024472199933668535,80.02519660731099,-0.1997480339268901,0.03221751187703749,97.92117751172556,-0.020788224882744344,0.022686960145598123
E19,FY2024Q3,Aspen Pharmacare,industrials_pharma,8365,790811421.34,94538.12568320383,36387.01,68436582.7,464017895.94,524155.27,130631152.27,194083843.07,1554374.79,81898627.78,355782971.67,130885420.07,146651249.67,75593152.15,61374160.739999995,0.31622498693960965,94.0,114422939.18,1217265.310425532,30348056.66,18.0,107.55810239797756,58332664.92,32782626.330000002,41906187.5,39734125.35,72385497.92,42037441.26,892,326452022.06,-6269723.78,17,160091149.14000002,166360872.92,71763897.12,64426764.52,87192163.84,39687423.91,63381772.67,128292777.04,38809874.19,159349370.83,1231686382.58,0.265044760319737,110.62997349436854,-0.014308845070496456,0.02643994684659762,108.37475499042039,0.47843281776230273,0.03704745152305332,76.53405147106481,-0.043625573997367995,0.031455237012146,98.77582428235841,0.008727905365828681,0.028395196288792536
E19,FY2024Q4,Aspen Pharmacare,industrials_pharma,8750,788328621.37,90094.69958514285,37246.009999999995,44619929.35,448247770.99,758968.61,129050201.21,208053073.97,2218606.59,80864444.26,363159048.72,110614516.15,153857243.18,79833369.06,76025297.56,0.3654129982764032,90.0,97416537.8,1082405.9755555554,13120197.579999998,17.0,98.42565750063025,28101198.41,20077683.43,30813715.9,46525138.47,55268367.69,42148170.11,917,344913796.55,-17383636.95,17,163765079.8,181148716.75,77195190.03,68052910.27,70100796.14,62369031.65,67195868.46,162747642.23,46194104.21,135972050.11,1230658955.72,0.28026757124455115,110.28264404582885,-0.003139560080952064,0.023352477150827847,92.26728042252013,-0.148627552323639,0.03236059468955387,80.86226604345046,0.05655279564053939,0.033254886750022895,98.69342917235178,-0.0008341627174993649,0.026106478469011207
E19,FY2025Q1,Aspen Pharmacare,industrials_pharma,8437,757121558.85,89738.24331515942,36653.62,69682530.11,434972855.23,625761.92,125687710.48,193996840.4,1838390.82,83890856.5,336466271.08,109399440.7,152064846.48,75300144.09,65844977.18000001,0.3394126267429663,78.0,64923496.62,832352.5207692308,3412539.2800000007,17.0,118.66059890598666,26065463.96,26684192.96,14686598.05,23552705.61,34168017.95,30755478.669999998,878,338143994.9,14213340.78,17,176178667.84,161965327.06,84572927.28,45400576.26,64765519.39,76976029.49,66428942.48,143383950.53,36049392.39,158710651.98,1160189050.37,0.29145594400512687,105.91695532882135,-0.03958636243064051,0.022786127363274167,61.491761090364655,-0.3335474849938672,0.019871141216619467,79.27514048466077,-0.019627517709395748,0.031098410495123463,93.04205307004766,-0.05726192867850344,0.024493158998030302
E19,FY2025Q2,Aspen Pharmacare,industrials_pharma,8755,782499645.28,89377.45805596802,36012.41,46973268.279999994,448613385.92,805619.49,135180846.87,196032715.66,1867077.34,84238167.07,356325864.37,111887894.48,155320822.9,74726896.46,58179171.95999998,0.29678297198568726,95.0,103189586.89999999,1086206.1778947366,-44330199.68,16.0,97.36557473320015,30177812.83,34556090.99,24233573.24,44399922.67,29429693.61,73759893.29,867,306093003.23,-33374003.17,17,136359500.03,169733503.2,61846854.08,49703021.87,82174888.47,60311091.92,52057146.89,140015488.28,29438798.46,136638716.49,1191782235.4099998,0.25683635326607895,109.46720378670446,0.03351917024862816,0.020044721380965316,97.73517686220121,0.5894027936291395,0.03326999436553314,71.7610432194902,-0.09478503878053035,0.028534530342000982,95.57568739301085,0.02723106637657402,0.022543291489386365
E19,FY2025Q3,Aspen Pharmacare,industrials_pharma,8660,776097593.71,89618.6597817552,36505.545,44155488.73,450642755.6,542069.88,131374905.75,191405931.74,2131930.74,83634175.3,353532229.62,108197301.86,147653965.26,83079921.67,57357025.37000002,0.2996616920311125,87.0,99613320.27,1144980.6927586207,27604116.63,18.0,96.69006396879135,53624962.309999995,31438257.61,20820262.35,47354800.31,63608718.449999996,36004601.82,988,365740150.04,-45535135.72,17,160102507.16,205637642.88,72763629.23,67842951.31,63107313.29,73509007.89,88517248.32,156006377.57,42840781.26,166892991.21,1241451064.02,0.2946069810079182,108.57159356107246,-0.008181539261540638,0.026714610091399586,94.34794504850899,-0.03465724340446985,0.031781757290886586,85.74483714808063,0.19486609030779056,0.03192561914525,99.5589087361057,0.04167609411707085,0.02844642237024271
E19,FY2025Q4,Aspen Pharmacare,industrials_pharma,8377,723545843.63,86372.90720186224,36434.82,77135577.43,394398879.0,601727.86,130591756.3,196978644.48,974835.99,68492085.14,327256215.45,109968717.97,148793440.02,69035385.05,64810324.33,0.3290220851153255,85.0,101441091.09,1193424.6010588235,-37315862.75,17.0,126.55087979791563,42757722.29,26515649.71,21721074.28,53204367.1,32062614.17,69378476.92,1036,360796482.84,-20677160.56,17,170059661.14,190736821.7,59989335.61,71070203.96,77129590.09,81127622.75,71479730.43,161364857.07,50468855.87,148962769.9,1185783417.56,0.30426845028952676,101.2199057104066,-0.06771281151483222,0.022714755589181897,96.07910329541026,0.018348658744090418,0.032675656618217815,84.58583412658588,-0.013516884048577538,0.02899038641123399,95.09460861660003,-0.044840790002418696,0.02501471793924896
E19,FY2026Q1,Aspen Pharmacare,industrials_pharma,8869,812354141.05,91594.7841977675,36845.01,97390906.71,470018990.79,762696.74,132612712.27,207155795.17,1803946.08,91943230.33,366817319.02,111987383.1,154260624.31,87345584.29,71976440.07999998,0.3474507677708623,87.0,88354470.82,1015568.6301149424,-2654511.4399999995,18.0,108.35713765751916,32412138.72,31665984.84,28665071.54,28023414.439999998,42849979.69,45504491.13,858,339236867.55,-22543402.150000002,17,158346732.7,180890134.85,67469399.77,76143884.29,61754562.04,81001679.93,52867341.52,153624619.22,32665640.25,152946608.08,1239945479.4199998,0.27359014826093997,113.64367618783186,0.12274038777481233,0.025129108005428554,83.68421748337182,-0.12900709297763147,0.026203317117147417,79.53135568932888,-0.059755613802812135,0.03206382135548064,99.43816748086805,0.04567618424910158,0.026792745459416713
E19,FY2026Q2,Aspen Pharmacare,industrials_pharma,9182,853894068.43,92996.52237312132,37126.615,41235826.33,498640934.67,658010.5,133005296.18,220213683.5,1376143.58,85378537.49,405765324.48,128062429.42,164785557.44,69902219.6,85174233.23999998,0.3867799306849158,102.0,144424435.32,1415925.836470588,-27611611.200000003,16.0,108.80080666636323,83593305.12,39382175.370000005,43797757.14,61244502.81,58406412.06,86018023.26,920,354774864.17,-58582479.53,17,148096192.32,206678671.85,75688884.16,55114652.22,69771301.57,90650789.35,63549236.870000005,117564542.9,33146608.67,204063712.6,1353093367.92,0.2621954054178585,119.4548733215561,0.051135244200648744,0.022067343853137706,136.79042772894113,0.6346024596109963,0.043431744199668464,83.17411405108822,0.04580279476171567,0.03181742317592787,108.51212990382272,0.09125230937809192,0.025448163157221038
E19,FY2026Q3,Aspen Pharmacare,industrials_pharma,9839,927716302.98,94289.69437747738,38230.63,63714797.92,553893246.7,416340.51,148199191.93,224064865.72,1142658.1199999999,85683809.56,410484351.44,129386338.38,206692335.71,95469467.89,74306675.16,0.3316301952170246,125.0,177120383.76,1416963.07008,19183922.48,16.0,125.99569531612447,64879640.04,57648684.96,51117914.95,68353783.85,98152153.12,78968230.64,1082,419461936.13,38602035.95,17,229031986.04,190429950.09,93886325.85,67660508.51,103845687.26,57895936.64,96173477.87,196604003.63,42023930.35,180834002.15,1524298622.87,0.2751835695686867,129.782179719993,0.08645362144947599,0.03212311649654238,167.75812901994038,0.22638792644441263,0.05418640083742472,98.3394779035112,0.18233273687902374,0.033153499181034725,122.24203746660216,0.12652878139014145,0.03402386801277172
E19,FY2026Q4,Aspen Pharmacare,industrials_pharma,10636,958396549.37,90108.73912843174,37845.119999999995,61986466.61,549690171.5,589849.23,166006627.17,240507946.19,1601955.28,98285587.79,419814413.02,139268330.28,212274227.64000002,88753990.64,72309514.51000002,0.3006533283223661,112.0,122523426.66,1093959.166607143,-19481624.64,18.0,116.76636813464714,47182451.29,52760580.35,18660651.12,51102195.19,51520901.01,71002525.64999999,793,299513322.5,-34714023.9,17,132399649.3,167113673.2,46892968.11,73507944.07000001,59472623.0,63387689.01,56252098.31,135084776.65,26639470.02,137789075.83,1380433298.53,0.21697051412693874,134.07416988773124,0.033070720317676106,0.029411288220806225,116.04706573719251,-0.3082477349076854,0.03522587062116211,70.21848998157385,-0.28595827963952714,0.028401026527311152,110.70467195025542,-0.09438132540533661,0.029616615670923323
E20,FY2024Q1,Shaftesbury Capital plc,real_estate,135,3748379.76,27765.775999999998,15952.06,-450567.7,0.0,0.0,2017766.05,1648906.03,81707.68,275698.85,1055440.26,970717.09,1235720.03,210803.53,-450567.69999999995,-0.2732525030550103,5.0,4026196.68,805239.336,2739901.8400000003,4.0,58.963400044331664,3307542.0100000002,2267526.7,1115522.56,643147.42,3383049.2600000002,643147.42,129,20150259.38,-4739224.319999999,11,7705517.53,12444741.85,1850828.14,3598116.5,2152657.27,5911044.390000001,6637613.08,3302009.75,2522266.51,14325983.12,27924835.82,0.7215891799646039,100.0,,0.00010869617421958647,100.0,,0.001345448895055215,100.0,,0.0017582663366639947,100.0,,0.0005706202974763271
E20,FY2024Q2,Shaftesbury Capital plc,real_estate,127,3587851.68,28250.80062992126,18191.16,26258.300000000057,0.0,0.0,1685986.34,1807054.99,94810.35,745632.31,1408296.3,479576.62999999995,798054.1,156292.34,26258.299999999814,0.0145309911127828,3.0,548801.97,182933.99,-548801.97,3.0,67.1179981369236,356880.38,0.0,548801.97,0.0,0.0,548801.97,151,31368538.52,-6022094.94,11,12673221.79,18695316.73,8512530.68,4995505.42,4141897.77,8589011.11,5129593.54,1528942.67,1754604.19,28084991.66,35505192.17,0.8834915853942271,95.71740084307787,-0.04282599156922129,8.955471454166491e-05,13.630778961349696,-0.863692210386503,0.0001735310396788304,155.67312523596905,0.5567312523596906,0.002960703204406546,127.14557177296236,0.2714557177296235,0.0006596932965861941
E20,FY2024Q3,Shaftesbury Capital plc,real_estate,105,2619292.49,24945.642761904764,16821.61,-363186.87000000005,0.0,0.0,1318513.77,1128052.81,172725.91,367560.59,1401690.74,366411.0,374347.77,109282.39,-363186.8699999999,-0.32195910225160457,3.0,5243240.37,1747746.79,4723881.37,3.0,70.48682755698266,0.0,0.0,3410408.45,1832831.92,4983560.87,259679.5,123,18584591.2,264493.6200000001,11,9424542.41,9160048.79,4248148.45,3247247.75,1980736.76,4869670.630000001,4238787.61,236977.13,2373507.47,15974106.6,26447124.06,0.7027074534772686,69.87799149785188,-0.26995519223916187,8.75732852896132e-05,130.22812313282222,8.553975125125737,0.0016976376836965912,92.2300346091128,-0.4075404186219639,0.0017907155767667444,94.70825264819766,-0.25511953481703975,0.0006097098170272017
E20,FY2024Q4,Shaftesbury Capital plc,real_estate,113,2935123.67,25974.545752212387,16111.35,-704748.87,0.0,0.0,1748823.64,1115187.4,71112.63,415427.19,1071113.37,621545.89,667584.13,159453.09,-704748.8700000001,-0.6319555529411471,1.0,273018.16,273018.16,-273018.16,1.0,120.0,0.0,0.0,273018.16,0.0,0.0,273018.16,151,29315016.97,-2510747.83,11,13402134.57,15912882.4,4350063.68,7191153.92,2991761.27,5825932.17,8956105.93,1299440.93,2365606.85,25649969.19,32523158.799999997,0.901358233690388,78.30379678498744,0.12057881325044373,8.69464923389592e-05,6.781043791432463,-0.9479294976514685,9.069332803416226e-05,145.48208247431504,0.5773829326953395,0.002826409320715673,116.4667860883416,0.22974273974801318,0.000689927246707992
E20,FY2025Q1,Shaftesbury Capital plc,real_estate,125,3182617.0,25460.936,15872.62,899908.32,0.0,0.0,1062578.17,2041262.66,78776.17,178277.18,1279650.44,718767.08,486989.85,518932.45,899908.3200000001,0.4408586595122453,0.0,0.0,0.0,0.0,0.0,0.0,0.0,0.0,0.0,0.0,0.0,0.0,139,33886965.5,-2562168.28,11,15662398.61,18224566.89,7185334.02,6335052.109999999,6515057.01,8044207.43,5807314.93,1277982.6199999999,2174479.37,30434503.509999998,37069582.5,0.9141447843390197,84.90647169645374,0.08432126132525108,9.578318760421008e-05,0.0,-1.0,0.0,168.17136127604527,0.1559592660198279,0.003116514796794597,132.74771869365998,0.13979034840859317,0.0007825889908834631
E20,FY2025Q2,Shaftesbury Capital plc,real_estate,117,3184805.5,27220.55982905983,16787.7,114085.83999999995,0.0,0.0,1519786.49,1649445.67,15573.34,422785.41000000003,1408428.81,408952.72000000003,482007.66,462630.9,114085.83999999985,0.06916617023220889,2.0,711180.84,355590.42,-711180.84,2.0,94.74972061958249,711180.84,0.0,711180.84,0.0,0.0,711180.84,154,25861874.12,-620104.6600000001,11,12620884.73,13240989.39,3817107.42,5896098.63,5097348.05,6762922.63,4288397.39,743716.35,2008671.6,23109486.17,29757860.46,0.869077068049401,84.96485692260808,0.0006876416483667658,8.158283429920629e-05,17.663837525195117,inf,0.00022929622310247983,128.34511770934833,-0.23681941600819933,0.002410889579281384,106.56413757207186,-0.19724317208050557,0.0005628881707734811
E20,FY2025Q3,Shaftesbury Capital plc,real_estate,125,2951093.81,23608.75048,13780.61,-181890.87000000005,0.0,0.0,1535443.73,1384601.47,31048.61,178589.32,1272783.58,578305.2,782466.1900000001,138949.52,-181890.8700000001,-0.13136694849818417,3.0,1018634.5700000001,339544.8566666667,526319.9299999999,3.0,65.97998249755061,323272.7,449204.55,569430.02,0.0,772477.25,246157.32,152,28030230.97,-1211165.69,11,13409532.64,14620698.33,4667225.26,5083960.600000001,2829725.04,6660658.61,8788661.46,1501053.74,1950427.25,24578749.98,31999959.349999998,0.8759458305374379,78.7298512677915,-0.07338334789989531,0.00010158170971826456,25.3001691412651,0.43231441668197945,0.0003249966629372209,139.10605536830565,0.08384376321448106,0.0024467712347242725,114.59318706927316,0.07534476119389666,0.0007332422403772111
E20,FY2025Q4,Shaftesbury Capital plc,real_estate,116,3060703.53,26385.375258620687,15284.599999999999,-584390.57,0.0,4739.5,1753641.65,1238156.48,64165.9,358448.02,1476908.19,619651.92,470020.65,135674.75,-584390.5699999998,-0.4719844215490435,1.0,599375.4,599375.4,599375.4,1.0,30.0,599375.4,599375.4,0.0,0.0,599375.4,0.0,168,39969332.5,-4523658.4799999995,11,17722837.01,22246495.49,7185556.78,9812051.45,4647388.01,10256367.49,8067968.7700000005,1643474.77,3102538.02,35223319.71,43629411.43,0.9161098256878318,81.65404057138544,0.03714206563972278,9.608670027886766e-05,14.886888238157306,-0.4115893789074918,0.00019306756803740281,198.35641688896217,0.4259366090410779,0.003211578961782579,156.23873927578208,0.3634208391580349,0.0009203851265036531
E20,FY2026Q1,Shaftesbury Capital plc,real_estate,114,3004808.89,26357.972719298246,14983.695,-300831.71,0.0,0.0,1652820.3,1351988.5899999999,0.0,242497.59,1399587.47,332607.87,525023.43,505092.53,-300831.7100000002,-0.22251053908672427,6.0,4014323.56,669053.9266666666,3500408.1399999997,5.0,163.68621539316078,560921.16,0.0,4014323.56,0.0,3757365.8499999996,256957.71000000002,133,31453732.94,11194984.36,11,21324358.65,10129374.290000001,5545939.77,5361412.87,10166825.39,4978212.39,5401342.5200000005,813515.27,1503383.48,29136834.19,38472865.39,0.8175562859993153,80.16287255803559,-0.018262023568156427,9.294981500910993e-05,99.70510332843452,5.697511376009092,0.0011905293787318522,156.09592088536183,-0.2130533343282628,0.002972928270546863,137.77293316240525,-0.11818967689429583,0.0008313217851891679
E20,FY2026Q2,Shaftesbury Capital plc,real_estate,127,3034738.73,23895.5805511811,12128.1,987423.4500000001,0.0,0.0,1020238.73,2011081.09,3418.91,318552.15,1676132.93,367291.58,388354.02999999997,284408.04,987423.4500000001,0.49099136524624176,1.0,85518.7,85518.7,-85518.7,1.0,180.0,85518.7,0.0,85518.7,0.0,0.0,85518.7,175,30068289.04,-864619.2799999999,11,14601834.88,15466454.16,6737409.04,5258956.930000001,5869738.56,6850469.82,5351714.69,1166909.0899999999,5088596.63,23812783.32,33188546.47,0.9059839082491762,80.9613466165979,0.009960646781765892,7.842731965860276e-05,2.1240566916368326,-0.9786966100958738,2.571743690365559e-05,149.22035728157462,-0.044047042131464154,0.002696626996954799,118.84956704465236,-0.13735184178336557,0.0006241901449992972
E20,FY2026Q3,Shaftesbury Capital plc,real_estate,97,2306147.89,23774.72051546392,13807.93,-455006.19000000006,0.0,4680.83,1230048.37,925570.85,145847.84,261671.03,1091336.34,296207.31,447212.07,209721.14,-455006.1900000003,-0.49159520311168,3.0,3747933.35,1249311.1166666667,3747933.35,3.0,32.31746429001999,3747933.35,0.0,3458409.96,289523.39,3747933.35,0.0,159,30395579.55,1111582.8499999996,11,15753581.2,14641998.35,7371438.35,5109417.93,4943212.0600000005,8351192.43,4620318.78,1919973.02,2050719.2599999998,26424887.27,36449660.79,0.8339056905116401,61.523859311416196,-0.24008354748878158,7.985270614601072e-05,93.08868015856592,42.82589246562448,0.0011466044421529547,150.84460689458382,0.010884906339852174,0.002402410647829765,130.5277532335372,0.09826023332922418,0.0008135928414697701
E20,FY2026Q4,Shaftesbury Capital plc,real_estate,117,3701116.08,31633.47076923077,14500.46,-774022.4,0.0,0.0,2174067.7,1463546.84,63501.54,175286.46000000002,1152986.71,928335.84,1212420.04,232087.03,-774022.4000000001,-0.5288675284215708,2.0,492986.06,246493.03,-353343.63999999996,2.0,107.25337406092171,492986.06,0.0,492986.06,0.0,69821.21,423164.85,140,19461549.13,-4164515.85,11,7648516.64,11813032.49,3706906.92,2556121.99,5929096.25,3089216.4499999997,4180207.52,875375.4,1141294.07,17444879.66,23655651.27,0.8227018951146382,98.73909040635733,0.6048910375821561,0.00011357990785661307,12.244460446974488,-0.8684645606091155,0.00014173504317493808,96.58212712297106,-0.3597243606430923,0.0018454203255138983,84.71187233644406,-0.3510048994340723,0.0005075220460525232
