entity_id,calendar_month,fiscal_year,txn_count,value_zar,dataset
E01,2023-07,FY2024,3222,1242488674.1040292,transactional_banking
E01,2023-08,FY2024,3420,1258739522.674301,transactional_banking
E01,2023-09,FY2024,3141,1235293252.0158412,transactional_banking
E01,2023-10,FY2024,3194,1127109470.8426378,transactional_banking
E01,2023-11,FY2024,3326,1242551856.1425793,transactional_banking
E01,2023-12,FY2024,3279,1193192724.7460148,transactional_banking
E01,2024-01,FY2024,3242,1214452773.1905203,transactional_banking
E01,2024-02,FY2024,3023,1130166885.295387,transactional_banking
E01,2024-03,FY2024,3254,1179030974.8824413,transactional_banking
E01,2024-04,FY2024,3375,1199200170.9360893,transactional_banking
E01,2024-05,FY2024,3565,1356579736.2931309,transactional_banking
E01,2024-06,FY2024,3394,1220042648.7103214,transactional_banking
E01,2024-07,FY2025,3447,1406272843.9242737,transactional_banking
E01,2024-08,FY2025,3385,1265187849.589643,transactional_banking
E01,2024-09,FY2025,3312,1151100465.6664686,transactional_banking
E01,2024-10,FY2025,3493,1342458426.9338808,transactional_banking
E01,2024-11,FY2025,3302,1190794585.960321,transactional_banking
E01,2024-12,FY2025,3488,1378464974.0787969,transactional_banking
E01,2025-01,FY2025,3318,1283679125.7419436,transactional_banking
E01,2025-02,FY2025,3167,1158845359.744905,transactional_banking
E01,2025-03,FY2025,3507,1314522654.9867382,transactional_banking
E01,2025-04,FY2025,3264,1185052428.667658,transactional_banking
E01,2025-05,FY2025,3330,1254960243.2035291,transactional_banking
E01,2025-06,FY2025,3279,1205891157.8328133,transactional_banking
E01,2025-07,FY2026,3490,1353620053.9423535,transactional_banking
E01,2025-08,FY2026,3432,1269331277.6685748,transactional_banking
E01,2025-09,FY2026,3427,1261826246.565749,transactional_banking
E01,2025-10,FY2026,3637,1289004510.3228009,transactional_banking
E01,2025-11,FY2026,3524,1281899712.3886557,transactional_banking
E01,2025-12,FY2026,3681,1517306246.9033356,transactional_banking
E01,2026-01,FY2026,3953,1446658794.296032,transactional_banking
E01,2026-02,FY2026,3548,1258307579.9640827,transactional_banking
E01,2026-03,FY2026,4113,1567469552.2848299,transactional_banking
E01,2026-04,FY2026,3990,1448854151.8853695,transactional_banking
E01,2026-05,FY2026,4190,1608435900.0696733,transactional_banking
E01,2026-06,FY2026,4029,1487338611.7513475,transactional_banking
E02,2023-07,FY2024,582,386436761.21006006,transactional_banking
E02,2023-08,FY2024,549,329452141.4685526,transactional_banking
E02,2023-09,FY2024,517,320710001.6988834,transactional_banking
E02,2023-10,FY2024,564,371546698.8457824,transactional_banking
E02,2023-11,FY2024,509,272582216.53193825,transactional_banking
E02,2023-12,FY2024,574,433907773.7807689,transactional_banking
E02,2024-01,FY2024,566,310375761.93055415,transactional_banking
E02,2024-02,FY2024,491,308879272.7666683,transactional_banking
E02,2024-03,FY2024,552,375188350.6119225,transactional_banking
E02,2024-04,FY2024,564,340909557.6034175,transactional_banking
E02,2024-05,FY2024,575,344033884.7379776,transactional_banking
E02,2024-06,FY2024,552,344567625.8931843,transactional_banking
E02,2024-07,FY2025,537,299974594.46898437,transactional_banking
E02,2024-08,FY2025,524,297582504.63482416,transactional_banking
E02,2024-09,FY2025,529,309332270.11380005,transactional_banking
E02,2024-10,FY2025,611,348425638.10302275,transactional_banking
E02,2024-11,FY2025,577,323934433.6160391,transactional_banking
E02,2024-12,FY2025,560,339770226.3521243,transactional_banking
E02,2025-01,FY2025,547,370628948.5135429,transactional_banking
E02,2025-02,FY2025,543,324515572.1219993,transactional_banking
E02,2025-03,FY2025,596,350085707.74641454,transactional_banking
E02,2025-04,FY2025,553,337998937.70768327,transactional_banking
E02,2025-05,FY2025,587,299854274.3975294,transactional_banking
E02,2025-06,FY2025,517,339057282.77316606,transactional_banking
E02,2025-07,FY2026,590,352368484.3325499,transactional_banking
E02,2025-08,FY2026,583,332862290.5352137,transactional_banking
E02,2025-09,FY2026,554,394757265.7306461,transactional_banking
E02,2025-10,FY2026,606,386719824.6459118,transactional_banking
E02,2025-11,FY2026,633,409720326.98941445,transactional_banking
E02,2025-12,FY2026,655,394056127.6182203,transactional_banking
E02,2026-01,FY2026,666,345534016.259298,transactional_banking
E02,2026-02,FY2026,605,329409391.29808164,transactional_banking
E02,2026-03,FY2026,672,348365819.04376274,transactional_banking
E02,2026-04,FY2026,647,379045220.26851344,transactional_banking
E02,2026-05,FY2026,705,380083254.6053461,transactional_banking
E02,2026-06,FY2026,655,387345876.9572393,transactional_banking
E03,2023-07,FY2024,3205,914038978.8873312,transactional_banking
E03,2023-08,FY2024,3274,907354078.5093114,transactional_banking
E03,2023-09,FY2024,3081,881128202.8832873,transactional_banking
E03,2023-10,FY2024,3022,873936448.0837212,transactional_banking
E03,2023-11,FY2024,3069,869711349.9900961,transactional_banking
E03,2023-12,FY2024,3089,837107212.4164563,transactional_banking
E03,2024-01,FY2024,3020,836851657.6919024,transactional_banking
E03,2024-02,FY2024,2684,740058233.2495619,transactional_banking
E03,2024-03,FY2024,2951,837965799.183824,transactional_banking
E03,2024-04,FY2024,3035,834725345.7640245,transactional_banking
E03,2024-05,FY2024,3086,888548442.3346118,transactional_banking
E03,2024-06,FY2024,2747,757992069.7974207,transactional_banking
E03,2024-07,FY2025,2893,776064973.2518059,transactional_banking
E03,2024-08,FY2025,2785,772649175.3128117,transactional_banking
E03,2024-09,FY2025,2620,755465675.132078,transactional_banking
E03,2024-10,FY2025,2847,743782183.6553326,transactional_banking
E03,2024-11,FY2025,2491,711461492.7968827,transactional_banking
E03,2024-12,FY2025,2580,701769707.5870998,transactional_banking
E03,2025-01,FY2025,2570,714432757.2366645,transactional_banking
E03,2025-02,FY2025,2304,652972087.2263646,transactional_banking
E03,2025-03,FY2025,2586,700333109.7928993,transactional_banking
E03,2025-04,FY2025,2325,608159295.3817437,transactional_banking
E03,2025-05,FY2025,2419,637320467.1221371,transactional_banking
E03,2025-06,FY2025,2327,641570283.2729911,transactional_banking
E03,2025-07,FY2026,2350,681459045.2701269,transactional_banking
E03,2025-08,FY2026,2340,602164231.5036817,transactional_banking
E03,2025-09,FY2026,2190,579020235.2513608,transactional_banking
E03,2025-10,FY2026,2291,654948960.4230535,transactional_banking
E03,2025-11,FY2026,2212,568685298.312322,transactional_banking
E03,2025-12,FY2026,2432,634258905.4741728,transactional_banking
E03,2026-01,FY2026,2360,697881742.6238751,transactional_banking
E03,2026-02,FY2026,1993,550765048.7009041,transactional_banking
E03,2026-03,FY2026,2309,655386990.5116407,transactional_banking
E03,2026-04,FY2026,2203,652180932.1459402,transactional_banking
E03,2026-05,FY2026,2360,663765143.9766645,transactional_banking
E03,2026-06,FY2026,2119,617464128.929045,transactional_banking
E04,2023-07,FY2024,653,158151210.82513463,transactional_banking
E04,2023-08,FY2024,637,159614668.4759394,transactional_banking
E04,2023-09,FY2024,596,142528472.47268045,transactional_banking
E04,2023-10,FY2024,582,111977657.69964838,transactional_banking
E04,2023-11,FY2024,628,147639194.13721788,transactional_banking
E04,2023-12,FY2024,667,155634999.59887102,transactional_banking
E04,2024-01,FY2024,599,157357817.80608386,transactional_banking
E04,2024-02,FY2024,565,124085387.0714432,transactional_banking
E04,2024-03,FY2024,642,145233395.5140206,transactional_banking
E04,2024-04,FY2024,647,148463409.81240466,transactional_banking
E04,2024-05,FY2024,708,168448686.94091186,transactional_banking
E04,2024-06,FY2024,672,141257228.4157096,transactional_banking
E04,2024-07,FY2025,641,152870351.31914136,transactional_banking
E04,2024-08,FY2025,644,127813222.8023991,transactional_banking
E04,2024-09,FY2025,593,148126365.93929008,transactional_banking
E04,2024-10,FY2025,634,148184399.0153065,transactional_banking
E04,2024-11,FY2025,618,148557960.67930838,transactional_banking
E04,2024-12,FY2025,643,166617868.52093682,transactional_banking
E04,2025-01,FY2025,652,148913621.25507048,transactional_banking
E04,2025-02,FY2025,591,132953038.35799748,transactional_banking
E04,2025-03,FY2025,681,142986616.51174104,transactional_banking
E04,2025-04,FY2025,593,133474583.4061318,transactional_banking
E04,2025-05,FY2025,674,165946350.37007588,transactional_banking
E04,2025-06,FY2025,626,152488896.12516424,transactional_banking
E04,2025-07,FY2026,644,140692674.53128695,transactional_banking
E04,2025-08,FY2026,661,146127348.03959265,transactional_banking
E04,2025-09,FY2026,636,137395334.5256052,transactional_banking
E04,2025-10,FY2026,702,170191170.9864369,transactional_banking
E04,2025-11,FY2026,664,165868530.87474805,transactional_banking
E04,2025-12,FY2026,751,150527824.83803496,transactional_banking
E04,2026-01,FY2026,784,205254424.61766717,transactional_banking
E04,2026-02,FY2026,678,155106658.24197048,transactional_banking
E04,2026-03,FY2026,741,180282439.67672685,transactional_banking
E04,2026-04,FY2026,766,167271484.2410031,transactional_banking
E04,2026-05,FY2026,809,188628421.5713071,transactional_banking
E04,2026-06,FY2026,786,174694890.6897161,transactional_banking
E05,2023-07,FY2024,619,130320494.21049461,transactional_banking
E05,2023-08,FY2024,557,109976486.14189284,transactional_banking
E05,2023-09,FY2024,565,112544071.60685387,transactional_banking
E05,2023-10,FY2024,598,130618322.12716061,transactional_banking
E05,2023-11,FY2024,557,131812290.10895196,transactional_banking
E05,2023-12,FY2024,551,122186244.80098332,transactional_banking
E05,2024-01,FY2024,586,140657842.93860564,transactional_banking
E05,2024-02,FY2024,533,134698315.3333868,transactional_banking
E05,2024-03,FY2024,600,127882030.05232292,transactional_banking
E05,2024-04,FY2024,579,120263372.91147491,transactional_banking
E05,2024-05,FY2024,638,127168038.01302601,transactional_banking
E05,2024-06,FY2024,573,134845954.5558533,transactional_banking
E05,2024-07,FY2025,575,113987107.56092764,transactional_banking
E05,2024-08,FY2025,630,128094074.50744921,transactional_banking
E05,2024-09,FY2025,545,139233190.16932946,transactional_banking
E05,2024-10,FY2025,612,129023633.00696442,transactional_banking
E05,2024-11,FY2025,583,124409204.54852132,transactional_banking
E05,2024-12,FY2025,587,139014253.92165002,transactional_banking
E05,2025-01,FY2025,618,134748490.2869363,transactional_banking
E05,2025-02,FY2025,540,111757243.99143448,transactional_banking
E05,2025-03,FY2025,603,135057042.4615006,transactional_banking
E05,2025-04,FY2025,527,121210574.78633837,transactional_banking
E05,2025-05,FY2025,592,116904426.57202336,transactional_banking
E05,2025-06,FY2025,567,114275361.28468193,transactional_banking
E05,2025-07,FY2026,618,139416377.67032465,transactional_banking
E05,2025-08,FY2026,632,137092687.52189043,transactional_banking
E05,2025-09,FY2026,576,115502419.01149486,transactional_banking
E05,2025-10,FY2026,643,141819241.8549829,transactional_banking
E05,2025-11,FY2026,589,163998443.2923641,transactional_banking
E05,2025-12,FY2026,648,146461071.21584216,transactional_banking
E05,2026-01,FY2026,677,134906177.13853785,transactional_banking
E05,2026-02,FY2026,628,139392148.78104758,transactional_banking
E05,2026-03,FY2026,695,153381714.12076008,transactional_banking
E05,2026-04,FY2026,667,138023846.50211594,transactional_banking
E05,2026-05,FY2026,753,162193437.3575005,transactional_banking
E05,2026-06,FY2026,700,160232084.2385173,transactional_banking
E06,2023-07,FY2024,17,1001674.9585322104,transactional_banking
E06,2023-08,FY2024,22,2386859.131014876,transactional_banking
E06,2023-09,FY2024,22,5141386.486410323,transactional_banking
E06,2023-10,FY2024,19,3782852.111223733,transactional_banking
E06,2023-11,FY2024,11,1003723.6863074049,transactional_banking
E06,2023-12,FY2024,24,4326324.629801534,transactional_banking
E06,2024-01,FY2024,17,1868388.7921831994,transactional_banking
E06,2024-02,FY2024,26,3945755.9431499615,transactional_banking
E06,2024-03,FY2024,22,8137829.535092135,transactional_banking
E06,2024-04,FY2024,20,1559242.1203071922,transactional_banking
E06,2024-05,FY2024,23,2648564.5857460294,transactional_banking
E06,2024-06,FY2024,18,1628792.1016250052,transactional_banking
E06,2024-07,FY2025,23,2788526.131721038,transactional_banking
E06,2024-08,FY2025,19,1896303.960485641,transactional_banking
E06,2024-09,FY2025,23,4184985.690407159,transactional_banking
E06,2024-10,FY2025,24,4501293.780098681,transactional_banking
E06,2024-11,FY2025,19,3182598.130890646,transactional_banking
E06,2024-12,FY2025,21,1990301.0217306372,transactional_banking
E06,2025-01,FY2025,26,5535797.628449838,transactional_banking
E06,2025-02,FY2025,22,6255742.896100408,transactional_banking
E06,2025-03,FY2025,25,3312518.538727163,transactional_banking
E06,2025-04,FY2025,21,4682523.7606958775,transactional_banking
E06,2025-05,FY2025,24,5505620.285669292,transactional_banking
E06,2025-06,FY2025,28,5762222.834345856,transactional_banking
E06,2025-07,FY2026,15,2723777.442526172,transactional_banking
E06,2025-08,FY2026,28,4260221.667448029,transactional_banking
E06,2025-09,FY2026,20,1146910.9394824281,transactional_banking
E06,2025-10,FY2026,25,4480502.309925237,transactional_banking
E06,2025-11,FY2026,24,3669748.5695299804,transactional_banking
E06,2025-12,FY2026,21,4352689.482815522,transactional_banking
E06,2026-01,FY2026,20,2016479.2511294843,transactional_banking
E06,2026-02,FY2026,19,3636532.4019977152,transactional_banking
E06,2026-03,FY2026,22,4474246.556542901,transactional_banking
E06,2026-04,FY2026,24,8591806.007764285,transactional_banking
E06,2026-05,FY2026,29,6310761.839252521,transactional_banking
E06,2026-06,FY2026,31,5930535.146698146,transactional_banking
E07,2023-07,FY2024,284,16002104.71,transactional_banking
E07,2023-08,FY2024,299,18281113.580000002,transactional_banking
E07,2023-09,FY2024,319,18433249.21,transactional_banking
E07,2023-10,FY2024,323,19941669.94,transactional_banking
E07,2023-11,FY2024,288,17040229.09,transactional_banking
E07,2023-12,FY2024,343,20173240.12,transactional_banking
E07,2024-01,FY2024,303,21006105.27,transactional_banking
E07,2024-02,FY2024,330,21967677.23,transactional_banking
E07,2024-03,FY2024,327,20984119.669999998,transactional_banking
E07,2024-04,FY2024,357,22649380.29,transactional_banking
E07,2024-05,FY2024,345,20780102.8,transactional_banking
E07,2024-06,FY2024,371,24244741.26,transactional_banking
E07,2024-07,FY2025,372,20572152.41,transactional_banking
E07,2024-08,FY2025,351,19356781.01,transactional_banking
E07,2024-09,FY2025,371,24847900.76,transactional_banking
E07,2024-10,FY2025,388,25361609.94,transactional_banking
E07,2024-11,FY2025,378,21067601.02,transactional_banking
E07,2024-12,FY2025,380,24150880.75,transactional_banking
E07,2025-01,FY2025,370,29558644.39,transactional_banking
E07,2025-02,FY2025,349,21611208.59,transactional_banking
E07,2025-03,FY2025,406,23482305.87,transactional_banking
E07,2025-04,FY2025,388,27113543.41,transactional_banking
E07,2025-05,FY2025,365,22187435.29,transactional_banking
E07,2025-06,FY2025,389,23227650.62,transactional_banking
E07,2025-07,FY2026,420,35252922.580000006,transactional_banking
E07,2025-08,FY2026,434,25779368.3,transactional_banking
E07,2025-09,FY2026,394,21294978.1,transactional_banking
E07,2025-10,FY2026,441,27479960.68,transactional_banking
E07,2025-11,FY2026,422,30932301.44,transactional_banking
E07,2025-12,FY2026,438,25038911.24,transactional_banking
E07,2026-01,FY2026,463,27870008.12,transactional_banking
E07,2026-02,FY2026,424,29806440.2,transactional_banking
E07,2026-03,FY2026,472,29196914.05,transactional_banking
E07,2026-04,FY2026,507,32158447.63,transactional_banking
E07,2026-05,FY2026,464,27173111.72,transactional_banking
E07,2026-06,FY2026,496,31025445.69,transactional_banking
E08,2023-07,FY2024,22271,2693841128.81,transactional_banking
E08,2023-08,FY2024,22365,2786456889.37,transactional_banking
E08,2023-09,FY2024,21439,2535147328.33,transactional_banking
E08,2023-10,FY2024,21862,2610406656.02,transactional_banking
E08,2023-11,FY2024,20825,2571369336.75,transactional_banking
E08,2023-12,FY2024,21138,2567092934.0,transactional_banking
E08,2024-01,FY2024,20922,2507239362.53,transactional_banking
E08,2024-02,FY2024,19110,2223238575.37,transactional_banking
E08,2024-03,FY2024,20125,2376912437.52,transactional_banking
E08,2024-04,FY2024,19235,2382587738.38,transactional_banking
E08,2024-05,FY2024,19541,2387124031.74,transactional_banking
E08,2024-06,FY2024,18538,2250171272.66,transactional_banking
E08,2024-07,FY2025,18880,2258888585.56,transactional_banking
E08,2024-08,FY2025,18696,2271066171.35,transactional_banking
E08,2024-09,FY2025,17930,2249224049.2,transactional_banking
E08,2024-10,FY2025,17724,2144374772.6,transactional_banking
E08,2024-11,FY2025,17048,2045309028.97,transactional_banking
E08,2024-12,FY2025,17170,2063445789.0,transactional_banking
E08,2025-01,FY2025,17205,2160648009.53,transactional_banking
E08,2025-02,FY2025,15006,1828783459.6,transactional_banking
E08,2025-03,FY2025,16631,2068019627.32,transactional_banking
E08,2025-04,FY2025,15757,1915712907.27,transactional_banking
E08,2025-05,FY2025,15712,1934712543.28,transactional_banking
E08,2025-06,FY2025,14931,1764824976.47,transactional_banking
E08,2025-07,FY2026,15411,1843900806.0,transactional_banking
E08,2025-08,FY2026,15040,1845703659.51,transactional_banking
E08,2025-09,FY2026,14038,1815459511.43,transactional_banking
E08,2025-10,FY2026,14113,1639405335.76,transactional_banking
E08,2025-11,FY2026,13614,1696821397.46,transactional_banking
E08,2025-12,FY2026,13638,1645561459.08,transactional_banking
E08,2026-01,FY2026,13429,1688694583.68,transactional_banking
E08,2026-02,FY2026,11721,1418534673.81,transactional_banking
E08,2026-03,FY2026,12864,1552428805.03,transactional_banking
E08,2026-04,FY2026,12028,1398843560.87,transactional_banking
E08,2026-05,FY2026,12075,1367027227.87,transactional_banking
E08,2026-06,FY2026,11230,1335831601.29,transactional_banking
E09,2023-07,FY2024,5408,836241101.97,transactional_banking
E09,2023-08,FY2024,5430,820061087.8,transactional_banking
E09,2023-09,FY2024,5218,773200219.72,transactional_banking
E09,2023-10,FY2024,5498,858203528.66,transactional_banking
E09,2023-11,FY2024,8768,1375589363.39,transactional_banking
E09,2023-12,FY2024,9138,1459565995.9,transactional_banking
E09,2024-01,FY2024,3608,512260958.02,transactional_banking
E09,2024-02,FY2024,4100,612945881.6,transactional_banking
E09,2024-03,FY2024,4451,714040866.8100001,transactional_banking
E09,2024-04,FY2024,5294,829889145.83,transactional_banking
E09,2024-05,FY2024,5376,767033002.58,transactional_banking
E09,2024-06,FY2024,5191,816606725.86,transactional_banking
E09,2024-07,FY2025,5398,820434263.72,transactional_banking
E09,2024-08,FY2025,5495,842187778.53,transactional_banking
E09,2024-09,FY2025,5395,806082503.55,transactional_banking
E09,2024-10,FY2025,5475,831574109.93,transactional_banking
E09,2024-11,FY2025,8714,1335899780.11,transactional_banking
E09,2024-12,FY2025,8921,1394921100.93,transactional_banking
E09,2025-01,FY2025,3462,540955114.13,transactional_banking
E09,2025-02,FY2025,3873,592082012.31,transactional_banking
E09,2025-03,FY2025,4423,661742130.11,transactional_banking
E09,2025-04,FY2025,5423,808963838.69,transactional_banking
E09,2025-05,FY2025,5437,844501384.3,transactional_banking
E09,2025-06,FY2025,5324,806394956.28,transactional_banking
E09,2025-07,FY2026,5350,835394417.47,transactional_banking
E09,2025-08,FY2026,5589,874320602.9,transactional_banking
E09,2025-09,FY2026,5261,818121328.27,transactional_banking
E09,2025-10,FY2026,5625,850041272.33,transactional_banking
E09,2025-11,FY2026,8810,1428100163.64,transactional_banking
E09,2025-12,FY2026,8989,1359277917.23,transactional_banking
E09,2026-01,FY2026,3559,525252299.86,transactional_banking
E09,2026-02,FY2026,3934,623222636.56,transactional_banking
E09,2026-03,FY2026,4236,658503781.78,transactional_banking
E09,2026-04,FY2026,5301,819617236.79,transactional_banking
E09,2026-05,FY2026,5605,931882085.46,transactional_banking
E09,2026-06,FY2026,5311,871107054.24,transactional_banking
E10,2023-07,FY2024,4501,688875697.21,transactional_banking
E10,2023-08,FY2024,4617,687552244.4,transactional_banking
E10,2023-09,FY2024,4519,693158893.28,transactional_banking
E10,2023-10,FY2024,4691,688080440.27,transactional_banking
E10,2023-11,FY2024,7820,1161150628.25,transactional_banking
E10,2023-12,FY2024,8052,1189372485.89,transactional_banking
E10,2024-01,FY2024,3302,462379873.83,transactional_banking
E10,2024-02,FY2024,3872,584253943.89,transactional_banking
E10,2024-03,FY2024,4116,604203128.1899999,transactional_banking
E10,2024-04,FY2024,5140,782786219.97,transactional_banking
E10,2024-05,FY2024,5370,778075530.94,transactional_banking
E10,2024-06,FY2024,5350,790462125.73,transactional_banking
E10,2024-07,FY2025,5532,853200741.18,transactional_banking
E10,2024-08,FY2025,5767,864926521.65,transactional_banking
E10,2024-09,FY2025,5501,805734597.37,transactional_banking
E10,2024-10,FY2025,5973,914938206.5,transactional_banking
E10,2024-11,FY2025,9234,1388394807.76,transactional_banking
E10,2024-12,FY2025,9849,1542705115.65,transactional_banking
E10,2025-01,FY2025,4004,595555566.04,transactional_banking
E10,2025-02,FY2025,4578,717371501.37,transactional_banking
E10,2025-03,FY2025,4943,741460486.78,transactional_banking
E10,2025-04,FY2025,6075,902087764.7,transactional_banking
E10,2025-05,FY2025,6376,988908623.43,transactional_banking
E10,2025-06,FY2025,6233,894333776.38,transactional_banking
E10,2025-07,FY2026,6550,946908737.26,transactional_banking
E10,2025-08,FY2026,6566,984476855.42,transactional_banking
E10,2025-09,FY2026,6531,970682529.64,transactional_banking
E10,2025-10,FY2026,6927,1032413520.73,transactional_banking
E10,2025-11,FY2026,11045,1648694876.64,transactional_banking
E10,2025-12,FY2026,11618,1724914579.01,transactional_banking
E10,2026-01,FY2026,4669,739569843.62,transactional_banking
E10,2026-02,FY2026,5169,745742920.03,transactional_banking
E10,2026-03,FY2026,5931,912402357.01,transactional_banking
E10,2026-04,FY2026,7041,999553093.07,transactional_banking
E10,2026-05,FY2026,7472,1122769427.13,transactional_banking
E10,2026-06,FY2026,7511,1100640410.89,transactional_banking
E11,2023-07,FY2024,24828,2715604890.02,transactional_banking
E11,2023-08,FY2024,25232,2786965998.95,transactional_banking
E11,2023-09,FY2024,24430,2768270246.32,transactional_banking
E11,2023-10,FY2024,25228,2866209363.74,transactional_banking
E11,2023-11,FY2024,40291,4418168302.04,transactional_banking
E11,2023-12,FY2024,41464,4686896350.4,transactional_banking
E11,2024-01,FY2024,16339,1798408941.62,transactional_banking
E11,2024-02,FY2024,18507,2027788549.07,transactional_banking
E11,2024-03,FY2024,20318,2268170209.22,transactional_banking
E11,2024-04,FY2024,24465,2760940515.62,transactional_banking
E11,2024-05,FY2024,25101,2842905856.17,transactional_banking
E11,2024-06,FY2024,24416,2668600345.55,transactional_banking
E11,2024-07,FY2025,25000,2727588435.62,transactional_banking
E11,2024-08,FY2025,25290,2736424201.47,transactional_banking
E11,2024-09,FY2025,24258,2688044310.12,transactional_banking
E11,2024-10,FY2025,25016,2813353918.57,transactional_banking
E11,2024-11,FY2025,40072,4418195056.95,transactional_banking
E11,2024-12,FY2025,41485,4633593521.35,transactional_banking
E11,2025-01,FY2025,16216,1749444235.01,transactional_banking
E11,2025-02,FY2025,18041,1976671742.19,transactional_banking
E11,2025-03,FY2025,20065,2264203155.35,transactional_banking
E11,2025-04,FY2025,24300,2669187583.12,transactional_banking
E11,2025-05,FY2025,25274,2864618625.96,transactional_banking
E11,2025-06,FY2025,24314,2691999725.94,transactional_banking
E11,2025-07,FY2026,25286,2734671190.05,transactional_banking
E11,2025-08,FY2026,25004,2770414542.77,transactional_banking
E11,2025-09,FY2026,24090,2686261842.77,transactional_banking
E11,2025-10,FY2026,25288,2809146927.04,transactional_banking
E11,2025-11,FY2026,40295,4544573034.16,transactional_banking
E11,2025-12,FY2026,41344,4565806624.05,transactional_banking
E11,2026-01,FY2026,16598,1795792490.61,transactional_banking
E11,2026-02,FY2026,18332,2013331919.11,transactional_banking
E11,2026-03,FY2026,20336,2239116333.34,transactional_banking
E11,2026-04,FY2026,24169,2608077192.73,transactional_banking
E11,2026-05,FY2026,25090,2817519204.13,transactional_banking
E11,2026-06,FY2026,24087,2613462939.94,transactional_banking
E12,2023-07,FY2024,246,16990147.33,transactional_banking
E12,2023-08,FY2024,238,14032947.42,transactional_banking
E12,2023-09,FY2024,228,14830951.209999999,transactional_banking
E12,2023-10,FY2024,256,14902190.52,transactional_banking
E12,2023-11,FY2024,401,30857506.11,transactional_banking
E12,2023-12,FY2024,372,21043055.94,transactional_banking
E12,2024-01,FY2024,150,9389099.53,transactional_banking
E12,2024-02,FY2024,183,11027127.8,transactional_banking
E12,2024-03,FY2024,193,12348536.74,transactional_banking
E12,2024-04,FY2024,243,13457777.66,transactional_banking
E12,2024-05,FY2024,234,14667153.72,transactional_banking
E12,2024-06,FY2024,249,13686303.43,transactional_banking
E12,2024-07,FY2025,241,18433020.35,transactional_banking
E12,2024-08,FY2025,232,14022922.38,transactional_banking
E12,2024-09,FY2025,236,17372235.33,transactional_banking
E12,2024-10,FY2025,234,15505061.93,transactional_banking
E12,2024-11,FY2025,388,22021764.7,transactional_banking
E12,2024-12,FY2025,421,28422727.62,transactional_banking
E12,2025-01,FY2025,176,10214555.24,transactional_banking
E12,2025-02,FY2025,179,10678173.4,transactional_banking
E12,2025-03,FY2025,197,13371318.47,transactional_banking
E12,2025-04,FY2025,217,11653004.42,transactional_banking
E12,2025-05,FY2025,238,18165612.44,transactional_banking
E12,2025-06,FY2025,256,25052143.96,transactional_banking
E12,2025-07,FY2026,245,14392156.62,transactional_banking
E12,2025-08,FY2026,261,15687153.89,transactional_banking
E12,2025-09,FY2026,249,14697471.79,transactional_banking
E12,2025-10,FY2026,251,15581594.32,transactional_banking
E12,2025-11,FY2026,381,24627429.39,transactional_banking
E12,2025-12,FY2026,373,28504163.46,transactional_banking
E12,2026-01,FY2026,165,10116649.06,transactional_banking
E12,2026-02,FY2026,189,12992587.66,transactional_banking
E12,2026-03,FY2026,218,11893584.33,transactional_banking
E12,2026-04,FY2026,246,17476764.95,transactional_banking
E12,2026-05,FY2026,226,16823113.72,transactional_banking
E12,2026-06,FY2026,214,14921850.86,transactional_banking
E13,2023-07,FY2024,42,1682600.93,transactional_banking
E13,2023-08,FY2024,41,3718716.5799999996,transactional_banking
E13,2023-09,FY2024,40,1540809.1,transactional_banking
E13,2023-10,FY2024,39,1291078.49,transactional_banking
E13,2023-11,FY2024,55,1863472.1099999999,transactional_banking
E13,2023-12,FY2024,62,2701506.55,transactional_banking
E13,2024-01,FY2024,58,2761164.96,transactional_banking
E13,2024-02,FY2024,61,2131297.6,transactional_banking
E13,2024-03,FY2024,57,2054780.86,transactional_banking
E13,2024-04,FY2024,61,3547032.92,transactional_banking
E13,2024-05,FY2024,55,2173080.73,transactional_banking
E13,2024-06,FY2024,70,3149345.13,transactional_banking
E13,2024-07,FY2025,67,2424487.24,transactional_banking
E13,2024-08,FY2025,74,3278720.29,transactional_banking
E13,2024-09,FY2025,72,2433972.6,transactional_banking
E13,2024-10,FY2025,75,4437370.3,transactional_banking
E13,2024-11,FY2025,91,3551561.51,transactional_banking
E13,2024-12,FY2025,80,3026793.65,transactional_banking
E13,2025-01,FY2025,72,3223391.05,transactional_banking
E13,2025-02,FY2025,75,2539599.16,transactional_banking
E13,2025-03,FY2025,98,3721832.26,transactional_banking
E13,2025-04,FY2025,78,3132210.2199999997,transactional_banking
E13,2025-05,FY2025,95,4778797.83,transactional_banking
E13,2025-06,FY2025,86,3135619.77,transactional_banking
E13,2025-07,FY2026,77,2811596.63,transactional_banking
E13,2025-08,FY2026,101,3327226.7600000002,transactional_banking
E13,2025-09,FY2026,89,3610958.68,transactional_banking
E13,2025-10,FY2026,110,5592505.49,transactional_banking
E13,2025-11,FY2026,86,2998535.43,transactional_banking
E13,2025-12,FY2026,107,5228946.55,transactional_banking
E13,2026-01,FY2026,111,4134543.9899999998,transactional_banking
E13,2026-02,FY2026,79,3531301.91,transactional_banking
E13,2026-03,FY2026,105,4258293.63,transactional_banking
E13,2026-04,FY2026,100,3907154.63,transactional_banking
E13,2026-05,FY2026,114,4439754.13,transactional_banking
E13,2026-06,FY2026,105,4527469.47,transactional_banking
E14,2023-07,FY2024,1360,155522638.8,transactional_banking
E14,2023-08,FY2024,1411,158255510.28,transactional_banking
E14,2023-09,FY2024,1402,181025433.57,transactional_banking
E14,2023-10,FY2024,1393,166104760.35,transactional_banking
E14,2023-11,FY2024,1401,174196121.22,transactional_banking
E14,2023-12,FY2024,1375,159992529.0,transactional_banking
E14,2024-01,FY2024,1448,191830894.39,transactional_banking
E14,2024-02,FY2024,1294,156366314.66,transactional_banking
E14,2024-03,FY2024,1310,155095526.19,transactional_banking
E14,2024-04,FY2024,1385,175393151.55,transactional_banking
E14,2024-05,FY2024,1377,160357755.32,transactional_banking
E14,2024-06,FY2024,1301,169479838.88,transactional_banking
E14,2024-07,FY2025,1443,154202604.42,transactional_banking
E14,2024-08,FY2025,1446,154364539.04,transactional_banking
E14,2024-09,FY2025,1295,149914867.23,transactional_banking
E14,2024-10,FY2025,1412,159643686.13,transactional_banking
E14,2024-11,FY2025,1382,169008525.95,transactional_banking
E14,2024-12,FY2025,1348,163269442.7,transactional_banking
E14,2025-01,FY2025,1378,161225222.33,transactional_banking
E14,2025-02,FY2025,1263,162208179.52,transactional_banking
E14,2025-03,FY2025,1396,168621245.39,transactional_banking
E14,2025-04,FY2025,1409,166275333.34,transactional_banking
E14,2025-05,FY2025,1416,168282629.39,transactional_banking
E14,2025-06,FY2025,1355,163794015.28,transactional_banking
E14,2025-07,FY2026,1378,164503189.02,transactional_banking
E14,2025-08,FY2026,1432,164668540.72,transactional_banking
E14,2025-09,FY2026,1418,161048696.94,transactional_banking
E14,2025-10,FY2026,1445,161690102.94,transactional_banking
E14,2025-11,FY2026,1398,143096111.7,transactional_banking
E14,2025-12,FY2026,1403,160275983.69,transactional_banking
E14,2026-01,FY2026,1383,144317516.92,transactional_banking
E14,2026-02,FY2026,1262,150619170.55,transactional_banking
E14,2026-03,FY2026,1438,170508109.46,transactional_banking
E14,2026-04,FY2026,1312,163603598.49,transactional_banking
E14,2026-05,FY2026,1405,182960965.48,transactional_banking
E14,2026-06,FY2026,1429,165750364.77,transactional_banking
E15,2023-07,FY2024,936,109471411.94,transactional_banking
E15,2023-08,FY2024,898,113545118.56,transactional_banking
E15,2023-09,FY2024,881,118418766.06,transactional_banking
E15,2023-10,FY2024,889,107264618.39,transactional_banking
E15,2023-11,FY2024,926,109303010.29,transactional_banking
E15,2023-12,FY2024,921,137617146.04,transactional_banking
E15,2024-01,FY2024,894,108931591.46,transactional_banking
E15,2024-02,FY2024,864,114113987.78,transactional_banking
E15,2024-03,FY2024,952,119079670.37,transactional_banking
E15,2024-04,FY2024,895,113021967.06,transactional_banking
E15,2024-05,FY2024,922,105586007.37,transactional_banking
E15,2024-06,FY2024,886,126559114.75,transactional_banking
E15,2024-07,FY2025,955,116937935.15,transactional_banking
E15,2024-08,FY2025,940,111753994.75,transactional_banking
E15,2024-09,FY2025,914,112438448.3,transactional_banking
E15,2024-10,FY2025,944,111084606.42,transactional_banking
E15,2024-11,FY2025,924,119040713.06,transactional_banking
E15,2024-12,FY2025,906,105585570.58,transactional_banking
E15,2025-01,FY2025,868,97071142.67,transactional_banking
E15,2025-02,FY2025,822,110500844.43,transactional_banking
E15,2025-03,FY2025,879,111297799.36,transactional_banking
E15,2025-04,FY2025,906,107824358.29,transactional_banking
E15,2025-05,FY2025,939,134849112.65,transactional_banking
E15,2025-06,FY2025,912,115648235.13,transactional_banking
E15,2025-07,FY2026,952,126726943.29,transactional_banking
E15,2025-08,FY2026,948,123919685.48,transactional_banking
E15,2025-09,FY2026,908,134557576.79,transactional_banking
E15,2025-10,FY2026,916,106469733.61,transactional_banking
E15,2025-11,FY2026,862,101228616.28,transactional_banking
E15,2025-12,FY2026,900,138476164.78,transactional_banking
E15,2026-01,FY2026,943,113802999.56,transactional_banking
E15,2026-02,FY2026,833,122063256.53,transactional_banking
E15,2026-03,FY2026,904,138760417.63,transactional_banking
E15,2026-04,FY2026,950,127596230.85,transactional_banking
E15,2026-05,FY2026,928,119040829.36,transactional_banking
E15,2026-06,FY2026,893,107101950.04,transactional_banking
E16,2023-07,FY2024,5922,920554932.47,transactional_banking
E16,2023-08,FY2024,6075,866526953.55,transactional_banking
E16,2023-09,FY2024,5747,861347964.41,transactional_banking
E16,2023-10,FY2024,5866,856761761.2,transactional_banking
E16,2023-11,FY2024,5797,938534416.1899999,transactional_banking
E16,2023-12,FY2024,6022,898795728.53,transactional_banking
E16,2024-01,FY2024,6036,925363464.71,transactional_banking
E16,2024-02,FY2024,5506,819363655.63,transactional_banking
E16,2024-03,FY2024,5878,878655907.99,transactional_banking
E16,2024-04,FY2024,5841,854183109.51,transactional_banking
E16,2024-05,FY2024,6008,849339788.71,transactional_banking
E16,2024-06,FY2024,5657,868693637.73,transactional_banking
E16,2024-07,FY2025,5965,877103922.42,transactional_banking
E16,2024-08,FY2025,6033,905716310.66,transactional_banking
E16,2024-09,FY2025,5789,852732963.3,transactional_banking
E16,2024-10,FY2025,5951,854374224.77,transactional_banking
E16,2024-11,FY2025,5743,861127177.25,transactional_banking
E16,2024-12,FY2025,5913,932593245.45,transactional_banking
E16,2025-01,FY2025,6013,913818885.64,transactional_banking
E16,2025-02,FY2025,5319,794669185.92,transactional_banking
E16,2025-03,FY2025,5947,863201232.86,transactional_banking
E16,2025-04,FY2025,5719,864841343.93,transactional_banking
E16,2025-05,FY2025,5997,880064141.47,transactional_banking
E16,2025-06,FY2025,5736,829097149.58,transactional_banking
E16,2025-07,FY2026,6015,838695435.48,transactional_banking
E16,2025-08,FY2026,5866,858669316.85,transactional_banking
E16,2025-09,FY2026,5784,896388695.48,transactional_banking
E16,2025-10,FY2026,5966,904728666.18,transactional_banking
E16,2025-11,FY2026,5750,858911663.76,transactional_banking
E16,2025-12,FY2026,5846,853972498.6,transactional_banking
E16,2026-01,FY2026,6007,908869590.32,transactional_banking
E16,2026-02,FY2026,5353,811508635.36,transactional_banking
E16,2026-03,FY2026,5883,887645591.56,transactional_banking
E16,2026-04,FY2026,5793,865225182.27,transactional_banking
E16,2026-05,FY2026,5889,904313443.96,transactional_banking
E16,2026-06,FY2026,5795,848121143.7,transactional_banking
E17,2023-07,FY2024,225,17869025.66,transactional_banking
E17,2023-08,FY2024,229,20296989.51,transactional_banking
E17,2023-09,FY2024,204,19574257.72,transactional_banking
E17,2023-10,FY2024,221,21492532.27,transactional_banking
E17,2023-11,FY2024,227,20918844.65,transactional_banking
E17,2023-12,FY2024,190,15859935.31,transactional_banking
E17,2024-01,FY2024,216,20582580.169999998,transactional_banking
E17,2024-02,FY2024,212,19548444.08,transactional_banking
E17,2024-03,FY2024,216,23615122.46,transactional_banking
E17,2024-04,FY2024,236,18317126.07,transactional_banking
E17,2024-05,FY2024,190,15658437.31,transactional_banking
E17,2024-06,FY2024,214,24486416.209999997,transactional_banking
E17,2024-07,FY2025,234,23002840.87,transactional_banking
E17,2024-08,FY2025,231,22355196.11,transactional_banking
E17,2024-09,FY2025,219,16753798.99,transactional_banking
E17,2024-10,FY2025,211,15364619.37,transactional_banking
E17,2024-11,FY2025,217,18721501.09,transactional_banking
E17,2024-12,FY2025,248,19676148.25,transactional_banking
E17,2025-01,FY2025,221,20611712.82,transactional_banking
E17,2025-02,FY2025,197,19437783.53,transactional_banking
E17,2025-03,FY2025,221,29613759.96,transactional_banking
E17,2025-04,FY2025,210,20628838.01,transactional_banking
E17,2025-05,FY2025,216,18552028.94,transactional_banking
E17,2025-06,FY2025,208,25672603.85,transactional_banking
E17,2025-07,FY2026,231,19723814.04,transactional_banking
E17,2025-08,FY2026,232,18118028.3,transactional_banking
E17,2025-09,FY2026,229,22978804.6,transactional_banking
E17,2025-10,FY2026,221,21896337.49,transactional_banking
E17,2025-11,FY2026,214,22348252.72,transactional_banking
E17,2025-12,FY2026,214,19083367.48,transactional_banking
E17,2026-01,FY2026,220,18048751.59,transactional_banking
E17,2026-02,FY2026,185,20945319.05,transactional_banking
E17,2026-03,FY2026,214,21806413.8,transactional_banking
E17,2026-04,FY2026,226,26933124.43,transactional_banking
E17,2026-05,FY2026,230,16330994.13,transactional_banking
E17,2026-06,FY2026,220,21367387.69,transactional_banking
E18,2023-07,FY2024,2867,337039702.09,transactional_banking
E18,2023-08,FY2024,2845,361741504.93,transactional_banking
E18,2023-09,FY2024,2751,336968629.0,transactional_banking
E18,2023-10,FY2024,2709,334861610.79,transactional_banking
E18,2023-11,FY2024,2714,335348026.12,transactional_banking
E18,2023-12,FY2024,2856,367759313.68,transactional_banking
E18,2024-01,FY2024,2869,361442840.14,transactional_banking
E18,2024-02,FY2024,2655,308192910.93,transactional_banking
E18,2024-03,FY2024,2804,341757808.58,transactional_banking
E18,2024-04,FY2024,2887,398875128.14,transactional_banking
E18,2024-05,FY2024,3125,399577280.87,transactional_banking
E18,2024-06,FY2024,2917,378603062.38,transactional_banking
E18,2024-07,FY2025,2997,361851335.52,transactional_banking
E18,2024-08,FY2025,2818,357494109.96999997,transactional_banking
E18,2024-09,FY2025,2786,351207158.64,transactional_banking
E18,2024-10,FY2025,3067,391922552.51,transactional_banking
E18,2024-11,FY2025,2843,356197559.71,transactional_banking
E18,2024-12,FY2025,2926,353803505.32,transactional_banking
E18,2025-01,FY2025,2887,388029320.17,transactional_banking
E18,2025-02,FY2025,2764,350550573.1,transactional_banking
E18,2025-03,FY2025,3054,374649748.52,transactional_banking
E18,2025-04,FY2025,2846,350119000.84,transactional_banking
E18,2025-05,FY2025,3034,365136917.08,transactional_banking
E18,2025-06,FY2025,2866,361360689.55,transactional_banking
E18,2025-07,FY2026,2971,349328856.85,transactional_banking
E18,2025-08,FY2026,2999,362369981.66,transactional_banking
E18,2025-09,FY2026,2954,355224284.47,transactional_banking
E18,2025-10,FY2026,3067,366618539.8,transactional_banking
E18,2025-11,FY2026,3088,374713526.59,transactional_banking
E18,2025-12,FY2026,3244,405769377.95,transactional_banking
E18,2026-01,FY2026,3346,416478160.53,transactional_banking
E18,2026-02,FY2026,3094,373456784.5,transactional_banking
E18,2026-03,FY2026,3510,426545854.94,transactional_banking
E18,2026-04,FY2026,3411,451931281.83,transactional_banking
E18,2026-05,FY2026,3586,439117716.61,transactional_banking
E18,2026-06,FY2026,3477,409344073.55,transactional_banking
E19,2023-07,FY2024,2837,241646285.58,transactional_banking
E19,2023-08,FY2024,2787,237625361.85,transactional_banking
E19,2023-09,FY2024,2717,235553997.34,transactional_banking
E19,2023-10,FY2024,2816,264284913.39,transactional_banking
E19,2023-11,FY2024,2761,298891871.08,transactional_banking
E19,2023-12,FY2024,2863,239114498.54,transactional_banking
E19,2024-01,FY2024,2846,240624221.11,transactional_banking
E19,2024-02,FY2024,2654,271363039.61,transactional_banking
E19,2024-03,FY2024,2865,278824160.62,transactional_banking
E19,2024-04,FY2024,2825,256060579.54,transactional_banking
E19,2024-05,FY2024,3075,270963248.66,transactional_banking
E19,2024-06,FY2024,2850,261304793.17,transactional_banking
E19,2024-07,FY2025,2888,276322200.8,transactional_banking
E19,2024-08,FY2025,2811,247309422.69,transactional_banking
E19,2024-09,FY2025,2738,233489935.35999998,transactional_banking
E19,2024-10,FY2025,3012,270736055.63,transactional_banking
E19,2024-11,FY2025,2881,277980866.71,transactional_banking
E19,2024-12,FY2025,2862,233782722.94,transactional_banking
E19,2025-01,FY2025,2973,246549307.89000002,transactional_banking
E19,2025-02,FY2025,2683,252939306.3,transactional_banking
E19,2025-03,FY2025,3004,276608979.52,transactional_banking
E19,2025-04,FY2025,2711,238079423.5,transactional_banking
E19,2025-05,FY2025,2900,251678921.23,transactional_banking
E19,2025-06,FY2025,2766,233787498.9,transactional_banking
E19,2025-07,FY2026,2938,265368260.56,transactional_banking
E19,2025-08,FY2026,3059,286730326.8,transactional_banking
E19,2025-09,FY2026,2872,260255553.69,transactional_banking
E19,2025-10,FY2026,3080,283110094.45,transactional_banking
E19,2025-11,FY2026,2909,276923567.75,transactional_banking
E19,2025-12,FY2026,3193,293860406.23,transactional_banking
E19,2026-01,FY2026,3356,315721057.91,transactional_banking
E19,2026-02,FY2026,3026,277321585.03,transactional_banking
E19,2026-03,FY2026,3457,334673660.04,transactional_banking
E19,2026-04,FY2026,3481,309324956.24,transactional_banking
E19,2026-05,FY2026,3596,335000756.12,transactional_banking
E19,2026-06,FY2026,3559,314070837.01,transactional_banking
E20,2023-07,FY2024,44,1589844.8800000001,transactional_banking
E20,2023-08,FY2024,49,1045153.47,transactional_banking
E20,2023-09,FY2024,42,1113381.41,transactional_banking
E20,2023-10,FY2024,38,951595.81,transactional_banking
E20,2023-11,FY2024,52,1645685.14,transactional_banking
E20,2023-12,FY2024,37,990570.73,transactional_banking
E20,2024-01,FY2024,42,1166619.1300000001,transactional_banking
E20,2024-02,FY2024,33,687095.36,transactional_banking
E20,2024-03,FY2024,30,765578.0,transactional_banking
E20,2024-04,FY2024,33,601660.16,transactional_banking
E20,2024-05,FY2024,45,1442693.35,transactional_banking
E20,2024-06,FY2024,35,890770.16,transactional_banking
E20,2024-07,FY2025,40,1235120.18,transactional_banking
E20,2024-08,FY2025,42,990988.71,transactional_banking
E20,2024-09,FY2025,43,956508.11,transactional_banking
E20,2024-10,FY2025,38,979487.53,transactional_banking
E20,2024-11,FY2025,39,1142049.72,transactional_banking
E20,2024-12,FY2025,40,1063268.25,transactional_banking
E20,2025-01,FY2025,37,893680.52,transactional_banking
E20,2025-02,FY2025,37,734740.45,transactional_banking
E20,2025-03,FY2025,51,1322672.84,transactional_banking
E20,2025-04,FY2025,41,1028424.95,transactional_banking
E20,2025-05,FY2025,40,1098663.15,transactional_banking
E20,2025-06,FY2025,35,933615.4299999999,transactional_banking
E20,2025-07,FY2026,30,600509.93,transactional_banking
E20,2025-08,FY2026,36,698899.71,transactional_banking
E20,2025-09,FY2026,48,1705399.25,transactional_banking
E20,2025-10,FY2026,40,1555353.6600000001,transactional_banking
E20,2025-11,FY2026,44,900837.04,transactional_banking
E20,2025-12,FY2026,43,578548.03,transactional_banking
E20,2026-01,FY2026,35,851909.43,transactional_banking
E20,2026-02,FY2026,34,992334.93,transactional_banking
E20,2026-03,FY2026,28,461903.53,transactional_banking
E20,2026-04,FY2026,42,1507738.98,transactional_banking
E20,2026-05,FY2026,34,734957.38,transactional_banking
E20,2026-06,FY2026,41,1458419.72,transactional_banking
E01,2023-07,FY2024,31,108219057.16,trade_finance
E01,2023-08,FY2024,38,75095466.12,trade_finance
E01,2023-09,FY2024,39,94146463.07000001,trade_finance
E01,2023-10,FY2024,32,102481229.48,trade_finance
E01,2023-11,FY2024,28,75662538.9,trade_finance
E01,2023-12,FY2024,34,105174936.92,trade_finance
E01,2024-01,FY2024,38,166755285.20000002,trade_finance
E01,2024-02,FY2024,34,101179339.41,trade_finance
E01,2024-03,FY2024,35,106334075.71000001,trade_finance
E01,2024-04,FY2024,29,98731355.71,trade_finance
E01,2024-05,FY2024,38,93997986.51,trade_finance
E01,2024-06,FY2024,42,76436404.84,trade_finance
E01,2024-07,FY2025,32,81575348.6,trade_finance
E01,2024-08,FY2025,32,112826780.15,trade_finance
E01,2024-09,FY2025,26,68222485.41,trade_finance
E01,2024-10,FY2025,35,92272227.24,trade_finance
E01,2024-11,FY2025,36,143087960.98,trade_finance
E01,2024-12,FY2025,40,112271761.5,trade_finance
E01,2025-01,FY2025,37,98054701.91,trade_finance
E01,2025-02,FY2025,37,101344086.4,trade_finance
E01,2025-03,FY2025,41,124492519.44,trade_finance
E01,2025-04,FY2025,29,90520941.3,trade_finance
E01,2025-05,FY2025,37,150936573.2,trade_finance
E01,2025-06,FY2025,36,103101020.96000001,trade_finance
E01,2025-07,FY2026,33,102541075.61,trade_finance
E01,2025-08,FY2026,34,120368286.28999999,trade_finance
E01,2025-09,FY2026,45,139879421.62,trade_finance
E01,2025-10,FY2026,30,125992958.0,trade_finance
E01,2025-11,FY2026,40,158928007.72,trade_finance
E01,2025-12,FY2026,34,112868042.12,trade_finance
E01,2026-01,FY2026,37,87724697.92,trade_finance
E01,2026-02,FY2026,38,112984795.02,trade_finance
E01,2026-03,FY2026,56,129479603.25,trade_finance
E01,2026-04,FY2026,46,122367304.74,trade_finance
E01,2026-05,FY2026,41,133273661.4,trade_finance
E01,2026-06,FY2026,37,98142264.46,trade_finance
E02,2023-07,FY2024,18,53451052.1,trade_finance
E02,2023-08,FY2024,19,68431493.62,trade_finance
E02,2023-09,FY2024,22,106136840.59,trade_finance
E02,2023-10,FY2024,16,36571537.47,trade_finance
E02,2023-11,FY2024,17,62372762.01,trade_finance
E02,2023-12,FY2024,17,161956903.58,trade_finance
E02,2024-01,FY2024,22,93997001.62,trade_finance
E02,2024-02,FY2024,20,71950268.2,trade_finance
E02,2024-03,FY2024,30,130964807.26,trade_finance
E02,2024-04,FY2024,24,83045795.5,trade_finance
E02,2024-05,FY2024,19,118188332.23,trade_finance
E02,2024-06,FY2024,26,92822061.14,trade_finance
E02,2024-07,FY2025,27,107684269.38,trade_finance
E02,2024-08,FY2025,27,110529492.02,trade_finance
E02,2024-09,FY2025,12,76114552.58,trade_finance
E02,2024-10,FY2025,19,101841917.77,trade_finance
E02,2024-11,FY2025,24,116334585.25,trade_finance
E02,2024-12,FY2025,13,59459257.96,trade_finance
E02,2025-01,FY2025,14,27397096.82,trade_finance
E02,2025-02,FY2025,14,85699462.39,trade_finance
E02,2025-03,FY2025,26,61136956.04,trade_finance
E02,2025-04,FY2025,25,79075042.59,trade_finance
E02,2025-05,FY2025,18,72999663.96,trade_finance
E02,2025-06,FY2025,26,68887583.71,trade_finance
E02,2025-07,FY2026,26,118369826.91,trade_finance
E02,2025-08,FY2026,13,74607817.1,trade_finance
E02,2025-09,FY2026,26,123078215.99000001,trade_finance
E02,2025-10,FY2026,22,112504339.5,trade_finance
E02,2025-11,FY2026,19,91965389.55,trade_finance
E02,2025-12,FY2026,21,113874478.53,trade_finance
E02,2026-01,FY2026,22,74191127.61,trade_finance
E02,2026-02,FY2026,11,39500983.91,trade_finance
E02,2026-03,FY2026,23,99442587.59,trade_finance
E02,2026-04,FY2026,19,71054629.1,trade_finance
E02,2026-05,FY2026,15,70329096.44,trade_finance
E02,2026-06,FY2026,25,96155083.62,trade_finance
E03,2023-07,FY2024,32,97212135.34,trade_finance
E03,2023-08,FY2024,44,69687372.31,trade_finance
E03,2023-09,FY2024,34,71110215.97,trade_finance
E03,2023-10,FY2024,39,87261552.2,trade_finance
E03,2023-11,FY2024,37,80200417.91,trade_finance
E03,2023-12,FY2024,38,60083746.32,trade_finance
E03,2024-01,FY2024,40,107629654.0,trade_finance
E03,2024-02,FY2024,21,31981597.51,trade_finance
E03,2024-03,FY2024,38,55245806.65,trade_finance
E03,2024-04,FY2024,31,58948202.03,trade_finance
E03,2024-05,FY2024,35,127586843.33,trade_finance
E03,2024-06,FY2024,35,66037675.53,trade_finance
E03,2024-07,FY2025,30,118620167.92,trade_finance
E03,2024-08,FY2025,30,46254400.11,trade_finance
E03,2024-09,FY2025,36,84972426.21,trade_finance
E03,2024-10,FY2025,30,77572309.57,trade_finance
E03,2024-11,FY2025,26,46131423.58,trade_finance
E03,2024-12,FY2025,29,56911089.43,trade_finance
E03,2025-01,FY2025,25,36889449.62,trade_finance
E03,2025-02,FY2025,20,40814150.85,trade_finance
E03,2025-03,FY2025,34,72760079.14,trade_finance
E03,2025-04,FY2025,27,85202929.1,trade_finance
E03,2025-05,FY2025,27,53747106.32,trade_finance
E03,2025-06,FY2025,16,72376132.16,trade_finance
E03,2025-07,FY2026,23,36075652.26,trade_finance
E03,2025-08,FY2026,21,41652700.97,trade_finance
E03,2025-09,FY2026,19,49356139.019999996,trade_finance
E03,2025-10,FY2026,22,49323197.43,trade_finance
E03,2025-11,FY2026,27,76442867.71,trade_finance
E03,2025-12,FY2026,26,44094215.29,trade_finance
E03,2026-01,FY2026,32,36317356.300000004,trade_finance
E03,2026-02,FY2026,23,56758071.199999996,trade_finance
E03,2026-03,FY2026,30,57123322.48,trade_finance
E03,2026-04,FY2026,26,92822234.52,trade_finance
E03,2026-05,FY2026,31,46396052.54,trade_finance
E03,2026-06,FY2026,25,45654817.86,trade_finance
E04,2023-07,FY2024,23,27217858.330000002,trade_finance
E04,2023-08,FY2024,30,37667510.76,trade_finance
E04,2023-09,FY2024,23,21881462.810000002,trade_finance
E04,2023-10,FY2024,24,38639659.21,trade_finance
E04,2023-11,FY2024,22,37825798.4,trade_finance
E04,2023-12,FY2024,22,40436129.82,trade_finance
E04,2024-01,FY2024,27,40640063.61,trade_finance
E04,2024-02,FY2024,21,37998052.41,trade_finance
E04,2024-03,FY2024,22,31767207.54,trade_finance
E04,2024-04,FY2024,24,37431394.72,trade_finance
E04,2024-05,FY2024,23,32504949.77,trade_finance
E04,2024-06,FY2024,22,49092683.79,trade_finance
E04,2024-07,FY2025,29,57420306.83,trade_finance
E04,2024-08,FY2025,39,77389859.17,trade_finance
E04,2024-09,FY2025,20,30481471.33,trade_finance
E04,2024-10,FY2025,25,51425215.36,trade_finance
E04,2024-11,FY2025,13,19584271.4,trade_finance
E04,2024-12,FY2025,23,25390045.490000002,trade_finance
E04,2025-01,FY2025,19,27904330.99,trade_finance
E04,2025-02,FY2025,19,29661450.82,trade_finance
E04,2025-03,FY2025,22,32576081.5,trade_finance
E04,2025-04,FY2025,23,44182409.38,trade_finance
E04,2025-05,FY2025,23,38194458.05,trade_finance
E04,2025-06,FY2025,19,13359141.59,trade_finance
E04,2025-07,FY2026,24,45466521.68,trade_finance
E04,2025-08,FY2026,24,45791216.79,trade_finance
E04,2025-09,FY2026,18,19822991.57,trade_finance
E04,2025-10,FY2026,25,39175673.75,trade_finance
E04,2025-11,FY2026,26,29678935.14,trade_finance
E04,2025-12,FY2026,22,53614519.660000004,trade_finance
E04,2026-01,FY2026,24,22229238.46,trade_finance
E04,2026-02,FY2026,23,44991792.22,trade_finance
E04,2026-03,FY2026,24,40114245.870000005,trade_finance
E04,2026-04,FY2026,25,43492412.92,trade_finance
E04,2026-05,FY2026,25,36357714.5,trade_finance
E04,2026-06,FY2026,45,94958592.93,trade_finance
E05,2023-07,FY2024,24,42674808.35,trade_finance
E05,2023-08,FY2024,23,44703067.97,trade_finance
E05,2023-09,FY2024,27,44949707.58,trade_finance
E05,2023-10,FY2024,22,24830313.48,trade_finance
E05,2023-11,FY2024,22,34008985.17,trade_finance
E05,2023-12,FY2024,27,43810615.74,trade_finance
E05,2024-01,FY2024,27,40339277.43,trade_finance
E05,2024-02,FY2024,21,71386868.39,trade_finance
E05,2024-03,FY2024,25,41303773.94,trade_finance
E05,2024-04,FY2024,24,69627780.92999999,trade_finance
E05,2024-05,FY2024,29,44928495.03,trade_finance
E05,2024-06,FY2024,27,45121654.99,trade_finance
E05,2024-07,FY2025,26,45718005.83,trade_finance
E05,2024-08,FY2025,21,37800691.9,trade_finance
E05,2024-09,FY2025,26,25404539.37,trade_finance
E05,2024-10,FY2025,32,49353448.96,trade_finance
E05,2024-11,FY2025,30,43341768.44,trade_finance
E05,2024-12,FY2025,14,22844370.58,trade_finance
E05,2025-01,FY2025,27,39704856.9,trade_finance
E05,2025-02,FY2025,16,16079901.370000001,trade_finance
E05,2025-03,FY2025,31,45640089.5,trade_finance
E05,2025-04,FY2025,26,51873118.17,trade_finance
E05,2025-05,FY2025,21,36684716.39,trade_finance
E05,2025-06,FY2025,22,23587183.490000002,trade_finance
E05,2025-07,FY2026,26,48511787.47,trade_finance
E05,2025-08,FY2026,15,25833191.6,trade_finance
E05,2025-09,FY2026,21,33378065.509999998,trade_finance
E05,2025-10,FY2026,32,67746411.86,trade_finance
E05,2025-11,FY2026,37,67370437.27,trade_finance
E05,2025-12,FY2026,25,69920890.84,trade_finance
E05,2026-01,FY2026,34,101116281.53,trade_finance
E05,2026-02,FY2026,23,35225283.89,trade_finance
E05,2026-03,FY2026,27,76345234.24,trade_finance
E05,2026-04,FY2026,35,64705893.91,trade_finance
E05,2026-05,FY2026,31,65246624.53,trade_finance
E05,2026-06,FY2026,35,39985649.2,trade_finance
E06,2023-07,FY2024,6,5211593.199999999,trade_finance
E06,2023-08,FY2024,5,7512234.99,trade_finance
E06,2023-09,FY2024,6,11169136.440000001,trade_finance
E06,2023-10,FY2024,4,2204861.94,trade_finance
E06,2023-11,FY2024,2,1935708.23,trade_finance
E06,2023-12,FY2024,5,11792896.27,trade_finance
E06,2024-01,FY2024,5,10642728.879999999,trade_finance
E06,2024-02,FY2024,2,4061870.3,trade_finance
E06,2024-03,FY2024,6,5774017.359999999,trade_finance
E06,2024-04,FY2024,8,8879378.79,trade_finance
E06,2024-05,FY2024,7,18868367.240000002,trade_finance
E06,2024-06,FY2024,3,4476279.16,trade_finance
E06,2024-07,FY2025,4,4251031.48,trade_finance
E06,2024-08,FY2025,4,7367252.109999999,trade_finance
E06,2024-09,FY2025,3,11092691.53,trade_finance
E06,2024-10,FY2025,6,14626216.86,trade_finance
E06,2024-11,FY2025,8,14977928.690000001,trade_finance
E06,2024-12,FY2025,14,26297474.05,trade_finance
E06,2025-01,FY2025,5,3265787.74,trade_finance
E06,2025-02,FY2025,8,14955106.229999999,trade_finance
E06,2025-03,FY2025,9,17446956.23,trade_finance
E06,2025-04,FY2025,4,1481152.5499999998,trade_finance
E06,2025-05,FY2025,7,6782977.180000001,trade_finance
E06,2025-06,FY2025,3,9065684.04,trade_finance
E06,2025-07,FY2026,9,14004104.8,trade_finance
E06,2025-08,FY2026,8,19169923.61,trade_finance
E06,2025-09,FY2026,4,5609590.12,trade_finance
E06,2025-11,FY2026,8,23808517.81,trade_finance
E06,2025-12,FY2026,5,9637794.489999998,trade_finance
E06,2026-01,FY2026,7,8786536.21,trade_finance
E06,2026-02,FY2026,8,12108071.85,trade_finance
E06,2026-03,FY2026,6,8318569.51,trade_finance
E06,2026-04,FY2026,5,3385371.27,trade_finance
E06,2026-05,FY2026,9,9887050.11,trade_finance
E06,2026-06,FY2026,1,662790.45,trade_finance
E07,2023-07,FY2024,4,6056969.2,trade_finance
E07,2023-08,FY2024,5,6698191.57,trade_finance
E07,2023-10,FY2024,2,774560.49,trade_finance
E07,2023-11,FY2024,5,4747748.23,trade_finance
E07,2023-12,FY2024,4,5854422.07,trade_finance
E07,2024-01,FY2024,4,2035660.25,trade_finance
E07,2024-02,FY2024,4,4015944.12,trade_finance
E07,2024-03,FY2024,4,1701250.0,trade_finance
E07,2024-04,FY2024,3,2456008.86,trade_finance
E07,2024-05,FY2024,3,1790101.69,trade_finance
E07,2024-06,FY2024,4,3473232.17,trade_finance
E07,2024-07,FY2025,9,7346571.46,trade_finance
E07,2024-08,FY2025,1,176387.49,trade_finance
E07,2024-09,FY2025,8,10042034.299999999,trade_finance
E07,2024-10,FY2025,5,2419459.91,trade_finance
E07,2024-11,FY2025,2,569446.9400000001,trade_finance
E07,2024-12,FY2025,8,23514736.86,trade_finance
E07,2025-01,FY2025,7,17324586.96,trade_finance
E07,2025-02,FY2025,2,766208.28,trade_finance
E07,2025-03,FY2025,2,1896498.06,trade_finance
E07,2025-04,FY2025,3,1821766.92,trade_finance
E07,2025-05,FY2025,10,9823288.02,trade_finance
E07,2025-06,FY2025,6,8424920.399999999,trade_finance
E07,2025-07,FY2026,7,5212348.98,trade_finance
E07,2025-08,FY2026,3,4272219.149999999,trade_finance
E07,2025-09,FY2026,2,809116.38,trade_finance
E07,2025-10,FY2026,6,3416028.33,trade_finance
E07,2025-11,FY2026,4,4512087.79,trade_finance
E07,2025-12,FY2026,6,4781155.390000001,trade_finance
E07,2026-01,FY2026,11,6209832.31,trade_finance
E07,2026-02,FY2026,6,5066884.7299999995,trade_finance
E07,2026-03,FY2026,11,13484570.18,trade_finance
E07,2026-04,FY2026,10,10857195.16,trade_finance
E07,2026-05,FY2026,14,16912900.81,trade_finance
E07,2026-06,FY2026,6,3073125.69,trade_finance
E08,2023-07,FY2024,13,25557742.900000002,trade_finance
E08,2023-08,FY2024,13,16766489.2,trade_finance
E08,2023-09,FY2024,12,10610917.83,trade_finance
E08,2023-10,FY2024,12,7912197.65,trade_finance
E08,2023-11,FY2024,11,20063669.36,trade_finance
E08,2023-12,FY2024,19,50866260.6,trade_finance
E08,2024-01,FY2024,13,20047758.830000002,trade_finance
E08,2024-02,FY2024,8,8584795.94,trade_finance
E08,2024-03,FY2024,5,7848141.899999999,trade_finance
E08,2024-04,FY2024,15,30887662.46,trade_finance
E08,2024-05,FY2024,8,24972287.37,trade_finance
E08,2024-06,FY2024,15,21275466.25,trade_finance
E08,2024-07,FY2025,14,14890308.26,trade_finance
E08,2024-08,FY2025,6,15325192.760000002,trade_finance
E08,2024-09,FY2025,12,10183998.78,trade_finance
E08,2024-10,FY2025,13,18167603.240000002,trade_finance
E08,2024-11,FY2025,11,13669051.93,trade_finance
E08,2024-12,FY2025,16,14465789.91,trade_finance
E08,2025-01,FY2025,8,12399249.629999999,trade_finance
E08,2025-02,FY2025,4,5320494.58,trade_finance
E08,2025-03,FY2025,10,27774790.41,trade_finance
E08,2025-04,FY2025,5,8744153.3,trade_finance
E08,2025-05,FY2025,9,25384245.85,trade_finance
E08,2025-06,FY2025,11,15972264.709999999,trade_finance
E08,2025-07,FY2026,8,14472957.1,trade_finance
E08,2025-08,FY2026,11,20099278.700000003,trade_finance
E08,2025-09,FY2026,5,11399019.15,trade_finance
E08,2025-10,FY2026,9,13297323.41,trade_finance
E08,2025-11,FY2026,8,4055028.06,trade_finance
E08,2025-12,FY2026,12,15794999.95,trade_finance
E08,2026-01,FY2026,7,15925631.469999999,trade_finance
E08,2026-02,FY2026,5,17283382.93,trade_finance
E08,2026-03,FY2026,12,21935668.46,trade_finance
E08,2026-04,FY2026,8,8647543.280000001,trade_finance
E08,2026-05,FY2026,8,4990295.02,trade_finance
E08,2026-06,FY2026,6,4435094.87,trade_finance
E09,2023-07,FY2024,63,90829143.07000001,trade_finance
E09,2023-08,FY2024,62,128534044.19,trade_finance
E09,2023-09,FY2024,54,77476061.67,trade_finance
E09,2023-10,FY2024,63,122068347.53,trade_finance
E09,2023-11,FY2024,48,81025632.23,trade_finance
E09,2023-12,FY2024,63,111545641.4,trade_finance
E09,2024-01,FY2024,58,129505449.97,trade_finance
E09,2024-02,FY2024,52,112180105.09,trade_finance
E09,2024-03,FY2024,65,91753726.04,trade_finance
E09,2024-04,FY2024,55,103143727.71,trade_finance
E09,2024-05,FY2024,55,89211046.63,trade_finance
E09,2024-06,FY2024,53,96021240.57000001,trade_finance
E09,2024-07,FY2025,62,109848950.74,trade_finance
E09,2024-08,FY2025,60,140861815.28,trade_finance
E09,2024-09,FY2025,52,148764626.89,trade_finance
E09,2024-10,FY2025,63,109317346.19,trade_finance
E09,2024-11,FY2025,51,88302898.71,trade_finance
E09,2024-12,FY2025,66,168500474.7,trade_finance
E09,2025-01,FY2025,63,91462495.48,trade_finance
E09,2025-02,FY2025,45,132129298.9,trade_finance
E09,2025-03,FY2025,56,95762370.17,trade_finance
E09,2025-04,FY2025,62,138906095.78,trade_finance
E09,2025-05,FY2025,50,141942065.53,trade_finance
E09,2025-06,FY2025,57,107233936.83,trade_finance
E09,2025-07,FY2026,65,116360678.64,trade_finance
E09,2025-08,FY2026,68,153519286.02,trade_finance
E09,2025-09,FY2026,58,115752249.2,trade_finance
E09,2025-10,FY2026,58,163971652.55,trade_finance
E09,2025-11,FY2026,59,119662305.54,trade_finance
E09,2025-12,FY2026,55,91819434.67999999,trade_finance
E09,2026-01,FY2026,78,175752723.81,trade_finance
E09,2026-02,FY2026,43,86707960.21,trade_finance
E09,2026-03,FY2026,54,102513373.98,trade_finance
E09,2026-04,FY2026,60,150544869.79,trade_finance
E09,2026-05,FY2026,64,133062168.83,trade_finance
E09,2026-06,FY2026,58,129423883.26,trade_finance
E10,2023-07,FY2024,58,76750504.96000001,trade_finance
E10,2023-08,FY2024,71,176036947.92000002,trade_finance
E10,2023-09,FY2024,66,137640333.6,trade_finance
E10,2023-10,FY2024,82,216050568.68,trade_finance
E10,2023-11,FY2024,75,129948747.8,trade_finance
E10,2023-12,FY2024,66,100116774.63,trade_finance
E10,2024-01,FY2024,84,148698772.16,trade_finance
E10,2024-02,FY2024,54,98765017.97,trade_finance
E10,2024-03,FY2024,70,145506032.1,trade_finance
E10,2024-04,FY2024,70,143866357.52,trade_finance
E10,2024-05,FY2024,70,128951885.52,trade_finance
E10,2024-06,FY2024,58,105413080.68,trade_finance
E10,2024-07,FY2025,73,139847351.99,trade_finance
E10,2024-08,FY2025,74,125456421.7,trade_finance
E10,2024-09,FY2025,77,296692721.09000003,trade_finance
E10,2024-10,FY2025,91,183853352.41,trade_finance
E10,2024-11,FY2025,72,109186550.94,trade_finance
E10,2024-12,FY2025,75,149703224.87,trade_finance
E10,2025-01,FY2025,76,143189839.77,trade_finance
E10,2025-02,FY2025,62,127959439.66,trade_finance
E10,2025-03,FY2025,105,217293708.76,trade_finance
E10,2025-04,FY2025,71,138036659.31,trade_finance
E10,2025-05,FY2025,86,146536733.57,trade_finance
E10,2025-06,FY2025,91,186443811.39000002,trade_finance
E10,2025-07,FY2026,79,191432498.25,trade_finance
E10,2025-08,FY2026,83,135030940.98,trade_finance
E10,2025-09,FY2026,77,192346790.02,trade_finance
E10,2025-10,FY2026,78,125329068.44,trade_finance
E10,2025-11,FY2026,92,176752063.32,trade_finance
E10,2025-12,FY2026,100,190431993.63,trade_finance
E10,2026-01,FY2026,79,129644991.67,trade_finance
E10,2026-02,FY2026,78,124769451.92,trade_finance
E10,2026-03,FY2026,93,161143136.79,trade_finance
E10,2026-04,FY2026,67,122601412.13,trade_finance
E10,2026-05,FY2026,69,170329200.45,trade_finance
E10,2026-06,FY2026,79,158887196.9,trade_finance
E11,2023-07,FY2024,92,130637841.38,trade_finance
E11,2023-08,FY2024,90,99264731.51,trade_finance
E11,2023-09,FY2024,92,126018313.13,trade_finance
E11,2023-10,FY2024,89,161514810.67,trade_finance
E11,2023-11,FY2024,86,96487836.34,trade_finance
E11,2023-12,FY2024,91,150151610.85,trade_finance
E11,2024-01,FY2024,94,108842007.02,trade_finance
E11,2024-02,FY2024,80,110699589.0,trade_finance
E11,2024-03,FY2024,88,167863140.82,trade_finance
E11,2024-04,FY2024,96,138082448.10999998,trade_finance
E11,2024-05,FY2024,82,109243209.95,trade_finance
E11,2024-06,FY2024,93,113478480.22,trade_finance
E11,2024-07,FY2025,72,86604687.65,trade_finance
E11,2024-08,FY2025,89,93317094.34,trade_finance
E11,2024-09,FY2025,69,116951270.75,trade_finance
E11,2024-10,FY2025,98,127647684.67999999,trade_finance
E11,2024-11,FY2025,80,125592238.29,trade_finance
E11,2024-12,FY2025,94,120681430.6,trade_finance
E11,2025-01,FY2025,85,167801881.84,trade_finance
E11,2025-02,FY2025,84,144584906.86,trade_finance
E11,2025-03,FY2025,85,147394346.97,trade_finance
E11,2025-04,FY2025,89,114156335.47,trade_finance
E11,2025-05,FY2025,86,169436571.92,trade_finance
E11,2025-06,FY2025,70,66754424.46,trade_finance
E11,2025-07,FY2026,94,116118345.11,trade_finance
E11,2025-08,FY2026,97,137571776.37,trade_finance
E11,2025-09,FY2026,89,141487954.79,trade_finance
E11,2025-10,FY2026,84,78747649.64,trade_finance
E11,2025-11,FY2026,91,139924541.27,trade_finance
E11,2025-12,FY2026,93,151600785.28,trade_finance
E11,2026-01,FY2026,82,113414823.16,trade_finance
E11,2026-02,FY2026,92,156694196.72,trade_finance
E11,2026-03,FY2026,102,132137952.25,trade_finance
E11,2026-04,FY2026,88,144552095.71,trade_finance
E11,2026-05,FY2026,84,114873693.13,trade_finance
E11,2026-06,FY2026,81,105953593.02,trade_finance
E12,2023-07,FY2024,4,4251634.42,trade_finance
E12,2023-08,FY2024,11,12604317.52,trade_finance
E12,2023-09,FY2024,7,8607661.54,trade_finance
E12,2023-10,FY2024,7,4909187.970000001,trade_finance
E12,2023-11,FY2024,7,8884515.39,trade_finance
E12,2023-12,FY2024,11,6593096.01,trade_finance
E12,2024-01,FY2024,5,6498728.7,trade_finance
E12,2024-02,FY2024,4,5296554.640000001,trade_finance
E12,2024-03,FY2024,6,5367464.279999999,trade_finance
E12,2024-04,FY2024,5,6771479.91,trade_finance
E12,2024-05,FY2024,7,1824277.72,trade_finance
E12,2024-06,FY2024,4,2482972.23,trade_finance
E12,2024-07,FY2025,10,29344502.240000002,trade_finance
E12,2024-08,FY2025,4,3402061.4699999997,trade_finance
E12,2024-09,FY2025,8,8919149.77,trade_finance
E12,2024-10,FY2025,5,5487051.68,trade_finance
E12,2024-11,FY2025,4,5782896.31,trade_finance
E12,2024-12,FY2025,7,7947945.41,trade_finance
E12,2025-01,FY2025,6,7131678.97,trade_finance
E12,2025-02,FY2025,3,1387391.29,trade_finance
E12,2025-03,FY2025,6,5194823.86,trade_finance
E12,2025-04,FY2025,3,9779199.719999999,trade_finance
E12,2025-05,FY2025,2,1888587.0999999999,trade_finance
E12,2025-06,FY2025,5,11485428.860000001,trade_finance
E12,2025-07,FY2026,6,11270218.6,trade_finance
E12,2025-09,FY2026,6,2968114.5,trade_finance
E12,2025-10,FY2026,6,4796068.07,trade_finance
E12,2025-11,FY2026,4,6698452.68,trade_finance
E12,2025-12,FY2026,6,3996382.69,trade_finance
E12,2026-01,FY2026,7,3841248.05,trade_finance
E12,2026-02,FY2026,3,6633219.4399999995,trade_finance
E12,2026-03,FY2026,8,11718498.65,trade_finance
E12,2026-04,FY2026,5,2352947.31,trade_finance
E12,2026-05,FY2026,3,2778225.42,trade_finance
E12,2026-06,FY2026,6,6814167.220000001,trade_finance
E13,2023-08,FY2024,1,271843.06,trade_finance
E13,2024-02,FY2024,1,170386.88,trade_finance
E13,2024-03,FY2024,1,47849.87,trade_finance
E13,2024-04,FY2024,1,305561.06,trade_finance
E13,2024-05,FY2024,1,417968.36,trade_finance
E13,2024-06,FY2024,1,298006.32,trade_finance
E13,2024-11,FY2025,2,1096062.92,trade_finance
E13,2024-12,FY2025,1,323240.11,trade_finance
E13,2025-01,FY2025,1,72123.76,trade_finance
E13,2025-04,FY2025,1,524650.79,trade_finance
E13,2025-05,FY2025,1,328606.99,trade_finance
E13,2025-07,FY2026,2,1770510.73,trade_finance
E13,2025-10,FY2026,2,652077.9,trade_finance
E13,2025-12,FY2026,1,448729.43,trade_finance
E13,2026-03,FY2026,1,309304.1,trade_finance
E13,2026-05,FY2026,1,318444.25,trade_finance
E13,2026-06,FY2026,1,405290.41,trade_finance
E14,2023-07,FY2024,2,1279867.04,trade_finance
E14,2023-08,FY2024,3,1395280.1099999999,trade_finance
E14,2023-09,FY2024,2,29693370.82,trade_finance
E14,2023-10,FY2024,3,6147943.970000001,trade_finance
E14,2023-12,FY2024,2,11458775.100000001,trade_finance
E14,2024-02,FY2024,1,1654298.5,trade_finance
E14,2024-06,FY2024,1,453186.23,trade_finance
E14,2024-07,FY2025,1,801196.59,trade_finance
E14,2024-08,FY2025,3,1267125.6,trade_finance
E14,2024-11,FY2025,3,11037427.370000001,trade_finance
E14,2025-02,FY2025,3,1022860.08,trade_finance
E14,2025-04,FY2025,1,606283.95,trade_finance
E14,2025-05,FY2025,2,1655475.1800000002,trade_finance
E14,2025-07,FY2026,2,6623625.55,trade_finance
E14,2025-08,FY2026,2,10759044.39,trade_finance
E14,2025-10,FY2026,3,2110613.0700000003,trade_finance
E14,2025-11,FY2026,2,6403511.68,trade_finance
E14,2026-01,FY2026,2,6479564.0600000005,trade_finance
E15,2023-07,FY2024,6,7544943.2,trade_finance
E15,2023-08,FY2024,1,8567247.05,trade_finance
E15,2023-09,FY2024,4,8844250.28,trade_finance
E15,2023-10,FY2024,1,168320.84,trade_finance
E15,2023-11,FY2024,7,4002284.62,trade_finance
E15,2023-12,FY2024,2,1822021.25,trade_finance
E15,2024-01,FY2024,1,217428.79,trade_finance
E15,2024-02,FY2024,2,656390.17,trade_finance
E15,2024-03,FY2024,2,1130661.78,trade_finance
E15,2024-04,FY2024,1,640516.26,trade_finance
E15,2024-05,FY2024,3,6175867.12,trade_finance
E15,2024-06,FY2024,2,6611508.86,trade_finance
E15,2024-07,FY2025,4,2491967.87,trade_finance
E15,2024-09,FY2025,1,525900.32,trade_finance
E15,2024-10,FY2025,5,3856051.9699999997,trade_finance
E15,2024-11,FY2025,4,4742924.949999999,trade_finance
E15,2024-12,FY2025,3,1418581.9699999997,trade_finance
E15,2025-01,FY2025,4,6963528.99,trade_finance
E15,2025-02,FY2025,1,153226.35,trade_finance
E15,2025-04,FY2025,1,1301818.26,trade_finance
E15,2025-05,FY2025,3,16736985.92,trade_finance
E15,2025-06,FY2025,2,2409222.24,trade_finance
E15,2025-07,FY2026,1,4186485.31,trade_finance
E15,2025-08,FY2026,1,998828.69,trade_finance
E15,2025-09,FY2026,7,8744544.5,trade_finance
E15,2025-10,FY2026,4,7254683.609999999,trade_finance
E15,2025-11,FY2026,3,2617493.28,trade_finance
E15,2025-12,FY2026,2,3503700.6900000004,trade_finance
E15,2026-02,FY2026,4,9452411.94,trade_finance
E15,2026-03,FY2026,1,2184401.49,trade_finance
E15,2026-04,FY2026,2,563302.3,trade_finance
E15,2026-05,FY2026,2,3280886.49,trade_finance
E15,2026-06,FY2026,1,2601603.1,trade_finance
E16,2023-07,FY2024,76,101286193.81,trade_finance
E16,2023-08,FY2024,92,133585230.42,trade_finance
E16,2023-09,FY2024,67,153559774.53,trade_finance
E16,2023-10,FY2024,82,182024452.79,trade_finance
E16,2023-11,FY2024,66,130640636.81,trade_finance
E16,2023-12,FY2024,65,143055040.11,trade_finance
E16,2024-01,FY2024,72,122281133.92,trade_finance
E16,2024-02,FY2024,55,110799854.62,trade_finance
E16,2024-03,FY2024,85,102310813.36,trade_finance
E16,2024-04,FY2024,47,77473572.88,trade_finance
E16,2024-05,FY2024,60,92852636.63,trade_finance
E16,2024-06,FY2024,68,118450416.37,trade_finance
E16,2024-07,FY2025,58,105164575.01,trade_finance
E16,2024-08,FY2025,75,145074662.55,trade_finance
E16,2024-09,FY2025,63,121477970.25,trade_finance
E16,2024-10,FY2025,74,104517497.12,trade_finance
E16,2024-11,FY2025,53,73910427.67,trade_finance
E16,2024-12,FY2025,70,95693065.97,trade_finance
E16,2025-01,FY2025,66,166180643.98,trade_finance
E16,2025-02,FY2025,66,168907588.14000002,trade_finance
E16,2025-03,FY2025,63,123990481.38,trade_finance
E16,2025-04,FY2025,58,130469409.74,trade_finance
E16,2025-05,FY2025,75,122196989.07000001,trade_finance
E16,2025-06,FY2025,73,134791642.88,trade_finance
E16,2025-07,FY2026,65,106865799.23,trade_finance
E16,2025-08,FY2026,70,153060860.60999998,trade_finance
E16,2025-09,FY2026,65,137408705.67,trade_finance
E16,2025-10,FY2026,61,117445398.97,trade_finance
E16,2025-11,FY2026,57,63460664.02,trade_finance
E16,2025-12,FY2026,60,111062255.54,trade_finance
E16,2026-01,FY2026,60,79267122.66,trade_finance
E16,2026-02,FY2026,60,115015604.16,trade_finance
E16,2026-03,FY2026,71,126791212.51,trade_finance
E16,2026-04,FY2026,72,136931378.01,trade_finance
E16,2026-05,FY2026,71,131766236.36,trade_finance
E16,2026-06,FY2026,72,164093923.23,trade_finance
E17,2023-07,FY2024,7,7791666.89,trade_finance
E17,2023-08,FY2024,8,10972844.219999999,trade_finance
E17,2023-09,FY2024,5,2934248.59,trade_finance
E17,2023-10,FY2024,10,35521700.18,trade_finance
E17,2023-11,FY2024,7,16102576.120000001,trade_finance
E17,2023-12,FY2024,3,7553178.1899999995,trade_finance
E17,2024-01,FY2024,8,16720087.57,trade_finance
E17,2024-02,FY2024,3,2723883.41,trade_finance
E17,2024-03,FY2024,8,16915366.46,trade_finance
E17,2024-04,FY2024,8,7244374.1,trade_finance
E17,2024-05,FY2024,11,8355569.45,trade_finance
E17,2024-06,FY2024,6,5325670.220000001,trade_finance
E17,2024-07,FY2025,5,6130944.09,trade_finance
E17,2024-08,FY2025,13,62249860.440000005,trade_finance
E17,2024-09,FY2025,8,15857181.24,trade_finance
E17,2024-10,FY2025,14,19085863.91,trade_finance
E17,2024-11,FY2025,10,15010737.56,trade_finance
E17,2024-12,FY2025,12,13939464.46,trade_finance
E17,2025-01,FY2025,6,11112051.67,trade_finance
E17,2025-02,FY2025,7,8048161.39,trade_finance
E17,2025-03,FY2025,9,13867178.370000001,trade_finance
E17,2025-04,FY2025,7,8781436.09,trade_finance
E17,2025-05,FY2025,8,7998982.15,trade_finance
E17,2025-06,FY2025,7,15477786.18,trade_finance
E17,2025-07,FY2026,16,33643391.5,trade_finance
E17,2025-08,FY2026,8,5106088.1899999995,trade_finance
E17,2025-09,FY2026,12,10953209.5,trade_finance
E17,2025-10,FY2026,12,11377999.11,trade_finance
E17,2025-11,FY2026,5,14109463.17,trade_finance
E17,2025-12,FY2026,8,9048010.13,trade_finance
E17,2026-01,FY2026,7,20305803.14,trade_finance
E17,2026-02,FY2026,10,15063372.89,trade_finance
E17,2026-03,FY2026,4,5230356.86,trade_finance
E17,2026-04,FY2026,10,24062227.69,trade_finance
E17,2026-05,FY2026,12,19306757.79,trade_finance
E17,2026-06,FY2026,9,12532193.86,trade_finance
E18,2023-07,FY2024,53,76849372.13,trade_finance
E18,2023-08,FY2024,59,113143658.52,trade_finance
E18,2023-09,FY2024,69,104309930.48,trade_finance
E18,2023-10,FY2024,54,70092917.17,trade_finance
E18,2023-11,FY2024,68,104564451.14999999,trade_finance
E18,2023-12,FY2024,57,84693883.34,trade_finance
E18,2024-01,FY2024,67,111395474.71,trade_finance
E18,2024-02,FY2024,60,81852026.78,trade_finance
E18,2024-03,FY2024,48,74847214.15,trade_finance
E18,2024-04,FY2024,64,96900876.2,trade_finance
E18,2024-05,FY2024,68,134879122.91,trade_finance
E18,2024-06,FY2024,81,106199470.65,trade_finance
E18,2024-07,FY2025,62,100765841.5,trade_finance
E18,2024-08,FY2025,58,110042086.45,trade_finance
E18,2024-09,FY2025,53,68751637.86,trade_finance
E18,2024-10,FY2025,66,115769830.75,trade_finance
E18,2024-11,FY2025,72,98469005.31,trade_finance
E18,2024-12,FY2025,59,90277728.96,trade_finance
E18,2025-01,FY2025,59,117756569.67,trade_finance
E18,2025-02,FY2025,62,115986141.57000001,trade_finance
E18,2025-03,FY2025,53,77002813.41,trade_finance
E18,2025-04,FY2025,46,61799016.7,trade_finance
E18,2025-05,FY2025,63,106216255.6,trade_finance
E18,2025-06,FY2025,63,86321809.27,trade_finance
E18,2025-07,FY2026,63,110173141.4,trade_finance
E18,2025-08,FY2026,62,173638609.51,trade_finance
E18,2025-09,FY2026,73,81939181.02,trade_finance
E18,2025-10,FY2026,75,111028617.22,trade_finance
E18,2025-11,FY2026,67,93125806.54,trade_finance
E18,2025-12,FY2026,62,80627040.98,trade_finance
E18,2026-01,FY2026,71,106446855.91,trade_finance
E18,2026-02,FY2026,62,79709824.89,trade_finance
E18,2026-03,FY2026,85,193964407.79999998,trade_finance
E18,2026-04,FY2026,77,120686467.7,trade_finance
E18,2026-05,FY2026,106,170574294.0,trade_finance
E18,2026-06,FY2026,75,142116538.55,trade_finance
E19,2023-07,FY2024,28,23772133.17,trade_finance
E19,2023-08,FY2024,29,32850932.62,trade_finance
E19,2023-09,FY2024,30,48957739.62,trade_finance
E19,2023-10,FY2024,30,27233590.6,trade_finance
E19,2023-11,FY2024,23,17805234.98,trade_finance
E19,2023-12,FY2024,32,32355925.0,trade_finance
E19,2024-01,FY2024,34,52785717.57,trade_finance
E19,2024-02,FY2024,32,27232174.7,trade_finance
E19,2024-03,FY2024,28,34405046.91,trade_finance
E19,2024-04,FY2024,36,34320896.9,trade_finance
E19,2024-05,FY2024,30,37172825.08,trade_finance
E19,2024-06,FY2024,24,25922815.82,trade_finance
E19,2024-07,FY2025,25,18638925.31,trade_finance
E19,2024-08,FY2025,19,18771368.39,trade_finance
E19,2024-09,FY2025,34,27513202.92,trade_finance
E19,2024-10,FY2025,28,26553905.349999998,trade_finance
E19,2024-11,FY2025,28,34693906.22,trade_finance
E19,2024-12,FY2025,39,41941775.33,trade_finance
E19,2025-01,FY2025,33,41738966.16,trade_finance
E19,2025-02,FY2025,26,28920891.560000002,trade_finance
E19,2025-03,FY2025,28,28953462.55,trade_finance
E19,2025-04,FY2025,34,44084794.23,trade_finance
E19,2025-05,FY2025,25,31102911.09,trade_finance
E19,2025-06,FY2025,26,26253385.77,trade_finance
E19,2025-07,FY2026,35,25235453.04,trade_finance
E19,2025-08,FY2026,35,46789196.65,trade_finance
E19,2025-09,FY2026,17,16329821.129999999,trade_finance
E19,2025-10,FY2026,28,37098080.93,trade_finance
E19,2025-11,FY2026,36,72711902.66,trade_finance
E19,2025-12,FY2026,38,34614451.730000004,trade_finance
E19,2026-01,FY2026,41,70217910.67,trade_finance
E19,2026-02,FY2026,46,58277931.28,trade_finance
E19,2026-03,FY2026,38,48624541.81,trade_finance
E19,2026-04,FY2026,37,44884712.19,trade_finance
E19,2026-05,FY2026,39,37090375.29,trade_finance
E19,2026-06,FY2026,36,40548339.18,trade_finance
E20,2023-07,FY2024,2,2484215.23,trade_finance
E20,2023-08,FY2024,2,898834.03,trade_finance
E20,2023-09,FY2024,1,643147.42,trade_finance
E20,2023-10,FY2024,2,191921.59,trade_finance
E20,2023-12,FY2024,1,356880.38,trade_finance
E20,2024-01,FY2024,1,259679.5,trade_finance
E20,2024-03,FY2024,2,4983560.87,trade_finance
E20,2024-05,FY2024,1,273018.16,trade_finance
E20,2024-11,FY2025,1,598583.83,trade_finance
E20,2024-12,FY2025,1,112597.01,trade_finance
E20,2025-01,FY2025,2,695361.87,trade_finance
E20,2025-02,FY2025,1,323272.7,trade_finance
E20,2025-04,FY2025,1,599375.4,trade_finance
E20,2025-07,FY2026,3,3832124.95,trade_finance
E20,2025-08,FY2026,3,182198.61000000002,trade_finance
E20,2025-12,FY2026,1,85518.7,trade_finance
E20,2026-01,FY2026,3,3747933.35,trade_finance
E20,2026-04,FY2026,1,423164.85,trade_finance
E20,2026-06,FY2026,1,69821.21,trade_finance
E01,2023-07,FY2024,182,156550882.24,cross_border_payments
E01,2023-08,FY2024,237,214156746.02,cross_border_payments
E01,2023-09,FY2024,211,172976583.23,cross_border_payments
E01,2023-10,FY2024,167,157715258.32,cross_border_payments
E01,2023-11,FY2024,221,172926641.3,cross_border_payments
E01,2023-12,FY2024,174,157435499.16,cross_border_payments
E01,2024-01,FY2024,194,194608029.65,cross_border_payments
E01,2024-02,FY2024,167,190443118.97,cross_border_payments
E01,2024-03,FY2024,203,180608273.2,cross_border_payments
E01,2024-04,FY2024,172,175564061.6,cross_border_payments
E01,2024-05,FY2024,197,165475875.65,cross_border_payments
E01,2024-06,FY2024,184,144799357.65,cross_border_payments
E01,2024-07,FY2025,179,138021625.41,cross_border_payments
E01,2024-08,FY2025,191,194789474.45,cross_border_payments
E01,2024-09,FY2025,200,174616836.71,cross_border_payments
E01,2024-10,FY2025,161,135048801.79,cross_border_payments
E01,2024-11,FY2025,207,156354534.59,cross_border_payments
E01,2024-12,FY2025,206,175933766.92,cross_border_payments
E01,2025-01,FY2025,230,224406287.99,cross_border_payments
E01,2025-02,FY2025,185,208550736.93,cross_border_payments
E01,2025-03,FY2025,163,141778939.48,cross_border_payments
E01,2025-04,FY2025,239,241253664.28,cross_border_payments
E01,2025-05,FY2025,253,214447598.91,cross_border_payments
E01,2025-06,FY2025,197,169261184.95,cross_border_payments
E01,2025-07,FY2026,178,164664195.97,cross_border_payments
E01,2025-08,FY2026,145,103293853.16,cross_border_payments
E01,2025-09,FY2026,191,147101956.82,cross_border_payments
E01,2025-10,FY2026,202,179121054.75,cross_border_payments
E01,2025-11,FY2026,159,172945105.47,cross_border_payments
E01,2025-12,FY2026,190,204681140.47,cross_border_payments
E01,2026-01,FY2026,200,221385135.53,cross_border_payments
E01,2026-02,FY2026,179,151205028.36,cross_border_payments
E01,2026-03,FY2026,249,224721301.81,cross_border_payments
E01,2026-04,FY2026,162,162091725.08,cross_border_payments
E01,2026-05,FY2026,174,148060869.73,cross_border_payments
E01,2026-06,FY2026,162,203584895.97,cross_border_payments
E02,2023-07,FY2024,126,194517396.69,cross_border_payments
E02,2023-08,FY2024,149,189102053.66,cross_border_payments
E02,2023-09,FY2024,129,216798651.52,cross_border_payments
E02,2023-10,FY2024,109,148505188.98,cross_border_payments
E02,2023-11,FY2024,119,218806797.42000002,cross_border_payments
E02,2023-12,FY2024,110,236071066.88,cross_border_payments
E02,2024-01,FY2024,98,126788430.12,cross_border_payments
E02,2024-02,FY2024,114,141815991.15,cross_border_payments
E02,2024-03,FY2024,120,232197373.94,cross_border_payments
E02,2024-04,FY2024,110,185232451.38,cross_border_payments
E02,2024-05,FY2024,157,288919297.79,cross_border_payments
E02,2024-06,FY2024,113,198394891.1,cross_border_payments
E02,2024-07,FY2025,124,186189972.52,cross_border_payments
E02,2024-08,FY2025,115,159725607.94,cross_border_payments
E02,2024-09,FY2025,132,171046081.8,cross_border_payments
E02,2024-10,FY2025,112,157060967.60999998,cross_border_payments
E02,2024-11,FY2025,148,226743657.85,cross_border_payments
E02,2024-12,FY2025,136,223008471.14,cross_border_payments
E02,2025-01,FY2025,144,239481496.0,cross_border_payments
E02,2025-02,FY2025,110,143381295.87,cross_border_payments
E02,2025-03,FY2025,121,196478420.93,cross_border_payments
E02,2025-04,FY2025,151,248184895.18,cross_border_payments
E02,2025-05,FY2025,162,300072166.77,cross_border_payments
E02,2025-06,FY2025,126,158584385.34,cross_border_payments
E02,2025-07,FY2026,103,151086265.29,cross_border_payments
E02,2025-08,FY2026,117,163768175.06,cross_border_payments
E02,2025-09,FY2026,128,246692148.91000003,cross_border_payments
E02,2025-10,FY2026,129,222876696.32,cross_border_payments
E02,2025-11,FY2026,87,133787416.9,cross_border_payments
E02,2025-12,FY2026,130,205650480.28,cross_border_payments
E02,2026-01,FY2026,142,211888295.37,cross_border_payments
E02,2026-02,FY2026,113,135450711.53,cross_border_payments
E02,2026-03,FY2026,171,271342433.48,cross_border_payments
E02,2026-04,FY2026,125,248470297.05,cross_border_payments
E02,2026-05,FY2026,102,154541483.14,cross_border_payments
E02,2026-06,FY2026,117,178371922.95,cross_border_payments
E03,2023-07,FY2024,242,182278289.83,cross_border_payments
E03,2023-08,FY2024,218,154171374.59,cross_border_payments
E03,2023-09,FY2024,211,141583641.53,cross_border_payments
E03,2023-10,FY2024,203,136008488.69,cross_border_payments
E03,2023-11,FY2024,204,123615380.5,cross_border_payments
E03,2023-12,FY2024,175,120660647.44,cross_border_payments
E03,2024-01,FY2024,206,231820037.54999998,cross_border_payments
E03,2024-02,FY2024,194,141305631.51,cross_border_payments
E03,2024-03,FY2024,184,111135873.82000001,cross_border_payments
E03,2024-04,FY2024,166,114357378.28999999,cross_border_payments
E03,2024-05,FY2024,216,154216983.29,cross_border_payments
E03,2024-06,FY2024,139,127165229.53,cross_border_payments
E03,2024-07,FY2025,177,114945189.3,cross_border_payments
E03,2024-08,FY2025,174,121299917.72,cross_border_payments
E03,2024-09,FY2025,191,128104794.72,cross_border_payments
E03,2024-10,FY2025,160,122508066.67,cross_border_payments
E03,2024-11,FY2025,192,116148874.68,cross_border_payments
E03,2024-12,FY2025,168,97242732.3,cross_border_payments
E03,2025-01,FY2025,187,108226968.89,cross_border_payments
E03,2025-02,FY2025,150,88985183.8,cross_border_payments
E03,2025-03,FY2025,169,117945040.58,cross_border_payments
E03,2025-04,FY2025,162,132928456.52,cross_border_payments
E03,2025-05,FY2025,157,103886934.54,cross_border_payments
E03,2025-06,FY2025,151,97058467.7,cross_border_payments
E03,2025-07,FY2026,128,93869210.1,cross_border_payments
E03,2025-08,FY2026,105,61624184.34,cross_border_payments
E03,2025-09,FY2026,161,106013173.97,cross_border_payments
E03,2025-10,FY2026,147,105891569.11,cross_border_payments
E03,2025-11,FY2026,117,94471059.2,cross_border_payments
E03,2025-12,FY2026,144,94627997.84,cross_border_payments
E03,2026-01,FY2026,144,86788914.11,cross_border_payments
E03,2026-02,FY2026,119,70967477.72,cross_border_payments
E03,2026-03,FY2026,119,85439583.77,cross_border_payments
E03,2026-04,FY2026,99,51919385.63,cross_border_payments
E03,2026-05,FY2026,84,58440341.6,cross_border_payments
E03,2026-06,FY2026,100,86326013.00999999,cross_border_payments
E04,2023-07,FY2024,149,70829300.21,cross_border_payments
E04,2023-08,FY2024,156,76736877.19,cross_border_payments
E04,2023-09,FY2024,111,79841381.85,cross_border_payments
E04,2023-10,FY2024,114,67112728.17999999,cross_border_payments
E04,2023-11,FY2024,159,69651960.58,cross_border_payments
E04,2023-12,FY2024,116,54024185.74,cross_border_payments
E04,2024-01,FY2024,122,74676804.87,cross_border_payments
E04,2024-02,FY2024,104,56709600.04,cross_border_payments
E04,2024-03,FY2024,129,90872566.12,cross_border_payments
E04,2024-04,FY2024,115,70097422.09,cross_border_payments
E04,2024-05,FY2024,150,78575224.36,cross_border_payments
E04,2024-06,FY2024,90,65528724.14,cross_border_payments
E04,2024-07,FY2025,115,58365299.18,cross_border_payments
E04,2024-08,FY2025,131,74833443.59,cross_border_payments
E04,2024-09,FY2025,146,85020152.35,cross_border_payments
E04,2024-10,FY2025,116,49397918.0,cross_border_payments
E04,2024-11,FY2025,133,73185932.35,cross_border_payments
E04,2024-12,FY2025,132,72482933.99,cross_border_payments
E04,2025-01,FY2025,140,76472857.69,cross_border_payments
E04,2025-02,FY2025,111,83140407.75,cross_border_payments
E04,2025-03,FY2025,142,85469800.33,cross_border_payments
E04,2025-04,FY2025,152,72361128.38,cross_border_payments
E04,2025-05,FY2025,144,73374463.15,cross_border_payments
E04,2025-06,FY2025,135,88686715.24,cross_border_payments
E04,2025-07,FY2026,113,61923091.71,cross_border_payments
E04,2025-08,FY2026,127,87112711.65,cross_border_payments
E04,2025-09,FY2026,139,82306293.16,cross_border_payments
E04,2025-10,FY2026,135,65922483.51,cross_border_payments
E04,2025-11,FY2026,101,61693324.44,cross_border_payments
E04,2025-12,FY2026,118,62744126.0,cross_border_payments
E04,2026-01,FY2026,156,81194572.31,cross_border_payments
E04,2026-02,FY2026,127,69756927.73,cross_border_payments
E04,2026-03,FY2026,167,98850508.95,cross_border_payments
E04,2026-04,FY2026,114,55644935.17,cross_border_payments
E04,2026-05,FY2026,117,66942730.51,cross_border_payments
E04,2026-06,FY2026,113,54400989.92,cross_border_payments
E05,2023-07,FY2024,157,110564673.01,cross_border_payments
E05,2023-08,FY2024,173,88020713.82,cross_border_payments
E05,2023-09,FY2024,131,99941454.09,cross_border_payments
E05,2023-10,FY2024,120,75645443.26,cross_border_payments
E05,2023-11,FY2024,162,112876514.73,cross_border_payments
E05,2023-12,FY2024,130,64637857.13,cross_border_payments
E05,2024-01,FY2024,136,98135520.24,cross_border_payments
E05,2024-02,FY2024,136,81850946.75,cross_border_payments
E05,2024-03,FY2024,133,61999530.98,cross_border_payments
E05,2024-04,FY2024,131,64201743.33,cross_border_payments
E05,2024-05,FY2024,144,60064702.11,cross_border_payments
E05,2024-06,FY2024,122,55460905.15,cross_border_payments
E05,2024-07,FY2025,126,64163522.03,cross_border_payments
E05,2024-08,FY2025,131,56974427.58,cross_border_payments
E05,2024-09,FY2025,161,76736896.58,cross_border_payments
E05,2024-10,FY2025,121,64187223.37,cross_border_payments
E05,2024-11,FY2025,145,85831930.17,cross_border_payments
E05,2024-12,FY2025,139,87214073.19,cross_border_payments
E05,2025-01,FY2025,165,112867304.7,cross_border_payments
E05,2025-02,FY2025,128,72857091.89,cross_border_payments
E05,2025-03,FY2025,145,91579965.75,cross_border_payments
E05,2025-04,FY2025,143,71547323.39,cross_border_payments
E05,2025-05,FY2025,161,99527931.91,cross_border_payments
E05,2025-06,FY2025,141,64607933.97,cross_border_payments
E05,2025-07,FY2026,143,78753387.15,cross_border_payments
E05,2025-08,FY2026,157,79050906.26,cross_border_payments
E05,2025-09,FY2026,143,77742201.21,cross_border_payments
E05,2025-10,FY2026,129,69472949.43,cross_border_payments
E05,2025-11,FY2026,115,58284182.4,cross_border_payments
E05,2025-12,FY2026,146,87594165.31,cross_border_payments
E05,2026-01,FY2026,146,61216456.95,cross_border_payments
E05,2026-02,FY2026,123,67171488.87,cross_border_payments
E05,2026-03,FY2026,190,106881689.01,cross_border_payments
E05,2026-04,FY2026,133,57062167.04,cross_border_payments
E05,2026-05,FY2026,141,81942942.4,cross_border_payments
E05,2026-06,FY2026,122,74578242.13,cross_border_payments
E06,2023-07,FY2024,35,17193211.57,cross_border_payments
E06,2023-08,FY2024,28,19188532.38,cross_border_payments
E06,2023-09,FY2024,22,8115667.47,cross_border_payments
E06,2023-10,FY2024,32,9714904.94,cross_border_payments
E06,2023-11,FY2024,36,16695617.799999999,cross_border_payments
E06,2023-12,FY2024,20,9275730.24,cross_border_payments
E06,2024-01,FY2024,34,12453106.93,cross_border_payments
E06,2024-02,FY2024,29,12404759.07,cross_border_payments
E06,2024-03,FY2024,30,14634461.65,cross_border_payments
E06,2024-04,FY2024,27,16022026.99,cross_border_payments
E06,2024-05,FY2024,43,21458338.7,cross_border_payments
E06,2024-06,FY2024,27,17003145.53,cross_border_payments
E06,2024-07,FY2025,33,16150919.63,cross_border_payments
E06,2024-08,FY2025,24,12028452.33,cross_border_payments
E06,2024-09,FY2025,22,5924371.63,cross_border_payments
E06,2024-10,FY2025,23,14804030.0,cross_border_payments
E06,2024-11,FY2025,25,8913874.69,cross_border_payments
E06,2024-12,FY2025,27,11641789.14,cross_border_payments
E06,2025-01,FY2025,25,16186811.33,cross_border_payments
E06,2025-02,FY2025,27,19646098.169999998,cross_border_payments
E06,2025-03,FY2025,30,22998577.57,cross_border_payments
E06,2025-04,FY2025,40,22754144.39,cross_border_payments
E06,2025-05,FY2025,53,26369375.19,cross_border_payments
E06,2025-06,FY2025,34,15374285.99,cross_border_payments
E06,2025-07,FY2026,37,16917022.14,cross_border_payments
E06,2025-08,FY2026,29,15616667.84,cross_border_payments
E06,2025-09,FY2026,30,8321387.84,cross_border_payments
E06,2025-10,FY2026,32,12179496.0,cross_border_payments
E06,2025-11,FY2026,22,11580565.83,cross_border_payments
E06,2025-12,FY2026,29,17852676.68,cross_border_payments
E06,2026-01,FY2026,48,27851039.57,cross_border_payments
E06,2026-02,FY2026,33,15513476.06,cross_border_payments
E06,2026-03,FY2026,44,26005790.22,cross_border_payments
E06,2026-04,FY2026,21,7128434.26,cross_border_payments
E06,2026-05,FY2026,26,28637131.270000003,cross_border_payments
E06,2026-06,FY2026,29,14907853.17,cross_border_payments
E07,2023-07,FY2024,85,22050441.84,cross_border_payments
E07,2023-08,FY2024,112,38680101.89,cross_border_payments
E07,2023-09,FY2024,94,31626768.27,cross_border_payments
E07,2023-10,FY2024,97,26906496.64,cross_border_payments
E07,2023-11,FY2024,118,39495215.18,cross_border_payments
E07,2023-12,FY2024,97,36264335.8,cross_border_payments
E07,2024-01,FY2024,125,38018907.55,cross_border_payments
E07,2024-02,FY2024,102,26545006.46,cross_border_payments
E07,2024-03,FY2024,141,47220814.39,cross_border_payments
E07,2024-04,FY2024,98,23098635.63,cross_border_payments
E07,2024-05,FY2024,153,46984219.31,cross_border_payments
E07,2024-06,FY2024,129,37250862.13,cross_border_payments
E07,2024-07,FY2025,168,53436527.99,cross_border_payments
E07,2024-08,FY2025,151,49068763.85,cross_border_payments
E07,2024-09,FY2025,156,56057609.42,cross_border_payments
E07,2024-10,FY2025,151,47396534.39,cross_border_payments
E07,2024-11,FY2025,186,58510252.94,cross_border_payments
E07,2024-12,FY2025,193,62124692.74,cross_border_payments
E07,2025-01,FY2025,273,94738049.9,cross_border_payments
E07,2025-02,FY2025,182,59891329.23,cross_border_payments
E07,2025-03,FY2025,232,79298310.97,cross_border_payments
E07,2025-04,FY2025,284,98009638.45,cross_border_payments
E07,2025-05,FY2025,261,97105651.68,cross_border_payments
E07,2025-06,FY2025,212,73361253.72,cross_border_payments
E07,2025-07,FY2026,203,70075329.46,cross_border_payments
E07,2025-08,FY2026,199,69026709.25,cross_border_payments
E07,2025-09,FY2026,261,94653561.97,cross_border_payments
E07,2025-10,FY2026,222,73918631.91,cross_border_payments
E07,2025-11,FY2026,244,83249408.23,cross_border_payments
E07,2025-12,FY2026,305,136577813.9,cross_border_payments
E07,2026-01,FY2026,323,108498769.58,cross_border_payments
E07,2026-02,FY2026,256,86764595.25,cross_border_payments
E07,2026-03,FY2026,396,130024745.73,cross_border_payments
E07,2026-04,FY2026,261,89789067.75,cross_border_payments
E07,2026-05,FY2026,297,108217458.3,cross_border_payments
E07,2026-06,FY2026,267,86020684.88,cross_border_payments
E08,2023-07,FY2024,551,237207760.21,cross_border_payments
E08,2023-08,FY2024,596,313240371.85,cross_border_payments
E08,2023-09,FY2024,489,249738599.02,cross_border_payments
E08,2023-10,FY2024,425,221154445.17,cross_border_payments
E08,2023-11,FY2024,503,245279444.19,cross_border_payments
E08,2023-12,FY2024,390,206385917.43,cross_border_payments
E08,2024-01,FY2024,484,245575494.51,cross_border_payments
E08,2024-02,FY2024,444,228894572.28,cross_border_payments
E08,2024-03,FY2024,421,246626964.21,cross_border_payments
E08,2024-04,FY2024,419,211976931.06,cross_border_payments
E08,2024-05,FY2024,498,254295966.3,cross_border_payments
E08,2024-06,FY2024,382,191180588.3,cross_border_payments
E08,2024-07,FY2025,453,243014948.0,cross_border_payments
E08,2024-08,FY2025,408,215329986.69,cross_border_payments
E08,2024-09,FY2025,496,289843121.1,cross_border_payments
E08,2024-10,FY2025,388,204009191.64000002,cross_border_payments
E08,2024-11,FY2025,452,224716200.93,cross_border_payments
E08,2024-12,FY2025,446,217081918.76,cross_border_payments
E08,2025-01,FY2025,522,264043751.03,cross_border_payments
E08,2025-02,FY2025,380,169022106.22,cross_border_payments
E08,2025-03,FY2025,418,225481346.78,cross_border_payments
E08,2025-04,FY2025,528,266787365.7,cross_border_payments
E08,2025-05,FY2025,556,293909532.44,cross_border_payments
E08,2025-06,FY2025,419,212002217.95,cross_border_payments
E08,2025-07,FY2026,387,222941497.03,cross_border_payments
E08,2025-08,FY2026,390,220143932.57,cross_border_payments
E08,2025-09,FY2026,421,232699742.31,cross_border_payments
E08,2025-10,FY2026,426,196525905.72,cross_border_payments
E08,2025-11,FY2026,375,190515251.23,cross_border_payments
E08,2025-12,FY2026,468,245469455.32999998,cross_border_payments
E08,2026-01,FY2026,466,280625768.94,cross_border_payments
E08,2026-02,FY2026,348,191336807.75,cross_border_payments
E08,2026-03,FY2026,519,276416320.05,cross_border_payments
E08,2026-04,FY2026,416,214387380.21,cross_border_payments
E08,2026-05,FY2026,368,181817696.07,cross_border_payments
E08,2026-06,FY2026,356,212010506.68,cross_border_payments
E09,2023-07,FY2024,473,279938944.0,cross_border_payments
E09,2023-08,FY2024,468,309418528.7,cross_border_payments
E09,2023-09,FY2024,437,323350048.1,cross_border_payments
E09,2023-10,FY2024,388,233864006.51,cross_border_payments
E09,2023-11,FY2024,489,306723999.67,cross_border_payments
E09,2023-12,FY2024,381,248453498.05,cross_border_payments
E09,2024-01,FY2024,383,286775647.48,cross_border_payments
E09,2024-02,FY2024,406,274618346.16,cross_border_payments
E09,2024-03,FY2024,424,259569035.53,cross_border_payments
E09,2024-04,FY2024,385,221532074.93,cross_border_payments
E09,2024-05,FY2024,460,305072574.74,cross_border_payments
E09,2024-06,FY2024,420,256683607.19,cross_border_payments
E09,2024-07,FY2025,419,335367649.8,cross_border_payments
E09,2024-08,FY2025,411,235162818.94,cross_border_payments
E09,2024-09,FY2025,452,257009833.74,cross_border_payments
E09,2024-10,FY2025,407,273022229.91,cross_border_payments
E09,2024-11,FY2025,479,269337508.82,cross_border_payments
E09,2024-12,FY2025,477,279286945.05,cross_border_payments
E09,2025-01,FY2025,520,323275805.89,cross_border_payments
E09,2025-02,FY2025,381,249063201.87,cross_border_payments
E09,2025-03,FY2025,436,336486148.42,cross_border_payments
E09,2025-04,FY2025,498,310657381.33,cross_border_payments
E09,2025-05,FY2025,590,346250442.99,cross_border_payments
E09,2025-06,FY2025,441,242957875.54,cross_border_payments
E09,2025-07,FY2026,432,266518751.91,cross_border_payments
E09,2025-08,FY2026,391,255249371.93,cross_border_payments
E09,2025-09,FY2026,416,275768773.44,cross_border_payments
E09,2025-10,FY2026,432,284017385.17,cross_border_payments
E09,2025-11,FY2026,379,230564313.1,cross_border_payments
E09,2025-12,FY2026,485,339893970.37,cross_border_payments
E09,2026-01,FY2026,467,277778001.1,cross_border_payments
E09,2026-02,FY2026,428,287799591.91,cross_border_payments
E09,2026-03,FY2026,564,389941768.64,cross_border_payments
E09,2026-04,FY2026,405,281528609.28,cross_border_payments
E09,2026-05,FY2026,404,227139378.55,cross_border_payments
E09,2026-06,FY2026,378,240017895.39000002,cross_border_payments
E10,2023-07,FY2024,491,286490435.31,cross_border_payments
E10,2023-08,FY2024,566,359387926.99,cross_border_payments
E10,2023-09,FY2024,482,281838862.47,cross_border_payments
E10,2023-10,FY2024,478,305393651.66,cross_border_payments
E10,2023-11,FY2024,553,382025293.14,cross_border_payments
E10,2023-12,FY2024,486,312039616.53,cross_border_payments
E10,2024-01,FY2024,524,310596684.39,cross_border_payments
E10,2024-02,FY2024,462,276056112.93,cross_border_payments
E10,2024-03,FY2024,572,366310847.29,cross_border_payments
E10,2024-04,FY2024,526,324228736.73,cross_border_payments
E10,2024-05,FY2024,622,403376914.09,cross_border_payments
E10,2024-06,FY2024,539,356980791.5,cross_border_payments
E10,2024-07,FY2025,592,373218662.53,cross_border_payments
E10,2024-08,FY2025,605,347750607.55,cross_border_payments
E10,2024-09,FY2025,676,463797815.64,cross_border_payments
E10,2024-10,FY2025,549,356181927.05,cross_border_payments
E10,2024-11,FY2025,716,463668296.43,cross_border_payments
E10,2024-12,FY2025,682,394586091.94,cross_border_payments
E10,2025-01,FY2025,769,437785541.21,cross_border_payments
E10,2025-02,FY2025,627,410088624.85,cross_border_payments
E10,2025-03,FY2025,677,430698362.31,cross_border_payments
E10,2025-04,FY2025,791,510514104.1,cross_border_payments
E10,2025-05,FY2025,941,578999604.58,cross_border_payments
E10,2025-06,FY2025,702,414017678.94,cross_border_payments
E10,2025-07,FY2026,691,417968486.12,cross_border_payments
E10,2025-08,FY2026,710,450099274.15,cross_border_payments
E10,2025-09,FY2026,780,472443977.06,cross_border_payments
E10,2025-10,FY2026,762,479947192.85,cross_border_payments
E10,2025-11,FY2026,713,517733024.85,cross_border_payments
E10,2025-12,FY2026,885,565522559.32,cross_border_payments
E10,2026-01,FY2026,927,570899125.13,cross_border_payments
E10,2026-02,FY2026,790,471956325.46,cross_border_payments
E10,2026-03,FY2026,1076,667544438.7,cross_border_payments
E10,2026-04,FY2026,872,573569504.52,cross_border_payments
E10,2026-05,FY2026,845,503844994.97,cross_border_payments
E10,2026-06,FY2026,761,474072251.14,cross_border_payments
E11,2023-07,FY2024,1346,595048639.52,cross_border_payments
E11,2023-08,FY2024,1316,601894423.4,cross_border_payments
E11,2023-09,FY2024,1161,540212970.77,cross_border_payments
E11,2023-10,FY2024,1088,518453485.74,cross_border_payments
E11,2023-11,FY2024,1274,555810787.42,cross_border_payments
E11,2023-12,FY2024,1071,484616456.35,cross_border_payments
E11,2024-01,FY2024,1149,506879749.49,cross_border_payments
E11,2024-02,FY2024,1069,469971168.93,cross_border_payments
E11,2024-03,FY2024,1124,559195210.61,cross_border_payments
E11,2024-04,FY2024,1005,465589262.78000003,cross_border_payments
E11,2024-05,FY2024,1347,576128764.64,cross_border_payments
E11,2024-06,FY2024,1025,493630954.5,cross_border_payments
E11,2024-07,FY2025,1187,556675734.28,cross_border_payments
E11,2024-08,FY2025,1126,568489442.31,cross_border_payments
E11,2024-09,FY2025,1207,613329807.69,cross_border_payments
E11,2024-10,FY2025,1064,527656388.55,cross_border_payments
E11,2024-11,FY2025,1322,618072173.24,cross_border_payments
E11,2024-12,FY2025,1217,604502126.79,cross_border_payments
E11,2025-01,FY2025,1360,612590582.85,cross_border_payments
E11,2025-02,FY2025,1079,480292952.27,cross_border_payments
E11,2025-03,FY2025,1149,539993078.12,cross_border_payments
E11,2025-04,FY2025,1331,607950436.8,cross_border_payments
E11,2025-05,FY2025,1467,683860634.53,cross_border_payments
E11,2025-06,FY2025,1192,557505712.25,cross_border_payments
E11,2025-07,FY2026,1160,501691090.23,cross_border_payments
E11,2025-08,FY2026,1092,516179416.09,cross_border_payments
E11,2025-09,FY2026,1159,569973891.36,cross_border_payments
E11,2025-10,FY2026,1140,523600670.65,cross_border_payments
E11,2025-11,FY2026,1054,493504821.45,cross_border_payments
E11,2025-12,FY2026,1352,599592408.21,cross_border_payments
E11,2026-01,FY2026,1437,639477217.38,cross_border_payments
E11,2026-02,FY2026,1071,490491495.86,cross_border_payments
E11,2026-03,FY2026,1419,698289367.05,cross_border_payments
E11,2026-04,FY2026,1080,497320262.8,cross_border_payments
E11,2026-05,FY2026,1107,555694372.68,cross_border_payments
E11,2026-06,FY2026,1131,569705126.16,cross_border_payments
E12,2023-07,FY2024,279,108705213.82000001,cross_border_payments
E12,2023-08,FY2024,257,108802895.59,cross_border_payments
E12,2023-09,FY2024,214,82746937.94,cross_border_payments
E12,2023-10,FY2024,193,69677017.99,cross_border_payments
E12,2023-11,FY2024,257,121068477.35,cross_border_payments
E12,2023-12,FY2024,204,88378702.92,cross_border_payments
E12,2024-01,FY2024,204,79048266.1,cross_border_payments
E12,2024-02,FY2024,184,59147842.25,cross_border_payments
E12,2024-03,FY2024,204,79135534.29,cross_border_payments
E12,2024-04,FY2024,197,79427987.02,cross_border_payments
E12,2024-05,FY2024,248,82486813.11,cross_border_payments
E12,2024-06,FY2024,173,54532974.36,cross_border_payments
E12,2024-07,FY2025,216,68804065.98,cross_border_payments
E12,2024-08,FY2025,218,77375552.55,cross_border_payments
E12,2024-09,FY2025,233,95513179.65,cross_border_payments
E12,2024-10,FY2025,174,59327298.94,cross_border_payments
E12,2024-11,FY2025,212,69164484.13,cross_border_payments
E12,2024-12,FY2025,218,95265057.46,cross_border_payments
E12,2025-01,FY2025,250,99486968.09,cross_border_payments
E12,2025-02,FY2025,181,80705466.23,cross_border_payments
E12,2025-03,FY2025,204,91550185.99,cross_border_payments
E12,2025-04,FY2025,229,102568917.26,cross_border_payments
E12,2025-05,FY2025,267,95969838.47,cross_border_payments
E12,2025-06,FY2025,203,77152859.48,cross_border_payments
E12,2025-07,FY2026,210,107102047.31,cross_border_payments
E12,2025-08,FY2026,174,61143627.78,cross_border_payments
E12,2025-09,FY2026,237,97535642.76,cross_border_payments
E12,2025-10,FY2026,223,84457827.53,cross_border_payments
E12,2025-11,FY2026,203,68793909.3,cross_border_payments
E12,2025-12,FY2026,226,78466679.5,cross_border_payments
E12,2026-01,FY2026,249,97445299.17,cross_border_payments
E12,2026-02,FY2026,211,83067384.73,cross_border_payments
E12,2026-03,FY2026,266,112223939.51,cross_border_payments
E12,2026-04,FY2026,208,76636565.73,cross_border_payments
E12,2026-05,FY2026,202,71897445.74,cross_border_payments
E12,2026-06,FY2026,197,66726420.5,cross_border_payments
E13,2023-07,FY2024,51,13209137.19,cross_border_payments
E13,2023-08,FY2024,38,10291618.43,cross_border_payments
E13,2023-09,FY2024,56,12180075.48,cross_border_payments
E13,2023-10,FY2024,50,11470061.69,cross_border_payments
E13,2023-11,FY2024,63,13374180.44,cross_border_payments
E13,2023-12,FY2024,74,10716620.16,cross_border_payments
E13,2024-01,FY2024,53,10177724.81,cross_border_payments
E13,2024-02,FY2024,64,15371574.62,cross_border_payments
E13,2024-03,FY2024,57,10763651.69,cross_border_payments
E13,2024-04,FY2024,43,8736581.9,cross_border_payments
E13,2024-05,FY2024,74,17226445.23,cross_border_payments
E13,2024-06,FY2024,61,17730995.94,cross_border_payments
E13,2024-07,FY2025,68,13409816.76,cross_border_payments
E13,2024-08,FY2025,71,16193706.64,cross_border_payments
E13,2024-09,FY2025,72,15212551.47,cross_border_payments
E13,2024-10,FY2025,79,17169396.62,cross_border_payments
E13,2024-11,FY2025,72,20418242.8,cross_border_payments
E13,2024-12,FY2025,83,28072392.16,cross_border_payments
E13,2025-01,FY2025,90,16543420.69,cross_border_payments
E13,2025-02,FY2025,86,23176910.38,cross_border_payments
E13,2025-03,FY2025,95,21720917.85,cross_border_payments
E13,2025-04,FY2025,113,30696571.75,cross_border_payments
E13,2025-05,FY2025,127,39800120.21,cross_border_payments
E13,2025-06,FY2025,63,14185230.84,cross_border_payments
E13,2025-07,FY2026,94,28399815.25,cross_border_payments
E13,2025-08,FY2026,81,16491658.530000001,cross_border_payments
E13,2025-09,FY2026,91,29985785.66,cross_border_payments
E13,2025-10,FY2026,88,19484508.93,cross_border_payments
E13,2025-11,FY2026,75,23444606.5,cross_border_payments
E13,2025-12,FY2026,101,22911364.47,cross_border_payments
E13,2026-01,FY2026,113,25635996.93,cross_border_payments
E13,2026-02,FY2026,99,28692333.57,cross_border_payments
E13,2026-03,FY2026,145,34249618.78,cross_border_payments
E13,2026-04,FY2026,97,19265954.15,cross_border_payments
E13,2026-05,FY2026,103,24984906.86,cross_border_payments
E13,2026-06,FY2026,88,30678967.06,cross_border_payments
E14,2023-07,FY2024,371,189482051.84,cross_border_payments
E14,2023-08,FY2024,392,177534775.25,cross_border_payments
E14,2023-09,FY2024,301,173564934.07,cross_border_payments
E14,2023-10,FY2024,312,133049622.73,cross_border_payments
E14,2023-11,FY2024,382,165904996.05,cross_border_payments
E14,2023-12,FY2024,343,174095934.94,cross_border_payments
E14,2024-01,FY2024,333,167527241.92,cross_border_payments
E14,2024-02,FY2024,304,151428192.79,cross_border_payments
E14,2024-03,FY2024,337,178495850.2,cross_border_payments
E14,2024-04,FY2024,275,131411830.31,cross_border_payments
E14,2024-05,FY2024,344,174144498.59,cross_border_payments
E14,2024-06,FY2024,275,120708044.35,cross_border_payments
E14,2024-07,FY2025,330,151792164.75,cross_border_payments
E14,2024-08,FY2025,329,155622026.01,cross_border_payments
E14,2024-09,FY2025,359,181861466.91,cross_border_payments
E14,2024-10,FY2025,285,128714281.05,cross_border_payments
E14,2024-11,FY2025,322,164922370.8,cross_border_payments
E14,2024-12,FY2025,354,204464815.99,cross_border_payments
E14,2025-01,FY2025,391,215382036.12,cross_border_payments
E14,2025-02,FY2025,304,157472453.4,cross_border_payments
E14,2025-03,FY2025,340,160466040.88,cross_border_payments
E14,2025-04,FY2025,375,200676036.31,cross_border_payments
E14,2025-05,FY2025,412,217488575.35999998,cross_border_payments
E14,2025-06,FY2025,345,144796784.86,cross_border_payments
E14,2025-07,FY2026,312,140519083.97,cross_border_payments
E14,2025-08,FY2026,315,130760145.05,cross_border_payments
E14,2025-09,FY2026,343,184649727.82,cross_border_payments
E14,2025-10,FY2026,347,181976553.85,cross_border_payments
E14,2025-11,FY2026,321,144281123.55,cross_border_payments
E14,2025-12,FY2026,367,194066486.10999998,cross_border_payments
E14,2026-01,FY2026,351,158603094.49,cross_border_payments
E14,2026-02,FY2026,316,169737044.44,cross_border_payments
E14,2026-03,FY2026,432,214268417.86,cross_border_payments
E14,2026-04,FY2026,316,159715351.23,cross_border_payments
E14,2026-05,FY2026,330,177009988.67,cross_border_payments
E14,2026-06,FY2026,260,117727411.49,cross_border_payments
E15,2023-07,FY2024,349,173628828.08,cross_border_payments
E15,2023-08,FY2024,374,170637748.9,cross_border_payments
E15,2023-09,FY2024,353,171450132.71,cross_border_payments
E15,2023-10,FY2024,318,137618842.91,cross_border_payments
E15,2023-11,FY2024,367,169734144.19,cross_border_payments
E15,2023-12,FY2024,310,183276751.44,cross_border_payments
E15,2024-01,FY2024,312,141548495.97,cross_border_payments
E15,2024-02,FY2024,289,154384422.8,cross_border_payments
E15,2024-03,FY2024,310,146339261.75,cross_border_payments
E15,2024-04,FY2024,267,132534157.15,cross_border_payments
E15,2024-05,FY2024,356,165281520.21,cross_border_payments
E15,2024-06,FY2024,294,151563484.72,cross_border_payments
E15,2024-07,FY2025,333,160471626.04,cross_border_payments
E15,2024-08,FY2025,351,179047638.15,cross_border_payments
E15,2024-09,FY2025,335,205583375.1,cross_border_payments
E15,2024-10,FY2025,291,132996790.63,cross_border_payments
E15,2024-11,FY2025,336,128172732.9,cross_border_payments
E15,2024-12,FY2025,307,152607351.05,cross_border_payments
E15,2025-01,FY2025,388,168535876.78,cross_border_payments
E15,2025-02,FY2025,374,177846487.94,cross_border_payments
E15,2025-03,FY2025,301,156139705.02,cross_border_payments
E15,2025-04,FY2025,366,191791443.88,cross_border_payments
E15,2025-05,FY2025,405,201406750.18,cross_border_payments
E15,2025-06,FY2025,318,163808015.07,cross_border_payments
E15,2025-07,FY2026,301,156141402.22,cross_border_payments
E15,2025-08,FY2026,289,164785101.2,cross_border_payments
E15,2025-09,FY2026,365,179025656.04,cross_border_payments
E15,2025-10,FY2026,349,182035743.41,cross_border_payments
E15,2025-11,FY2026,290,133152284.64,cross_border_payments
E15,2025-12,FY2026,341,196281020.29,cross_border_payments
E15,2026-01,FY2026,394,218171039.2,cross_border_payments
E15,2026-02,FY2026,310,170907068.56,cross_border_payments
E15,2026-03,FY2026,404,248355049.09,cross_border_payments
E15,2026-04,FY2026,293,153688901.48,cross_border_payments
E15,2026-05,FY2026,290,122219766.15,cross_border_payments
E15,2026-06,FY2026,304,128595796.46,cross_border_payments
E16,2023-07,FY2024,1060,689428604.02,cross_border_payments
E16,2023-08,FY2024,997,554722027.43,cross_border_payments
E16,2023-09,FY2024,797,473284155.52,cross_border_payments
E16,2023-10,FY2024,829,562086672.46,cross_border_payments
E16,2023-11,FY2024,955,577268047.73,cross_border_payments
E16,2023-12,FY2024,844,502237232.19,cross_border_payments
E16,2024-01,FY2024,862,535278253.13,cross_border_payments
E16,2024-02,FY2024,821,507976086.52,cross_border_payments
E16,2024-03,FY2024,790,470982815.2,cross_border_payments
E16,2024-04,FY2024,719,495305060.97,cross_border_payments
E16,2024-05,FY2024,989,653955906.07,cross_border_payments
E16,2024-06,FY2024,745,414813567.3,cross_border_payments
E16,2024-07,FY2025,828,526667315.31,cross_border_payments
E16,2024-08,FY2025,796,495059616.11,cross_border_payments
E16,2024-09,FY2025,937,549167765.9399999,cross_border_payments
E16,2024-10,FY2025,819,504101564.54,cross_border_payments
E16,2024-11,FY2025,939,570813920.08,cross_border_payments
E16,2024-12,FY2025,933,564707158.43,cross_border_payments
E16,2025-01,FY2025,1002,624105195.51,cross_border_payments
E16,2025-02,FY2025,818,532428272.21,cross_border_payments
E16,2025-03,FY2025,847,515676914.65,cross_border_payments
E16,2025-04,FY2025,997,630993928.84,cross_border_payments
E16,2025-05,FY2025,1086,644268115.53,cross_border_payments
E16,2025-06,FY2025,875,511581021.02,cross_border_payments
E16,2025-07,FY2026,797,454910816.91,cross_border_payments
E16,2025-08,FY2026,820,505779570.4,cross_border_payments
E16,2025-09,FY2026,858,538804080.74,cross_border_payments
E16,2025-10,FY2026,832,431258718.66,cross_border_payments
E16,2025-11,FY2026,825,478610997.11,cross_border_payments
E16,2025-12,FY2026,974,565709779.03,cross_border_payments
E16,2026-01,FY2026,1024,563151183.94,cross_border_payments
E16,2026-02,FY2026,809,471181050.35,cross_border_payments
E16,2026-03,FY2026,1113,711733976.38,cross_border_payments
E16,2026-04,FY2026,813,515049833.39,cross_border_payments
E16,2026-05,FY2026,782,508275652.79,cross_border_payments
E16,2026-06,FY2026,845,465180520.58,cross_border_payments
E17,2023-07,FY2024,533,271999703.93,cross_border_payments
E17,2023-08,FY2024,532,296386289.82,cross_border_payments
E17,2023-09,FY2024,438,221103097.52,cross_border_payments
E17,2023-10,FY2024,481,290096832.34,cross_border_payments
E17,2023-11,FY2024,519,267959460.98,cross_border_payments
E17,2023-12,FY2024,443,244417579.91,cross_border_payments
E17,2024-01,FY2024,420,243545432.74,cross_border_payments
E17,2024-02,FY2024,404,213666564.19,cross_border_payments
E17,2024-03,FY2024,421,211283135.99,cross_border_payments
E17,2024-04,FY2024,430,243926227.14,cross_border_payments
E17,2024-05,FY2024,515,257254127.37,cross_border_payments
E17,2024-06,FY2024,424,259664333.18,cross_border_payments
E17,2024-07,FY2025,476,261931253.3,cross_border_payments
E17,2024-08,FY2025,416,188667396.3,cross_border_payments
E17,2024-09,FY2025,451,235471763.33,cross_border_payments
E17,2024-10,FY2025,438,219759462.9,cross_border_payments
E17,2024-11,FY2025,496,248262558.34,cross_border_payments
E17,2024-12,FY2025,469,242260389.8,cross_border_payments
E17,2025-01,FY2025,585,345553223.31,cross_border_payments
E17,2025-02,FY2025,437,234791298.32,cross_border_payments
E17,2025-03,FY2025,445,235104092.81,cross_border_payments
E17,2025-04,FY2025,517,376789557.02,cross_border_payments
E17,2025-05,FY2025,568,279359230.63,cross_border_payments
E17,2025-06,FY2025,416,199532144.72,cross_border_payments
E17,2025-07,FY2026,445,231250637.08,cross_border_payments
E17,2025-08,FY2026,394,210587992.91,cross_border_payments
E17,2025-09,FY2026,467,211322503.65,cross_border_payments
E17,2025-10,FY2026,476,241934893.26,cross_border_payments
E17,2025-11,FY2026,401,239119583.55,cross_border_payments
E17,2025-12,FY2026,482,237302057.91,cross_border_payments
E17,2026-01,FY2026,535,263462208.64,cross_border_payments
E17,2026-02,FY2026,459,270079478.35,cross_border_payments
E17,2026-03,FY2026,621,326087880.82,cross_border_payments
E17,2026-04,FY2026,445,230685953.9,cross_border_payments
E17,2026-05,FY2026,426,210105128.57,cross_border_payments
E17,2026-06,FY2026,392,238796484.84,cross_border_payments
E18,2023-07,FY2024,303,148761185.31,cross_border_payments
E18,2023-08,FY2024,290,153950571.64,cross_border_payments
E18,2023-09,FY2024,277,149042515.09,cross_border_payments
E18,2023-10,FY2024,248,132831326.21000001,cross_border_payments
E18,2023-11,FY2024,292,150948154.17,cross_border_payments
E18,2023-12,FY2024,262,141793116.13,cross_border_payments
E18,2024-01,FY2024,296,188812694.51,cross_border_payments
E18,2024-02,FY2024,243,136751071.12,cross_border_payments
E18,2024-03,FY2024,232,134288971.89,cross_border_payments
E18,2024-04,FY2024,240,101633653.35,cross_border_payments
E18,2024-05,FY2024,317,152674513.93,cross_border_payments
E18,2024-06,FY2024,216,112032740.39,cross_border_payments
E18,2024-07,FY2025,251,127377336.42999999,cross_border_payments
E18,2024-08,FY2025,259,171769435.38,cross_border_payments
E18,2024-09,FY2025,254,127832667.59,cross_border_payments
E18,2024-10,FY2025,233,108742622.64,cross_border_payments
E18,2024-11,FY2025,284,145289104.63,cross_border_payments
E18,2024-12,FY2025,261,112059578.06,cross_border_payments
E18,2025-01,FY2025,317,184093648.07999998,cross_border_payments
E18,2025-02,FY2025,246,136607660.87,cross_border_payments
E18,2025-03,FY2025,269,121648419.76,cross_border_payments
E18,2025-04,FY2025,289,147532036.18,cross_border_payments
E18,2025-05,FY2025,332,145574848.2,cross_border_payments
E18,2025-06,FY2025,269,134475283.81,cross_border_payments
E18,2025-07,FY2026,252,131771673.76,cross_border_payments
E18,2025-08,FY2026,225,107671377.07,cross_border_payments
E18,2025-09,FY2026,270,139431489.36,cross_border_payments
E18,2025-10,FY2026,257,126486190.01,cross_border_payments
E18,2025-11,FY2026,238,127502282.44,cross_border_payments
E18,2025-12,FY2026,300,166203952.0,cross_border_payments
E18,2026-01,FY2026,325,168165223.4,cross_border_payments
E18,2026-02,FY2026,229,123643921.91,cross_border_payments
E18,2026-03,FY2026,322,161922667.93,cross_border_payments
E18,2026-04,FY2026,284,142605223.65,cross_border_payments
E18,2026-05,FY2026,231,116949923.9,cross_border_payments
E18,2026-06,FY2026,223,101903948.16,cross_border_payments
E19,2023-07,FY2024,350,163084739.84,cross_border_payments
E19,2023-08,FY2024,369,135382158.92,cross_border_payments
E19,2023-09,FY2024,300,128077908.14,cross_border_payments
E19,2023-10,FY2024,288,106895993.71,cross_border_payments
E19,2023-11,FY2024,364,148200323.32,cross_border_payments
E19,2023-12,FY2024,270,86247003.31,cross_border_payments
E19,2024-01,FY2024,304,114581823.66,cross_border_payments
E19,2024-02,FY2024,272,97803776.65,cross_border_payments
E19,2024-03,FY2024,316,114066421.75,cross_border_payments
E19,2024-04,FY2024,292,100810239.37,cross_border_payments
E19,2024-05,FY2024,369,147987949.82,cross_border_payments
E19,2024-06,FY2024,256,96115607.36,cross_border_payments
E19,2024-07,FY2025,279,95290364.22,cross_border_payments
E19,2024-08,FY2025,256,107731207.81,cross_border_payments
E19,2024-09,FY2025,343,135122422.87,cross_border_payments
E19,2024-10,FY2025,232,77560144.76,cross_border_payments
E19,2024-11,FY2025,315,115720759.9,cross_border_payments
E19,2024-12,FY2025,320,112812098.57,cross_border_payments
E19,2025-01,FY2025,355,124911516.02,cross_border_payments
E19,2025-02,FY2025,316,96368653.66,cross_border_payments
E19,2025-03,FY2025,317,144459980.35999998,cross_border_payments
E19,2025-04,FY2025,368,128255028.04,cross_border_payments
E19,2025-05,FY2025,367,122657873.35,cross_border_payments
E19,2025-06,FY2025,301,109883581.45,cross_border_payments
E19,2025-07,FY2026,272,108885901.83,cross_border_payments
E19,2025-08,FY2026,257,93264483.95,cross_border_payments
E19,2025-09,FY2026,329,137086481.77,cross_border_payments
E19,2025-10,FY2026,325,125021785.18,cross_border_payments
E19,2025-11,FY2026,256,94170733.69,cross_border_payments
E19,2025-12,FY2026,339,135582345.3,cross_border_payments
E19,2026-01,FY2026,361,145367405.96,cross_border_payments
E19,2026-02,FY2026,327,135153167.79,cross_border_payments
E19,2026-03,FY2026,394,138941362.38,cross_border_payments
E19,2026-04,FY2026,264,91483761.44,cross_border_payments
E19,2026-05,FY2026,268,99704188.7,cross_border_payments
E19,2026-06,FY2026,261,108325372.36,cross_border_payments
E20,2023-07,FY2024,45,7440163.45,cross_border_payments
E20,2023-08,FY2024,37,5307281.45,cross_border_payments
E20,2023-09,FY2024,47,7402814.4799999995,cross_border_payments
E20,2023-10,FY2024,44,9169805.65,cross_border_payments
E20,2023-11,FY2024,59,12659267.59,cross_border_payments
E20,2023-12,FY2024,48,9539465.28,cross_border_payments
E20,2024-01,FY2024,44,7792344.97,cross_border_payments
E20,2024-02,FY2024,33,3245668.98,cross_border_payments
E20,2024-03,FY2024,46,7546577.25,cross_border_payments
E20,2024-04,FY2024,40,8830439.5,cross_border_payments
E20,2024-05,FY2024,56,10561259.2,cross_border_payments
E20,2024-06,FY2024,55,9923318.27,cross_border_payments
E20,2024-07,FY2025,44,8629112.08,cross_border_payments
E20,2024-08,FY2025,52,11754719.47,cross_border_payments
E20,2024-09,FY2025,43,13503133.95,cross_border_payments
E20,2024-10,FY2025,54,9566697.23,cross_border_payments
E20,2024-11,FY2025,44,6908306.42,cross_border_payments
E20,2024-12,FY2025,56,9386870.47,cross_border_payments
E20,2025-01,FY2025,62,11247296.65,cross_border_payments
E20,2025-02,FY2025,43,6372391.12,cross_border_payments
E20,2025-03,FY2025,47,10410543.2,cross_border_payments
E20,2025-04,FY2025,54,14460212.06,cross_border_payments
E20,2025-05,FY2025,54,11766225.65,cross_border_payments
E20,2025-06,FY2025,60,13742894.79,cross_border_payments
E20,2025-07,FY2026,53,14889104.67,cross_border_payments
E20,2025-08,FY2026,36,7965924.53,cross_border_payments
E20,2025-09,FY2026,44,8598703.74,cross_border_payments
E20,2025-10,FY2026,54,10004787.37,cross_border_payments
E20,2025-11,FY2026,52,9962462.13,cross_border_payments
E20,2025-12,FY2026,69,10101039.540000001,cross_border_payments
E20,2026-01,FY2026,58,11804423.9,cross_border_payments
E20,2026-02,FY2026,45,6607862.33,cross_border_payments
E20,2026-03,FY2026,56,11983293.32,cross_border_payments
E20,2026-04,FY2026,44,4736894.63,cross_border_payments
E20,2026-05,FY2026,48,6172956.7700000005,cross_border_payments
E20,2026-06,FY2026,48,8551697.73,cross_border_payments
