entity_id,entity_name,sector,fiscal_year,statement,line_item,line_order,value,is_ratio
E01,BHP Group,mining,FY2024,cash_flow,Receipts from customers,0,9030266199.733294,False
E01,BHP Group,mining,FY2025,cash_flow,Receipts from customers,0,9286848770.130972,False
E01,BHP Group,mining,FY2026,cash_flow,Receipts from customers,0,10061486336.032804,False
E01,BHP Group,mining,FY2024,cash_flow,Payments to suppliers,1,-2091275620.75,False
E01,BHP Group,mining,FY2025,cash_flow,Payments to suppliers,1,-2211751003.28,False
E01,BHP Group,mining,FY2026,cash_flow,Payments to suppliers,1,-2394979495.81,False
E01,BHP Group,mining,FY2024,cash_flow,Payments to employees,2,-3142129.57,False
E01,BHP Group,mining,FY2025,cash_flow,Payments to employees,2,-2864428.52,False
E01,BHP Group,mining,FY2026,cash_flow,Payments to employees,2,-2738942.03,False
E01,BHP Group,mining,FY2024,cash_flow,Taxation paid,3,-6912309.44,False
E01,BHP Group,mining,FY2025,cash_flow,Taxation paid,3,-8290300.72,False
E01,BHP Group,mining,FY2026,cash_flow,Taxation paid,3,-5597955.5600000005,False
E01,BHP Group,mining,FY2024,cash_flow,Net cash from operating activities,4,6928936139.973294,False
E01,BHP Group,mining,FY2025,cash_flow,Net cash from operating activities,4,7063943037.6109705,False
E01,BHP Group,mining,FY2026,cash_flow,Net cash from operating activities,4,7658169942.632805,False
E01,BHP Group,mining,FY2024,cash_flow,Intragroup sweeps received,5,2214330873.69,False
E01,BHP Group,mining,FY2025,cash_flow,Intragroup sweeps received,5,2412574029.51,False
E01,BHP Group,mining,FY2026,cash_flow,Intragroup sweeps received,5,2808135514.31,False
E01,BHP Group,mining,FY2024,cash_flow,Intragroup sweeps paid,6,-2369646968.96,False
E01,BHP Group,mining,FY2025,cash_flow,Intragroup sweeps paid,6,-2371640022.56,False
E01,BHP Group,mining,FY2026,cash_flow,Intragroup sweeps paid,6,-2722821046.48,False
E01,BHP Group,mining,FY2024,cash_flow,Cross-border intragroup received,7,501383519.88,False
E01,BHP Group,mining,FY2025,cash_flow,Cross-border intragroup received,7,485010351.71,False
E01,BHP Group,mining,FY2026,cash_flow,Cross-border intragroup received,7,406274329.11,False
E01,BHP Group,mining,FY2024,cash_flow,Cross-border intragroup paid,8,-465151394.8,False
E01,BHP Group,mining,FY2025,cash_flow,Cross-border intragroup paid,8,-532714662.31,False
E01,BHP Group,mining,FY2026,cash_flow,Cross-border intragroup paid,8,-470875281.83,False
E01,BHP Group,mining,FY2024,cash_flow,Net intragroup and financing flows,9,-119083970.19,False
E01,BHP Group,mining,FY2025,cash_flow,Net intragroup and financing flows,9,-6770303.649999738,False
E01,BHP Group,mining,FY2026,cash_flow,Net intragroup and financing flows,9,20713515.109999955,False
E01,BHP Group,mining,FY2024,cash_flow,Net movement in cash,10,6809852169.783295,False
E01,BHP Group,mining,FY2025,cash_flow,Net movement in cash,10,7057172733.960971,False
E01,BHP Group,mining,FY2026,cash_flow,Net movement in cash,10,7678883457.742805,False
E01,BHP Group,mining,FY2024,cash_flow,Memo - gross cash inflows,11,11745980593.303293,False
E01,BHP Group,mining,FY2025,cash_flow,Memo - gross cash inflows,11,12184433151.350971,False
E01,BHP Group,mining,FY2026,cash_flow,Memo - gross cash inflows,11,13275896179.452805,False
E01,BHP Group,mining,FY2024,cash_flow,Memo - gross cash outflows,12,-4936128423.52,False
E01,BHP Group,mining,FY2025,cash_flow,Memo - gross cash outflows,12,-5127260417.39,False
E01,BHP Group,mining,FY2026,cash_flow,Memo - gross cash outflows,12,-5597012721.71,False
E01,BHP Group,mining,FY2024,cash_flow,Memo - foreign currency gross flows,13,2083260326.99,False
E01,BHP Group,mining,FY2025,cash_flow,Memo - foreign currency gross flows,13,2174463452.4100003,False
E01,BHP Group,mining,FY2026,cash_flow,Memo - foreign currency gross flows,13,2082856263.12,False
E01,BHP Group,mining,FY2024,cash_flow,Operating cash conversion,14,0.7673014268591483,True
E01,BHP Group,mining,FY2025,cash_flow,Operating cash conversion,14,0.7606393958228899,True
E01,BHP Group,mining,FY2026,cash_flow,Operating cash conversion,14,0.7611370414733758,True
E01,BHP Group,mining,FY2024,contingent_note,Letters of credit - notional,0,529993815.7,False
E01,BHP Group,mining,FY2025,contingent_note,Letters of credit - notional,0,613907310.82,False
E01,BHP Group,mining,FY2026,contingent_note,Letters of credit - notional,0,691115215.32,False
E01,BHP Group,mining,FY2024,contingent_note,Guarantees - notional,1,335229400.86,False
E01,BHP Group,mining,FY2025,contingent_note,Guarantees - notional,1,438984673.49,False
E01,BHP Group,mining,FY2026,contingent_note,Guarantees - notional,1,510614473.37,False
E01,BHP Group,mining,FY2024,contingent_note,Export collections - notional,2,338990922.46999997,False
E01,BHP Group,mining,FY2025,contingent_note,Export collections - notional,2,225814422.78,False
E01,BHP Group,mining,FY2026,contingent_note,Export collections - notional,2,242820429.46,False
E01,BHP Group,mining,FY2024,contingent_note,Total trade finance notional,3,1204214139.03,False
E01,BHP Group,mining,FY2025,contingent_note,Total trade finance notional,3,1278706407.0900002,False
E01,BHP Group,mining,FY2026,contingent_note,Total trade finance notional,3,1444550118.15,False
E01,BHP Group,mining,FY2024,contingent_note,Of which export,4,493442861.45,False
E01,BHP Group,mining,FY2025,contingent_note,Of which export,4,677491425.67,False
E01,BHP Group,mining,FY2026,contingent_note,Of which export,4,750705754.32,False
E01,BHP Group,mining,FY2024,contingent_note,Of which import,5,710771277.58,False
E01,BHP Group,mining,FY2025,contingent_note,Of which import,5,601214981.42,False
E01,BHP Group,mining,FY2026,contingent_note,Of which import,5,693844363.83,False
E01,BHP Group,mining,FY2024,contingent_note,Open exposure at period end,6,569585530.48,False
E01,BHP Group,mining,FY2025,contingent_note,Open exposure at period end,6,569182621.8100001,False
E01,BHP Group,mining,FY2026,contingent_note,Open exposure at period end,6,739424251.77,False
E01,BHP Group,mining,FY2024,contingent_note,Settled during period,7,564719707.0600001,False
E01,BHP Group,mining,FY2025,contingent_note,Settled during period,7,637106949.65,False
E01,BHP Group,mining,FY2026,contingent_note,Settled during period,7,619331457.09,False
E01,BHP Group,mining,FY2024,contingent_note,Weighted average tenor (days),8,103.79429163440189,True
E01,BHP Group,mining,FY2025,contingent_note,Weighted average tenor (days),8,103.44133259534868,True
E01,BHP Group,mining,FY2026,contingent_note,Weighted average tenor (days),8,105.98629498198002,True
E01,BHP Group,mining,FY2024,contingent_note,Instrument count,9,418.0,True
E01,BHP Group,mining,FY2025,contingent_note,Instrument count,9,418.0,True
E01,BHP Group,mining,FY2026,contingent_note,Instrument count,9,471.0,True
E01,BHP Group,mining,FY2024,contingent_note,Counterparty countries,10,11.0,True
E01,BHP Group,mining,FY2025,contingent_note,Counterparty countries,10,11.0,True
E01,BHP Group,mining,FY2026,contingent_note,Counterparty countries,10,11.0,True
E01,BHP Group,mining,FY2024,income_statement,Revenue - domestic collections,0,8484094526.973293,False
E01,BHP Group,mining,FY2025,income_statement,Revenue - domestic collections,0,8759508690.860971,False
E01,BHP Group,mining,FY2026,income_statement,Revenue - domestic collections,0,9446319820.622805,False
E01,BHP Group,mining,FY2024,income_statement,Revenue - cross-border trade receipts,1,470997438.4,False
E01,BHP Group,mining,FY2025,income_statement,Revenue - cross-border trade receipts,1,429675481.69,False
E01,BHP Group,mining,FY2026,income_statement,Revenue - cross-border trade receipts,1,516902583.02,False
E01,BHP Group,mining,FY2024,income_statement,Other operating income,2,75174234.36,False
E01,BHP Group,mining,FY2025,income_statement,Other operating income,2,97664597.58,False
E01,BHP Group,mining,FY2026,income_statement,Other operating income,2,98263932.39,False
E01,BHP Group,mining,FY2024,income_statement,Total revenue,3,9030266199.733294,False
E01,BHP Group,mining,FY2025,income_statement,Total revenue,3,9286848770.130972,False
E01,BHP Group,mining,FY2026,income_statement,Total revenue,3,10061486336.032804,False
E01,BHP Group,mining,FY2024,income_statement,Cost of sales - domestic suppliers,4,-1520721881.2,False
E01,BHP Group,mining,FY2025,income_statement,Cost of sales - domestic suppliers,4,-1582352644.16,False
E01,BHP Group,mining,FY2026,income_statement,Cost of sales - domestic suppliers,4,-1804439359.04,False
E01,BHP Group,mining,FY2024,income_statement,Cost of sales - cross-border trade payments,5,-426533408.09,False
E01,BHP Group,mining,FY2025,income_statement,Cost of sales - cross-border trade payments,5,-511366300.74,False
E01,BHP Group,mining,FY2026,income_statement,Cost of sales - cross-border trade payments,5,-461753554.64,False
E01,BHP Group,mining,FY2024,income_statement,Cost of sales and supplier payments,6,-1947255289.29,False
E01,BHP Group,mining,FY2025,income_statement,Cost of sales and supplier payments,6,-2093718944.9,False
E01,BHP Group,mining,FY2026,income_statement,Cost of sales and supplier payments,6,-2266192913.68,False
E01,BHP Group,mining,FY2024,income_statement,Gross profit proxy,7,7083010910.443294,False
E01,BHP Group,mining,FY2025,income_statement,Gross profit proxy,7,7193129825.230972,False
E01,BHP Group,mining,FY2026,income_statement,Gross profit proxy,7,7795293422.352804,False
E01,BHP Group,mining,FY2024,income_statement,Employee costs,8,-3142129.57,False
E01,BHP Group,mining,FY2025,income_statement,Employee costs,8,-2864428.52,False
E01,BHP Group,mining,FY2026,income_statement,Employee costs,8,-2738942.03,False
E01,BHP Group,mining,FY2024,income_statement,Other operating expenses,9,-144020331.46,False
E01,BHP Group,mining,FY2025,income_statement,Other operating expenses,9,-118032058.38,False
E01,BHP Group,mining,FY2026,income_statement,Other operating expenses,9,-128786582.13,False
E01,BHP Group,mining,FY2024,income_statement,EBITDA proxy,10,6935848449.413294,False
E01,BHP Group,mining,FY2025,income_statement,EBITDA proxy,10,7072233338.330972,False
E01,BHP Group,mining,FY2026,income_statement,EBITDA proxy,10,7663767898.192804,False
E01,BHP Group,mining,FY2024,income_statement,Taxation paid,11,-6912309.44,False
E01,BHP Group,mining,FY2025,income_statement,Taxation paid,11,-8290300.72,False
E01,BHP Group,mining,FY2026,income_statement,Taxation paid,11,-5597955.5600000005,False
E01,BHP Group,mining,FY2024,income_statement,Net cash earnings proxy,12,6928936139.973294,False
E01,BHP Group,mining,FY2025,income_statement,Net cash earnings proxy,12,7063943037.610971,False
E01,BHP Group,mining,FY2026,income_statement,Net cash earnings proxy,12,7658169942.632804,False
E01,BHP Group,mining,FY2024,income_statement,Gross margin proxy,13,0.78436346767413,True
E01,BHP Group,mining,FY2025,income_statement,Gross margin proxy,13,0.7745501195589651,True
E01,BHP Group,mining,FY2026,income_statement,Gross margin proxy,13,0.7747655924787004,True
E01,BHP Group,mining,FY2024,income_statement,EBITDA margin proxy,14,0.7680668870667559,True
E01,BHP Group,mining,FY2025,income_statement,EBITDA margin proxy,14,0.761532088373959,True
E01,BHP Group,mining,FY2026,income_statement,EBITDA margin proxy,14,0.7616934160857382,True
E01,BHP Group,mining,FY2024,income_statement,Employee cost ratio,15,0.00034795536482554656,True
E01,BHP Group,mining,FY2025,income_statement,Employee cost ratio,15,0.0003084392338995311,True
E01,BHP Group,mining,FY2026,income_statement,Employee cost ratio,15,0.0002722204193818894,True
E01,BHP Group,mining,FY2024,income_statement,Export revenue share,16,0.052157647181420935,True
E01,BHP Group,mining,FY2025,income_statement,Export revenue share,16,0.04626709148876776,True
E01,BHP Group,mining,FY2026,income_statement,Export revenue share,16,0.05137437608684486,True
E01,BHP Group,mining,FY2024,income_statement,Effective cash tax rate,17,0.0009966061816971672,True
E01,BHP Group,mining,FY2025,income_statement,Effective cash tax rate,17,0.0011722323519880481,True
E01,BHP Group,mining,FY2026,income_statement,Effective cash tax rate,17,0.0007304442976828742,True
E01,BHP Group,mining,FY2024,income_statement,Revenue growth,18,,True
E01,BHP Group,mining,FY2025,income_statement,Revenue growth,18,0.02841362200432762,True
E01,BHP Group,mining,FY2026,income_statement,Revenue growth,18,0.08341231617696598,True
E02,Glencore,mining,FY2024,cash_flow,Receipts from customers,0,2995478549.8797097,False
E02,Glencore,mining,FY2025,cash_flow,Receipts from customers,0,2806957445.2491302,False
E02,Glencore,mining,FY2026,cash_flow,Receipts from customers,0,3101572678.184198,False
E02,Glencore,mining,FY2024,cash_flow,Payments to suppliers,1,-1055848521.4899999,False
E02,Glencore,mining,FY2025,cash_flow,Payments to suppliers,1,-1028656854.82,False
E02,Glencore,mining,FY2026,cash_flow,Payments to suppliers,1,-1089978262.73,False
E02,Glencore,mining,FY2024,cash_flow,Payments to employees,2,-2010295.2,False
E02,Glencore,mining,FY2025,cash_flow,Payments to employees,2,-1913974.92,False
E02,Glencore,mining,FY2026,cash_flow,Payments to employees,2,-1889115.34,False
E02,Glencore,mining,FY2024,cash_flow,Taxation paid,3,-3474345.0,False
E02,Glencore,mining,FY2025,cash_flow,Taxation paid,3,-4357878.78,False
E02,Glencore,mining,FY2026,cash_flow,Taxation paid,3,-5378223.81,False
E02,Glencore,mining,FY2024,cash_flow,Net cash from operating activities,4,1934145388.18971,False
E02,Glencore,mining,FY2025,cash_flow,Net cash from operating activities,4,1772028736.72913,False
E02,Glencore,mining,FY2026,cash_flow,Net cash from operating activities,4,2004327076.304198,False
E02,Glencore,mining,FY2024,cash_flow,Intragroup sweeps received,5,662420999.07,False
E02,Glencore,mining,FY2025,cash_flow,Intragroup sweeps received,5,670418901.52,False
E02,Glencore,mining,FY2026,cash_flow,Intragroup sweeps received,5,770213805.36,False
E02,Glencore,mining,FY2024,cash_flow,Intragroup sweeps paid,6,-757793579.65,False
E02,Glencore,mining,FY2025,cash_flow,Intragroup sweeps paid,6,-661024906.26,False
E02,Glencore,mining,FY2026,cash_flow,Intragroup sweeps paid,6,-709387376.74,False
E02,Glencore,mining,FY2024,cash_flow,Cross-border intragroup received,7,499242633.90999997,False
E02,Glencore,mining,FY2025,cash_flow,Cross-border intragroup received,7,640420646.77,False
E02,Glencore,mining,FY2026,cash_flow,Cross-border intragroup received,7,549407571.17,False
E02,Glencore,mining,FY2024,cash_flow,Cross-border intragroup paid,8,-539470713.51,False
E02,Glencore,mining,FY2025,cash_flow,Cross-border intragroup paid,8,-537367201.18,False
E02,Glencore,mining,FY2026,cash_flow,Cross-border intragroup paid,8,-536367191.23,False
E02,Glencore,mining,FY2024,cash_flow,Net intragroup and financing flows,9,-135600660.17999995,False
E02,Glencore,mining,FY2025,cash_flow,Net intragroup and financing flows,9,112447440.85000002,False
E02,Glencore,mining,FY2026,cash_flow,Net intragroup and financing flows,9,73866808.55999994,False
E02,Glencore,mining,FY2024,cash_flow,Net movement in cash,10,1798544728.0097098,False
E02,Glencore,mining,FY2025,cash_flow,Net movement in cash,10,1884476177.5791302,False
E02,Glencore,mining,FY2026,cash_flow,Net movement in cash,10,2078193884.864198,False
E02,Glencore,mining,FY2024,cash_flow,Memo - gross cash inflows,11,4157142182.8597097,False
E02,Glencore,mining,FY2025,cash_flow,Memo - gross cash inflows,11,4117796993.53913,False
E02,Glencore,mining,FY2026,cash_flow,Memo - gross cash inflows,11,4421194054.714198,False
E02,Glencore,mining,FY2024,cash_flow,Memo - gross cash outflows,12,-2358597454.85,False
E02,Glencore,mining,FY2025,cash_flow,Memo - gross cash outflows,12,-2233320815.96,False
E02,Glencore,mining,FY2026,cash_flow,Memo - gross cash outflows,12,-2343000169.85,False
E02,Glencore,mining,FY2024,cash_flow,Memo - foreign currency gross flows,13,2377149590.63,False
E02,Glencore,mining,FY2025,cash_flow,Memo - foreign currency gross flows,13,2409957418.9500003,False
E02,Glencore,mining,FY2026,cash_flow,Memo - foreign currency gross flows,13,2323926326.28,False
E02,Glencore,mining,FY2024,cash_flow,Operating cash conversion,14,0.6456882785114184,True
E02,Glencore,mining,FY2025,cash_flow,Operating cash conversion,14,0.6312987536481354,True
E02,Glencore,mining,FY2026,cash_flow,Operating cash conversion,14,0.6462292792305685,True
E02,Glencore,mining,FY2024,contingent_note,Letters of credit - notional,0,428942160.91,False
E02,Glencore,mining,FY2025,contingent_note,Letters of credit - notional,0,382424309.86,False
E02,Glencore,mining,FY2026,contingent_note,Letters of credit - notional,0,412752273.0,False
E02,Glencore,mining,FY2024,contingent_note,Guarantees - notional,1,410835781.12,False
E02,Glencore,mining,FY2025,contingent_note,Guarantees - notional,1,428598054.43,False
E02,Glencore,mining,FY2026,contingent_note,Guarantees - notional,1,364628266.56,False
E02,Glencore,mining,FY2024,contingent_note,Export collections - notional,2,240110913.29,False
E02,Glencore,mining,FY2025,contingent_note,Export collections - notional,2,156137516.18,False
E02,Glencore,mining,FY2026,contingent_note,Export collections - notional,2,307693036.29,False
E02,Glencore,mining,FY2024,contingent_note,Total trade finance notional,3,1079888855.32,False
E02,Glencore,mining,FY2025,contingent_note,Total trade finance notional,3,967159880.47,False
E02,Glencore,mining,FY2026,contingent_note,Total trade finance notional,3,1085073575.85,False
E02,Glencore,mining,FY2024,contingent_note,Of which export,4,425788623.76,False
E02,Glencore,mining,FY2025,contingent_note,Of which export,4,465551521.91,False
E02,Glencore,mining,FY2026,contingent_note,Of which export,4,609356594.16,False
E02,Glencore,mining,FY2024,contingent_note,Of which import,5,654100231.5600001,False
E02,Glencore,mining,FY2025,contingent_note,Of which import,5,501608358.56,False
E02,Glencore,mining,FY2026,contingent_note,Of which import,5,475716981.69,False
E02,Glencore,mining,FY2024,contingent_note,Open exposure at period end,6,517260780.5,False
E02,Glencore,mining,FY2025,contingent_note,Open exposure at period end,6,620955005.77,False
E02,Glencore,mining,FY2026,contingent_note,Open exposure at period end,6,655932842.01,False
E02,Glencore,mining,FY2024,contingent_note,Settled during period,7,488238575.66,False
E02,Glencore,mining,FY2025,contingent_note,Settled during period,7,259205074.07,False
E02,Glencore,mining,FY2026,contingent_note,Settled during period,7,403342362.31,False
E02,Glencore,mining,FY2024,contingent_note,Weighted average tenor (days),8,94.81201800699216,True
E02,Glencore,mining,FY2025,contingent_note,Weighted average tenor (days),8,112.90819436366938,True
E02,Glencore,mining,FY2026,contingent_note,Weighted average tenor (days),8,116.21967111484886,True
E02,Glencore,mining,FY2024,contingent_note,Instrument count,9,250.0,True
E02,Glencore,mining,FY2025,contingent_note,Instrument count,9,245.0,True
E02,Glencore,mining,FY2026,contingent_note,Instrument count,9,242.0,True
E02,Glencore,mining,FY2024,contingent_note,Counterparty countries,10,16.0,True
E02,Glencore,mining,FY2025,contingent_note,Counterparty countries,10,16.0,True
E02,Glencore,mining,FY2026,contingent_note,Counterparty countries,10,16.0,True
E02,Glencore,mining,FY2024,income_statement,Revenue - domestic collections,0,2309126143.94971,False
E02,Glencore,mining,FY2025,income_statement,Revenue - domestic collections,0,2200273074.38913,False
E02,Glencore,mining,FY2026,income_statement,Revenue - domestic collections,0,2520159111.2341976,False
E02,Glencore,mining,FY2024,income_statement,Revenue - cross-border trade receipts,1,542293724.5600001,False
E02,Glencore,mining,FY2025,income_statement,Revenue - cross-border trade receipts,1,503159802.99,False
E02,Glencore,mining,FY2026,income_statement,Revenue - cross-border trade receipts,1,462105055.4,False
E02,Glencore,mining,FY2024,income_statement,Other operating income,2,144058681.37,False
E02,Glencore,mining,FY2025,income_statement,Other operating income,2,103524567.87,False
E02,Glencore,mining,FY2026,income_statement,Other operating income,2,119308511.55,False
E02,Glencore,mining,FY2024,income_statement,Total revenue,3,2995478549.8797097,False
E02,Glencore,mining,FY2025,income_statement,Total revenue,3,2806957445.2491302,False
E02,Glencore,mining,FY2026,income_statement,Total revenue,3,3101572678.184198,False
E02,Glencore,mining,FY2024,income_statement,Cost of sales - domestic suppliers,4,-403764684.21,False
E02,Glencore,mining,FY2025,income_statement,Cost of sales - domestic suppliers,4,-403171654.68,False
E02,Glencore,mining,FY2026,income_statement,Cost of sales - domestic suppliers,4,-433240265.8,False
E02,Glencore,mining,FY2024,income_statement,Cost of sales - cross-border trade payments,5,-553213846.4,False
E02,Glencore,mining,FY2025,income_statement,Cost of sales - cross-border trade payments,5,-491489088.69,False
E02,Glencore,mining,FY2026,income_statement,Cost of sales - cross-border trade payments,5,-537535375.73,False
E02,Glencore,mining,FY2024,income_statement,Cost of sales and supplier payments,6,-956978530.6099999,False
E02,Glencore,mining,FY2025,income_statement,Cost of sales and supplier payments,6,-894660743.37,False
E02,Glencore,mining,FY2026,income_statement,Cost of sales and supplier payments,6,-970775641.53,False
E02,Glencore,mining,FY2024,income_statement,Gross profit proxy,7,2038500019.2697098,False
E02,Glencore,mining,FY2025,income_statement,Gross profit proxy,7,1912296701.8791304,False
E02,Glencore,mining,FY2026,income_statement,Gross profit proxy,7,2130797036.654198,False
E02,Glencore,mining,FY2024,income_statement,Employee costs,8,-2010295.2,False
E02,Glencore,mining,FY2025,income_statement,Employee costs,8,-1913974.92,False
E02,Glencore,mining,FY2026,income_statement,Employee costs,8,-1889115.34,False
E02,Glencore,mining,FY2024,income_statement,Other operating expenses,9,-98869990.88,False
E02,Glencore,mining,FY2025,income_statement,Other operating expenses,9,-133996111.45,False
E02,Glencore,mining,FY2026,income_statement,Other operating expenses,9,-119202621.2,False
E02,Glencore,mining,FY2024,income_statement,EBITDA proxy,10,1937619733.1897097,False
E02,Glencore,mining,FY2025,income_statement,EBITDA proxy,10,1776386615.5091302,False
E02,Glencore,mining,FY2026,income_statement,EBITDA proxy,10,2009705300.114198,False
E02,Glencore,mining,FY2024,income_statement,Taxation paid,11,-3474345.0,False
E02,Glencore,mining,FY2025,income_statement,Taxation paid,11,-4357878.78,False
E02,Glencore,mining,FY2026,income_statement,Taxation paid,11,-5378223.81,False
E02,Glencore,mining,FY2024,income_statement,Net cash earnings proxy,12,1934145388.1897097,False
E02,Glencore,mining,FY2025,income_statement,Net cash earnings proxy,12,1772028736.7291303,False
E02,Glencore,mining,FY2026,income_statement,Net cash earnings proxy,12,2004327076.304198,False
E02,Glencore,mining,FY2024,income_statement,Gross margin proxy,13,0.6805256607000476,True
E02,Glencore,mining,FY2025,income_statement,Gross margin proxy,13,0.6812702861298295,True
E02,Glencore,mining,FY2026,income_statement,Gross margin proxy,13,0.6870053542971186,True
E02,Glencore,mining,FY2024,income_statement,EBITDA margin proxy,14,0.6468481415991175,True
E02,Glencore,mining,FY2025,income_statement,EBITDA margin proxy,14,0.6328512812033272,True
E02,Glencore,mining,FY2026,income_statement,EBITDA margin proxy,14,0.6479633104360369,True
E02,Glencore,mining,FY2024,income_statement,Employee cost ratio,15,0.0006711098632573175,True
E02,Glencore,mining,FY2025,income_statement,Employee cost ratio,15,0.0006818681641360351,True
E02,Glencore,mining,FY2026,income_statement,Employee cost ratio,15,0.0006090830478639547,True
E02,Glencore,mining,FY2024,income_statement,Export revenue share,16,0.18103742541630855,True
E02,Glencore,mining,FY2025,income_statement,Export revenue share,16,0.17925451767771358,True
E02,Glencore,mining,FY2026,income_statement,Export revenue share,16,0.14899056167548438,True
E02,Glencore,mining,FY2024,income_statement,Effective cash tax rate,17,0.001793099513019788,True
E02,Glencore,mining,FY2025,income_statement,Effective cash tax rate,17,0.002453226534107266,True
E02,Glencore,mining,FY2026,income_statement,Effective cash tax rate,17,0.002676125603935259,True
E02,Glencore,mining,FY2024,income_statement,Revenue growth,18,,True
E02,Glencore,mining,FY2025,income_statement,Revenue growth,18,-0.06293522103109361,True
E02,Glencore,mining,FY2026,income_statement,Revenue growth,18,0.1049589239173232,True
E03,Anglo American,mining,FY2024,cash_flow,Receipts from customers,0,6260780163.5315485,False
E03,Anglo American,mining,FY2025,cash_flow,Receipts from customers,0,5218024479.548811,False
E03,Anglo American,mining,FY2026,cash_flow,Receipts from customers,0,4629634158.362787,False
E03,Anglo American,mining,FY2024,cash_flow,Payments to suppliers,1,-1587248959.42,False
E03,Anglo American,mining,FY2025,cash_flow,Payments to suppliers,1,-1326493943.74,False
E03,Anglo American,mining,FY2026,cash_flow,Payments to suppliers,1,-1111928996.25,False
E03,Anglo American,mining,FY2024,cash_flow,Payments to employees,2,-1687876.82,False
E03,Anglo American,mining,FY2025,cash_flow,Payments to employees,2,-1469075.65,False
E03,Anglo American,mining,FY2026,cash_flow,Payments to employees,2,-1994270.44,False
E03,Anglo American,mining,FY2024,cash_flow,Taxation paid,3,-5136450.61,False
E03,Anglo American,mining,FY2025,cash_flow,Taxation paid,3,-5176276.76,False
E03,Anglo American,mining,FY2026,cash_flow,Taxation paid,3,-4540118.26,False
E03,Anglo American,mining,FY2024,cash_flow,Net cash from operating activities,4,4666706876.681549,False
E03,Anglo American,mining,FY2025,cash_flow,Net cash from operating activities,4,3884885183.398811,False
E03,Anglo American,mining,FY2026,cash_flow,Net cash from operating activities,4,3511170773.412787,False
E03,Anglo American,mining,FY2024,cash_flow,Intragroup sweeps received,5,1583493462.7,False
E03,Anglo American,mining,FY2025,cash_flow,Intragroup sweeps received,5,1299748156.58,False
E03,Anglo American,mining,FY2026,cash_flow,Intragroup sweeps received,5,1225335833.19,False
E03,Anglo American,mining,FY2024,cash_flow,Intragroup sweeps paid,6,-1708096062.46,False
E03,Anglo American,mining,FY2025,cash_flow,Intragroup sweeps paid,6,-1314108903.87,False
E03,Anglo American,mining,FY2026,cash_flow,Intragroup sweeps paid,6,-1140321541.04,False
E03,Anglo American,mining,FY2024,cash_flow,Cross-border intragroup received,7,352101922.33,False
E03,Anglo American,mining,FY2025,cash_flow,Cross-border intragroup received,7,274878664.96999997,False
E03,Anglo American,mining,FY2026,cash_flow,Cross-border intragroup received,7,179495962.98,False
E03,Anglo American,mining,FY2024,cash_flow,Cross-border intragroup paid,8,-419191877.49,False
E03,Anglo American,mining,FY2025,cash_flow,Cross-border intragroup paid,8,-325362334.07,False
E03,Anglo American,mining,FY2026,cash_flow,Cross-border intragroup paid,8,-261108693.0,False
E03,Anglo American,mining,FY2024,cash_flow,Net intragroup and financing flows,9,-191692554.92000002,False
E03,Anglo American,mining,FY2025,cash_flow,Net intragroup and financing flows,9,-64844416.389999986,False
E03,Anglo American,mining,FY2026,cash_flow,Net intragroup and financing flows,9,3401562.1300000846,False
E03,Anglo American,mining,FY2024,cash_flow,Net movement in cash,10,4475014321.761549,False
E03,Anglo American,mining,FY2025,cash_flow,Net movement in cash,10,3820040767.008811,False
E03,Anglo American,mining,FY2026,cash_flow,Net movement in cash,10,3514572335.542787,False
E03,Anglo American,mining,FY2024,cash_flow,Memo - gross cash inflows,11,8196375548.561548,False
E03,Anglo American,mining,FY2025,cash_flow,Memo - gross cash inflows,11,6792651301.098811,False
E03,Anglo American,mining,FY2026,cash_flow,Memo - gross cash inflows,11,6034465954.532787,False
E03,Anglo American,mining,FY2024,cash_flow,Memo - gross cash outflows,12,-3721361226.8,False
E03,Anglo American,mining,FY2025,cash_flow,Memo - gross cash outflows,12,-2972610534.09,False
E03,Anglo American,mining,FY2026,cash_flow,Memo - gross cash outflows,12,-2519893618.99,False
E03,Anglo American,mining,FY2024,cash_flow,Memo - foreign currency gross flows,13,1738318956.57,False
E03,Anglo American,mining,FY2025,cash_flow,Memo - foreign currency gross flows,13,1349280627.4199998,False
E03,Anglo American,mining,FY2026,cash_flow,Memo - foreign currency gross flows,13,996378910.4,False
E03,Anglo American,mining,FY2024,cash_flow,Operating cash conversion,14,0.7453874365154481,True
E03,Anglo American,mining,FY2025,cash_flow,Operating cash conversion,14,0.7445126404877899,True
E03,Anglo American,mining,FY2026,cash_flow,Operating cash conversion,14,0.7584121451735765,True
E03,Anglo American,mining,FY2024,contingent_note,Letters of credit - notional,0,404622599.99,False
E03,Anglo American,mining,FY2025,contingent_note,Letters of credit - notional,0,314405240.21,False
E03,Anglo American,mining,FY2026,contingent_note,Letters of credit - notional,0,267607734.23,False
E03,Anglo American,mining,FY2024,contingent_note,Guarantees - notional,1,266464853.09,False
E03,Anglo American,mining,FY2025,contingent_note,Guarantees - notional,1,310296498.5,False
E03,Anglo American,mining,FY2026,contingent_note,Guarantees - notional,1,238941628.38,False
E03,Anglo American,mining,FY2024,contingent_note,Export collections - notional,2,241897766.02,False
E03,Anglo American,mining,FY2025,contingent_note,Export collections - notional,2,167549925.3,False
E03,Anglo American,mining,FY2026,contingent_note,Export collections - notional,2,125467264.97,False
E03,Anglo American,mining,FY2024,contingent_note,Total trade finance notional,3,912985219.1,False
E03,Anglo American,mining,FY2025,contingent_note,Total trade finance notional,3,792251664.01,False
E03,Anglo American,mining,FY2026,contingent_note,Total trade finance notional,3,632016627.58,False
E03,Anglo American,mining,FY2024,contingent_note,Of which export,4,380991446.88,False
E03,Anglo American,mining,FY2025,contingent_note,Of which export,4,318098623.35,False
E03,Anglo American,mining,FY2026,contingent_note,Of which export,4,245296472.39000002,False
E03,Anglo American,mining,FY2024,contingent_note,Of which import,5,531993772.21999997,False
E03,Anglo American,mining,FY2025,contingent_note,Of which import,5,474153040.65999997,False
E03,Anglo American,mining,FY2026,contingent_note,Of which import,5,386720155.19,False
E03,Anglo American,mining,FY2024,contingent_note,Open exposure at period end,6,425006044.48,False
E03,Anglo American,mining,FY2025,contingent_note,Open exposure at period end,6,414406136.65000004,False
E03,Anglo American,mining,FY2026,contingent_note,Open exposure at period end,6,322430455.45,False
E03,Anglo American,mining,FY2024,contingent_note,Settled during period,7,412376816.46,False
E03,Anglo American,mining,FY2025,contingent_note,Settled during period,7,322476206.75,False
E03,Anglo American,mining,FY2026,contingent_note,Settled during period,7,253091960.32,False
E03,Anglo American,mining,FY2024,contingent_note,Weighted average tenor (days),8,108.50718812973388,True
E03,Anglo American,mining,FY2025,contingent_note,Weighted average tenor (days),8,98.78028070183036,True
E03,Anglo American,mining,FY2026,contingent_note,Weighted average tenor (days),8,97.64583131080413,True
E03,Anglo American,mining,FY2024,contingent_note,Instrument count,9,424.0,True
E03,Anglo American,mining,FY2025,contingent_note,Instrument count,9,330.0,True
E03,Anglo American,mining,FY2026,contingent_note,Instrument count,9,305.0,True
E03,Anglo American,mining,FY2024,contingent_note,Counterparty countries,10,17.0,True
E03,Anglo American,mining,FY2025,contingent_note,Counterparty countries,10,17.0,True
E03,Anglo American,mining,FY2026,contingent_note,Counterparty countries,10,17.0,True
E03,Anglo American,mining,FY2024,income_statement,Revenue - domestic collections,0,5799202803.391548,False
E03,Anglo American,mining,FY2025,income_statement,Revenue - domestic collections,0,4850805223.628811,False
E03,Anglo American,mining,FY2026,income_statement,Revenue - domestic collections,0,4390844452.882788,False
E03,Anglo American,mining,FY2024,income_statement,Revenue - cross-border trade receipts,1,347987153.88,False
E03,Anglo American,mining,FY2025,income_statement,Revenue - cross-border trade receipts,1,297363060.5,False
E03,Anglo American,mining,FY2026,income_statement,Revenue - cross-border trade receipts,1,205741111.37,False
E03,Anglo American,mining,FY2024,income_statement,Other operating income,2,113590206.25999999,False
E03,Anglo American,mining,FY2025,income_statement,Other operating income,2,69856195.42,False
E03,Anglo American,mining,FY2026,income_statement,Other operating income,2,33048594.11,False
E03,Anglo American,mining,FY2024,income_statement,Total revenue,3,6260780163.5315485,False
E03,Anglo American,mining,FY2025,income_statement,Total revenue,3,5218024479.548811,False
E03,Anglo American,mining,FY2026,income_statement,Total revenue,3,4629634158.362787,False
E03,Anglo American,mining,FY2024,income_statement,Cost of sales - domestic suppliers,4,-1081801162.81,False
E03,Anglo American,mining,FY2025,income_statement,Cost of sales - domestic suppliers,4,-944673571.28,False
E03,Anglo American,mining,FY2026,income_statement,Cost of sales - domestic suppliers,4,-794944447.31,False
E03,Anglo American,mining,FY2024,income_statement,Cost of sales - cross-border trade payments,5,-428711307.97,False
E03,Anglo American,mining,FY2025,income_statement,Cost of sales - cross-border trade payments,5,-321089503.85,False
E03,Anglo American,mining,FY2026,income_statement,Cost of sales - cross-border trade payments,5,-266951602.67,False
E03,Anglo American,mining,FY2024,income_statement,Cost of sales and supplier payments,6,-1510512470.78,False
E03,Anglo American,mining,FY2025,income_statement,Cost of sales and supplier payments,6,-1265763075.13,False
E03,Anglo American,mining,FY2026,income_statement,Cost of sales and supplier payments,6,-1061896049.9799999,False
E03,Anglo American,mining,FY2024,income_statement,Gross profit proxy,7,4750267692.751549,False
E03,Anglo American,mining,FY2025,income_statement,Gross profit proxy,7,3952261404.418811,False
E03,Anglo American,mining,FY2026,income_statement,Gross profit proxy,7,3567738108.382787,False
E03,Anglo American,mining,FY2024,income_statement,Employee costs,8,-1687876.82,False
E03,Anglo American,mining,FY2025,income_statement,Employee costs,8,-1469075.65,False
E03,Anglo American,mining,FY2026,income_statement,Employee costs,8,-1994270.44,False
E03,Anglo American,mining,FY2024,income_statement,Other operating expenses,9,-76736488.64,False
E03,Anglo American,mining,FY2025,income_statement,Other operating expenses,9,-60730868.61,False
E03,Anglo American,mining,FY2026,income_statement,Other operating expenses,9,-50032946.27,False
E03,Anglo American,mining,FY2024,income_statement,EBITDA proxy,10,4671843327.291549,False
E03,Anglo American,mining,FY2025,income_statement,EBITDA proxy,10,3890061460.1588106,False
E03,Anglo American,mining,FY2026,income_statement,EBITDA proxy,10,3515710891.672787,False
E03,Anglo American,mining,FY2024,income_statement,Taxation paid,11,-5136450.61,False
E03,Anglo American,mining,FY2025,income_statement,Taxation paid,11,-5176276.76,False
E03,Anglo American,mining,FY2026,income_statement,Taxation paid,11,-4540118.26,False
E03,Anglo American,mining,FY2024,income_statement,Net cash earnings proxy,12,4666706876.681549,False
E03,Anglo American,mining,FY2025,income_statement,Net cash earnings proxy,12,3884885183.3988104,False
E03,Anglo American,mining,FY2026,income_statement,Net cash earnings proxy,12,3511170773.412787,False
E03,Anglo American,mining,FY2024,income_statement,Gross margin proxy,13,0.7587341463323386,True
E03,Anglo American,mining,FY2025,income_statement,Gross margin proxy,13,0.7574248491759764,True
E03,Anglo American,mining,FY2026,income_statement,Gross margin proxy,13,0.7706306775748505,True
E03,Anglo American,mining,FY2024,income_statement,EBITDA margin proxy,14,0.7462078535363043,True
E03,Anglo American,mining,FY2025,income_statement,EBITDA margin proxy,14,0.7455046398124936,True
E03,Anglo American,mining,FY2026,income_statement,EBITDA margin proxy,14,0.7593928097584443,True
E03,Anglo American,mining,FY2024,income_statement,Employee cost ratio,15,0.00026959528619639495,True
E03,Anglo American,mining,FY2025,income_statement,Employee cost ratio,15,0.0002815386657839189,True
E03,Anglo American,mining,FY2026,income_statement,Employee cost ratio,15,0.0004307619936658773,True
E03,Anglo American,mining,FY2024,income_statement,Export revenue share,16,0.0555820752031819,True
E03,Anglo American,mining,FY2025,income_statement,Export revenue share,16,0.05698767065303462,True
E03,Anglo American,mining,FY2026,income_statement,Export revenue share,16,0.04444003658439349,True
E03,Anglo American,mining,FY2024,income_statement,Effective cash tax rate,17,0.0010994483868913907,True
E03,Anglo American,mining,FY2025,income_statement,Effective cash tax rate,17,0.0013306413826656301,True
E03,Anglo American,mining,FY2026,income_statement,Effective cash tax rate,17,0.0012913798659479067,True
E03,Anglo American,mining,FY2024,income_statement,Revenue growth,18,,True
E03,Anglo American,mining,FY2025,income_statement,Revenue growth,18,-0.16655363337251328,True
E03,Anglo American,mining,FY2026,income_statement,Revenue growth,18,-0.11276112703037766,True
E04,AngloGold Ashanti,mining,FY2024,cash_flow,Receipts from customers,0,1227000940.9500656,False
E04,AngloGold Ashanti,mining,FY2025,cash_flow,Receipts from customers,0,1221527422.8425632,False
E04,AngloGold Ashanti,mining,FY2026,cash_flow,Receipts from customers,0,1311158097.5740955,False
E04,AngloGold Ashanti,mining,FY2024,cash_flow,Payments to suppliers,1,-403512843.91,False
E04,AngloGold Ashanti,mining,FY2025,cash_flow,Payments to suppliers,1,-461984199.13,False
E04,AngloGold Ashanti,mining,FY2026,cash_flow,Payments to suppliers,1,-409190484.29999995,False
E04,AngloGold Ashanti,mining,FY2024,cash_flow,Payments to employees,2,-838213.15,False
E04,AngloGold Ashanti,mining,FY2025,cash_flow,Payments to employees,2,-677411.92,False
E04,AngloGold Ashanti,mining,FY2026,cash_flow,Payments to employees,2,-995917.74,False
E04,AngloGold Ashanti,mining,FY2024,cash_flow,Taxation paid,3,-3153941.59,False
E04,AngloGold Ashanti,mining,FY2025,cash_flow,Taxation paid,3,-1928040.58,False
E04,AngloGold Ashanti,mining,FY2026,cash_flow,Taxation paid,3,-1401400.27,False
E04,AngloGold Ashanti,mining,FY2024,cash_flow,Net cash from operating activities,4,819495942.3000655,False
E04,AngloGold Ashanti,mining,FY2025,cash_flow,Net cash from operating activities,4,756937771.2125632,False
E04,AngloGold Ashanti,mining,FY2026,cash_flow,Net cash from operating activities,4,899570295.2640955,False
E04,AngloGold Ashanti,mining,FY2024,cash_flow,Intragroup sweeps received,5,280243262.12,False
E04,AngloGold Ashanti,mining,FY2025,cash_flow,Intragroup sweeps received,5,317736985.07,False
E04,AngloGold Ashanti,mining,FY2026,cash_flow,Intragroup sweeps received,5,363011811.2,False
E04,AngloGold Ashanti,mining,FY2024,cash_flow,Intragroup sweeps paid,6,-327589313.74,False
E04,AngloGold Ashanti,mining,FY2025,cash_flow,Intragroup sweeps paid,6,-305355421.16,False
E04,AngloGold Ashanti,mining,FY2026,cash_flow,Intragroup sweeps paid,6,-362874197.01,False
E04,AngloGold Ashanti,mining,FY2024,cash_flow,Cross-border intragroup received,7,189141021.58,False
E04,AngloGold Ashanti,mining,FY2025,cash_flow,Cross-border intragroup received,7,162934936.33,False
E04,AngloGold Ashanti,mining,FY2026,cash_flow,Cross-border intragroup received,7,190576137.97,False
E04,AngloGold Ashanti,mining,FY2024,cash_flow,Cross-border intragroup paid,8,-183569367.1,False
E04,AngloGold Ashanti,mining,FY2025,cash_flow,Cross-border intragroup paid,8,-189579909.27,False
E04,AngloGold Ashanti,mining,FY2026,cash_flow,Cross-border intragroup paid,8,-191325851.83,False
E04,AngloGold Ashanti,mining,FY2024,cash_flow,Net intragroup and financing flows,9,-41774397.139999986,False
E04,AngloGold Ashanti,mining,FY2025,cash_flow,Net intragroup and financing flows,9,-14263409.030000031,False
E04,AngloGold Ashanti,mining,FY2026,cash_flow,Net intragroup and financing flows,9,-612099.6700000167,False
E04,AngloGold Ashanti,mining,FY2024,cash_flow,Net movement in cash,10,777721545.1600655,False
E04,AngloGold Ashanti,mining,FY2025,cash_flow,Net movement in cash,10,742674362.1825631,False
E04,AngloGold Ashanti,mining,FY2026,cash_flow,Net movement in cash,10,898958195.5940955,False
E04,AngloGold Ashanti,mining,FY2024,cash_flow,Memo - gross cash inflows,11,1696385224.6500654,False
E04,AngloGold Ashanti,mining,FY2025,cash_flow,Memo - gross cash inflows,11,1702199344.242563,False
E04,AngloGold Ashanti,mining,FY2026,cash_flow,Memo - gross cash inflows,11,1864746046.7440956,False
E04,AngloGold Ashanti,mining,FY2024,cash_flow,Memo - gross cash outflows,12,-918663679.49,False
E04,AngloGold Ashanti,mining,FY2025,cash_flow,Memo - gross cash outflows,12,-959524982.06,False
E04,AngloGold Ashanti,mining,FY2026,cash_flow,Memo - gross cash outflows,12,-965787851.15,False
E04,AngloGold Ashanti,mining,FY2024,cash_flow,Memo - foreign currency gross flows,13,854656775.37,False
E04,AngloGold Ashanti,mining,FY2025,cash_flow,Memo - foreign currency gross flows,13,892791052.0000001,False
E04,AngloGold Ashanti,mining,FY2026,cash_flow,Memo - foreign currency gross flows,13,848492695.0600001,False
E04,AngloGold Ashanti,mining,FY2024,cash_flow,Operating cash conversion,14,0.6678853413637407,True
E04,AngloGold Ashanti,mining,FY2025,cash_flow,Operating cash conversion,14,0.6196649842302568,True
E04,AngloGold Ashanti,mining,FY2026,cash_flow,Operating cash conversion,14,0.686088349626548,True
E04,AngloGold Ashanti,mining,FY2024,contingent_note,Letters of credit - notional,0,224068898.51,False
E04,AngloGold Ashanti,mining,FY2025,contingent_note,Letters of credit - notional,0,207808268.27,False
E04,AngloGold Ashanti,mining,FY2026,contingent_note,Letters of credit - notional,0,236165674.65,False
E04,AngloGold Ashanti,mining,FY2024,contingent_note,Guarantees - notional,1,130030236.95,False
E04,AngloGold Ashanti,mining,FY2025,contingent_note,Guarantees - notional,1,147592876.28,False
E04,AngloGold Ashanti,mining,FY2026,contingent_note,Guarantees - notional,1,173565064.59,False
E04,AngloGold Ashanti,mining,FY2024,contingent_note,Export collections - notional,2,79003635.71,False
E04,AngloGold Ashanti,mining,FY2025,contingent_note,Export collections - notional,2,92167897.36,False
E04,AngloGold Ashanti,mining,FY2026,contingent_note,Export collections - notional,2,105963116.25,False
E04,AngloGold Ashanti,mining,FY2024,contingent_note,Total trade finance notional,3,433102771.16999996,False
E04,AngloGold Ashanti,mining,FY2025,contingent_note,Total trade finance notional,3,447569041.91,False
E04,AngloGold Ashanti,mining,FY2026,contingent_note,Total trade finance notional,3,515693855.49,False
E04,AngloGold Ashanti,mining,FY2024,contingent_note,Of which export,4,196788814.49,False
E04,AngloGold Ashanti,mining,FY2025,contingent_note,Of which export,4,219864787.73,False
E04,AngloGold Ashanti,mining,FY2026,contingent_note,Of which export,4,250212821.04,False
E04,AngloGold Ashanti,mining,FY2024,contingent_note,Of which import,5,236313956.68,False
E04,AngloGold Ashanti,mining,FY2025,contingent_note,Of which import,5,227704254.18,False
E04,AngloGold Ashanti,mining,FY2026,contingent_note,Of which import,5,265481034.45,False
E04,AngloGold Ashanti,mining,FY2024,contingent_note,Open exposure at period end,6,242818581.03,False
E04,AngloGold Ashanti,mining,FY2025,contingent_note,Open exposure at period end,6,249281441.57,False
E04,AngloGold Ashanti,mining,FY2026,contingent_note,Open exposure at period end,6,245198656.89000002,False
E04,AngloGold Ashanti,mining,FY2024,contingent_note,Settled during period,7,170404641.98,False
E04,AngloGold Ashanti,mining,FY2025,contingent_note,Settled during period,7,164858772.39000002,False
E04,AngloGold Ashanti,mining,FY2026,contingent_note,Settled during period,7,234650318.07,False
E04,AngloGold Ashanti,mining,FY2024,contingent_note,Weighted average tenor (days),8,108.89355115136885,True
E04,AngloGold Ashanti,mining,FY2025,contingent_note,Weighted average tenor (days),8,108.32193789042044,True
E04,AngloGold Ashanti,mining,FY2026,contingent_note,Weighted average tenor (days),8,103.89094093722223,True
E04,AngloGold Ashanti,mining,FY2024,contingent_note,Instrument count,9,283.0,True
E04,AngloGold Ashanti,mining,FY2025,contingent_note,Instrument count,9,274.0,True
E04,AngloGold Ashanti,mining,FY2026,contingent_note,Instrument count,9,305.0,True
E04,AngloGold Ashanti,mining,FY2024,contingent_note,Counterparty countries,10,19.0,True
E04,AngloGold Ashanti,mining,FY2025,contingent_note,Counterparty countries,10,19.0,True
E04,AngloGold Ashanti,mining,FY2026,contingent_note,Counterparty countries,10,19.0,True
E04,AngloGold Ashanti,mining,FY2024,income_statement,Revenue - domestic collections,0,967216736.1600657,False
E04,AngloGold Ashanti,mining,FY2025,income_statement,Revenue - domestic collections,0,965176426.4625632,False
E04,AngloGold Ashanti,mining,FY2026,income_statement,Revenue - domestic collections,0,1050012202.6940955,False
E04,AngloGold Ashanti,mining,FY2024,income_statement,Revenue - cross-border trade receipts,1,214070985.05,False
E04,AngloGold Ashanti,mining,FY2025,income_statement,Revenue - cross-border trade receipts,1,211713115.03,False
E04,AngloGold Ashanti,mining,FY2026,income_statement,Revenue - cross-border trade receipts,1,227921139.12,False
E04,AngloGold Ashanti,mining,FY2024,income_statement,Other operating income,2,45713219.74,False
E04,AngloGold Ashanti,mining,FY2025,income_statement,Other operating income,2,44637881.35,False
E04,AngloGold Ashanti,mining,FY2026,income_statement,Other operating income,2,33224755.759999998,False
E04,AngloGold Ashanti,mining,FY2024,income_statement,Total revenue,3,1227000940.9500656,False
E04,AngloGold Ashanti,mining,FY2025,income_statement,Total revenue,3,1221527422.8425632,False
E04,AngloGold Ashanti,mining,FY2026,income_statement,Total revenue,3,1311158097.5740955,False
E04,AngloGold Ashanti,mining,FY2024,income_statement,Cost of sales - domestic suppliers,4,-181350662.01,False
E04,AngloGold Ashanti,mining,FY2025,income_statement,Cost of sales - domestic suppliers,4,-178058989.11,False
E04,AngloGold Ashanti,mining,FY2026,income_statement,Cost of sales - domestic suppliers,4,-203745673.92,False
E04,AngloGold Ashanti,mining,FY2024,income_statement,Cost of sales - cross-border trade payments,5,-190262833.1,False
E04,AngloGold Ashanti,mining,FY2025,income_statement,Cost of sales - cross-border trade payments,5,-234878476.44,False
E04,AngloGold Ashanti,mining,FY2026,income_statement,Cost of sales - cross-border trade payments,5,-169705364.87,False
E04,AngloGold Ashanti,mining,FY2024,income_statement,Cost of sales and supplier payments,6,-371613495.11,False
E04,AngloGold Ashanti,mining,FY2025,income_statement,Cost of sales and supplier payments,6,-412937465.55,False
E04,AngloGold Ashanti,mining,FY2026,income_statement,Cost of sales and supplier payments,6,-373451038.78999996,False
E04,AngloGold Ashanti,mining,FY2024,income_statement,Gross profit proxy,7,855387445.8400656,False
E04,AngloGold Ashanti,mining,FY2025,income_statement,Gross profit proxy,7,808589957.2925632,False
E04,AngloGold Ashanti,mining,FY2026,income_statement,Gross profit proxy,7,937707058.7840955,False
E04,AngloGold Ashanti,mining,FY2024,income_statement,Employee costs,8,-838213.15,False
E04,AngloGold Ashanti,mining,FY2025,income_statement,Employee costs,8,-677411.92,False
E04,AngloGold Ashanti,mining,FY2026,income_statement,Employee costs,8,-995917.74,False
E04,AngloGold Ashanti,mining,FY2024,income_statement,Other operating expenses,9,-31899348.8,False
E04,AngloGold Ashanti,mining,FY2025,income_statement,Other operating expenses,9,-49046733.58,False
E04,AngloGold Ashanti,mining,FY2026,income_statement,Other operating expenses,9,-35739445.51,False
E04,AngloGold Ashanti,mining,FY2024,income_statement,EBITDA proxy,10,822649883.8900657,False
E04,AngloGold Ashanti,mining,FY2025,income_statement,EBITDA proxy,10,758865811.7925632,False
E04,AngloGold Ashanti,mining,FY2026,income_statement,EBITDA proxy,10,900971695.5340955,False
E04,AngloGold Ashanti,mining,FY2024,income_statement,Taxation paid,11,-3153941.59,False
E04,AngloGold Ashanti,mining,FY2025,income_statement,Taxation paid,11,-1928040.58,False
E04,AngloGold Ashanti,mining,FY2026,income_statement,Taxation paid,11,-1401400.27,False
E04,AngloGold Ashanti,mining,FY2024,income_statement,Net cash earnings proxy,12,819495942.3000656,False
E04,AngloGold Ashanti,mining,FY2025,income_statement,Net cash earnings proxy,12,756937771.2125632,False
E04,AngloGold Ashanti,mining,FY2026,income_statement,Net cash earnings proxy,12,899570295.2640955,False
E04,AngloGold Ashanti,mining,FY2024,income_statement,Gross margin proxy,13,0.6971367480596551,True
E04,AngloGold Ashanti,mining,FY2025,income_statement,Gross margin proxy,13,0.6619499015510669,True
E04,AngloGold Ashanti,mining,FY2026,income_statement,Gross margin proxy,13,0.7151746692630286,True
E04,AngloGold Ashanti,mining,FY2024,income_statement,EBITDA margin proxy,14,0.6704557889361427,True
E04,AngloGold Ashanti,mining,FY2025,income_statement,EBITDA margin proxy,14,0.6212433692455628,True
E04,AngloGold Ashanti,mining,FY2026,income_statement,EBITDA margin proxy,14,0.6871571759355894,True
E04,AngloGold Ashanti,mining,FY2024,income_statement,Employee cost ratio,15,0.0006831397776687705,True
E04,AngloGold Ashanti,mining,FY2025,income_statement,Employee cost ratio,15,0.000554561369096098,True
E04,AngloGold Ashanti,mining,FY2026,income_statement,Employee cost ratio,15,0.0007595710554224138,True
E04,AngloGold Ashanti,mining,FY2024,income_statement,Export revenue share,16,0.17446684668737503,True
E04,AngloGold Ashanti,mining,FY2025,income_statement,Export revenue share,16,0.17331834805421859,True
E04,AngloGold Ashanti,mining,FY2026,income_statement,Export revenue share,16,0.17383192731807068,True
E04,AngloGold Ashanti,mining,FY2024,income_statement,Effective cash tax rate,17,0.0038338807939605505,True
E04,AngloGold Ashanti,mining,FY2025,income_statement,Effective cash tax rate,17,0.002540687101775817,True
E04,AngloGold Ashanti,mining,FY2026,income_statement,Effective cash tax rate,17,0.0015554320706703784,True
E04,AngloGold Ashanti,mining,FY2024,income_statement,Revenue growth,18,,True
E04,AngloGold Ashanti,mining,FY2025,income_statement,Revenue growth,18,-0.00446089153221374,True
E04,AngloGold Ashanti,mining,FY2026,income_statement,Revenue growth,18,0.07337590057778365,True
E05,Gold Fields,mining,FY2024,cash_flow,Receipts from customers,0,1085366203.831007,False
E05,Gold Fields,mining,FY2025,cash_flow,Receipts from customers,0,1098905973.6977572,False
E05,Gold Fields,mining,FY2026,cash_flow,Receipts from customers,0,1145855483.7053783,False
E05,Gold Fields,mining,FY2024,cash_flow,Payments to suppliers,1,-388717061.45,False
E05,Gold Fields,mining,FY2025,cash_flow,Payments to suppliers,1,-444991305.7900001,False
E05,Gold Fields,mining,FY2026,cash_flow,Payments to suppliers,1,-428980463.29,False
E05,Gold Fields,mining,FY2024,cash_flow,Payments to employees,2,-706317.11,False
E05,Gold Fields,mining,FY2025,cash_flow,Payments to employees,2,-639991.15,False
E05,Gold Fields,mining,FY2026,cash_flow,Payments to employees,2,-861031.32,False
E05,Gold Fields,mining,FY2024,cash_flow,Taxation paid,3,-2476141.26,False
E05,Gold Fields,mining,FY2025,cash_flow,Taxation paid,3,-1919317.33,False
E05,Gold Fields,mining,FY2026,cash_flow,Taxation paid,3,-2463030.78,False
E05,Gold Fields,mining,FY2024,cash_flow,Net cash from operating activities,4,693466684.011007,False
E05,Gold Fields,mining,FY2025,cash_flow,Net cash from operating activities,4,651355359.4277571,False
E05,Gold Fields,mining,FY2026,cash_flow,Net cash from operating activities,4,713550958.3153783,False
E05,Gold Fields,mining,FY2024,cash_flow,Intragroup sweeps received,5,223252218.68,False
E05,Gold Fields,mining,FY2025,cash_flow,Intragroup sweeps received,5,274954461.57,False
E05,Gold Fields,mining,FY2026,cash_flow,Intragroup sweeps received,5,305850689.11,False
E05,Gold Fields,mining,FY2024,cash_flow,Intragroup sweeps paid,6,-288336574.95,False
E05,Gold Fields,mining,FY2025,cash_flow,Intragroup sweeps paid,6,-243951069.69,False
E05,Gold Fields,mining,FY2026,cash_flow,Intragroup sweeps paid,6,-320207356.62,False
E05,Gold Fields,mining,FY2024,cash_flow,Cross-border intragroup received,7,253849227.05,False
E05,Gold Fields,mining,FY2025,cash_flow,Cross-border intragroup received,7,197362170.53,False
E05,Gold Fields,mining,FY2026,cash_flow,Cross-border intragroup received,7,195509079.78,False
E05,Gold Fields,mining,FY2024,cash_flow,Cross-border intragroup paid,8,-253669723.07,False
E05,Gold Fields,mining,FY2025,cash_flow,Cross-border intragroup paid,8,-193085937.87,False
E05,Gold Fields,mining,FY2026,cash_flow,Cross-border intragroup paid,8,-232443292.26,False
E05,Gold Fields,mining,FY2024,cash_flow,Net intragroup and financing flows,9,-64904852.28999996,False
E05,Gold Fields,mining,FY2025,cash_flow,Net intragroup and financing flows,9,35279624.53999999,False
E05,Gold Fields,mining,FY2026,cash_flow,Net intragroup and financing flows,9,-51290879.98999998,False
E05,Gold Fields,mining,FY2024,cash_flow,Net movement in cash,10,628561831.721007,False
E05,Gold Fields,mining,FY2025,cash_flow,Net movement in cash,10,686634983.9677571,False
E05,Gold Fields,mining,FY2026,cash_flow,Net movement in cash,10,662260078.3253783,False
E05,Gold Fields,mining,FY2024,cash_flow,Memo - gross cash inflows,11,1562467649.561007,False
E05,Gold Fields,mining,FY2025,cash_flow,Memo - gross cash inflows,11,1571222605.7977571,False
E05,Gold Fields,mining,FY2026,cash_flow,Memo - gross cash inflows,11,1647215252.5953782,False
E05,Gold Fields,mining,FY2024,cash_flow,Memo - gross cash outflows,12,-933905817.8399999,False
E05,Gold Fields,mining,FY2025,cash_flow,Memo - gross cash outflows,12,-884587621.83,False
E05,Gold Fields,mining,FY2026,cash_flow,Memo - gross cash outflows,12,-984955174.27,False
E05,Gold Fields,mining,FY2024,cash_flow,Memo - foreign currency gross flows,13,973400004.5999999,False
E05,Gold Fields,mining,FY2025,cash_flow,Memo - foreign currency gross flows,13,948095624.53,False
E05,Gold Fields,mining,FY2026,cash_flow,Memo - foreign currency gross flows,13,899750778.16,False
E05,Gold Fields,mining,FY2024,cash_flow,Operating cash conversion,14,0.6389241544128461,True
E05,Gold Fields,mining,FY2025,cash_flow,Operating cash conversion,14,0.592730747687159,True
E05,Gold Fields,mining,FY2026,cash_flow,Operating cash conversion,14,0.6227233437919699,True
E05,Gold Fields,mining,FY2024,contingent_note,Letters of credit - notional,0,325759661.4,False
E05,Gold Fields,mining,FY2025,contingent_note,Letters of credit - notional,0,212152560.72,False
E05,Gold Fields,mining,FY2026,contingent_note,Letters of credit - notional,0,306007606.78,False
E05,Gold Fields,mining,FY2024,contingent_note,Guarantees - notional,1,144571040.02,False
E05,Gold Fields,mining,FY2025,contingent_note,Guarantees - notional,1,167100279.39,False
E05,Gold Fields,mining,FY2026,contingent_note,Guarantees - notional,1,220111149.31,False
E05,Gold Fields,mining,FY2024,contingent_note,Export collections - notional,2,77354647.58,False
E05,Gold Fields,mining,FY2025,contingent_note,Export collections - notional,2,58779850.79,False
E05,Gold Fields,mining,FY2026,contingent_note,Export collections - notional,2,169266995.76,False
E05,Gold Fields,mining,FY2024,contingent_note,Total trade finance notional,3,547685349.0,False
E05,Gold Fields,mining,FY2025,contingent_note,Total trade finance notional,3,438032690.90000004,False
E05,Gold Fields,mining,FY2026,contingent_note,Total trade finance notional,3,695385751.8499999,False
E05,Gold Fields,mining,FY2024,contingent_note,Of which export,4,204105311.23,False
E05,Gold Fields,mining,FY2025,contingent_note,Of which export,4,205648727.41,False
E05,Gold Fields,mining,FY2026,contingent_note,Of which export,4,346170529.38,False
E05,Gold Fields,mining,FY2024,contingent_note,Of which import,5,343580037.77,False
E05,Gold Fields,mining,FY2025,contingent_note,Of which import,5,232383963.49,False
E05,Gold Fields,mining,FY2026,contingent_note,Of which import,5,349215222.46999997,False
E05,Gold Fields,mining,FY2024,contingent_note,Open exposure at period end,6,339674521.37,False
E05,Gold Fields,mining,FY2025,contingent_note,Open exposure at period end,6,197325399.58,False
E05,Gold Fields,mining,FY2026,contingent_note,Open exposure at period end,6,396225053.29,False
E05,Gold Fields,mining,FY2024,contingent_note,Settled during period,7,166215298.22,False
E05,Gold Fields,mining,FY2025,contingent_note,Settled during period,7,200024862.21,False
E05,Gold Fields,mining,FY2026,contingent_note,Settled during period,7,251790814.57999998,False
E05,Gold Fields,mining,FY2024,contingent_note,Weighted average tenor (days),8,113.02385649410535,True
E05,Gold Fields,mining,FY2025,contingent_note,Weighted average tenor (days),8,104.81469796653025,True
E05,Gold Fields,mining,FY2026,contingent_note,Weighted average tenor (days),8,114.27735014002933,True
E05,Gold Fields,mining,FY2024,contingent_note,Instrument count,9,298.0,True
E05,Gold Fields,mining,FY2025,contingent_note,Instrument count,9,292.0,True
E05,Gold Fields,mining,FY2026,contingent_note,Instrument count,9,341.0,True
E05,Gold Fields,mining,FY2024,contingent_note,Counterparty countries,10,15.0,True
E05,Gold Fields,mining,FY2025,contingent_note,Counterparty countries,10,15.0,True
E05,Gold Fields,mining,FY2026,contingent_note,Counterparty countries,10,15.0,True
E05,Gold Fields,mining,FY2024,income_statement,Revenue - domestic collections,0,855157554.4710069,False
E05,Gold Fields,mining,FY2025,income_statement,Revenue - domestic collections,0,831217156.1177572,False
E05,Gold Fields,mining,FY2026,income_statement,Revenue - domestic collections,0,931267759.0653784,False
E05,Gold Fields,mining,FY2024,income_statement,Revenue - cross-border trade receipts,1,200145191.96,False
E05,Gold Fields,mining,FY2025,income_statement,Revenue - cross-border trade receipts,1,224009521.68,False
E05,Gold Fields,mining,FY2026,income_statement,Revenue - cross-border trade receipts,1,166666481.77,False
E05,Gold Fields,mining,FY2024,income_statement,Other operating income,2,30063457.4,False
E05,Gold Fields,mining,FY2025,income_statement,Other operating income,2,43679295.9,False
E05,Gold Fields,mining,FY2026,income_statement,Other operating income,2,47921242.87,False
E05,Gold Fields,mining,FY2024,income_statement,Total revenue,3,1085366203.831007,False
E05,Gold Fields,mining,FY2025,income_statement,Total revenue,3,1098905973.6977572,False
E05,Gold Fields,mining,FY2026,income_statement,Total revenue,3,1145855483.7053783,False
E05,Gold Fields,mining,FY2024,income_statement,Cost of sales - domestic suppliers,4,-153044656.33,False
E05,Gold Fields,mining,FY2025,income_statement,Cost of sales - domestic suppliers,4,-155032607.24,False
E05,Gold Fields,mining,FY2026,income_statement,Cost of sales - domestic suppliers,4,-171769781.81,False
E05,Gold Fields,mining,FY2024,income_statement,Cost of sales - cross-border trade payments,5,-200346637.23,False
E05,Gold Fields,mining,FY2025,income_statement,Cost of sales - cross-border trade payments,5,-236244927.21,False
E05,Gold Fields,mining,FY2026,income_statement,Cost of sales - cross-border trade payments,5,-211899965.99,False
E05,Gold Fields,mining,FY2024,income_statement,Cost of sales and supplier payments,6,-353391293.56,False
E05,Gold Fields,mining,FY2025,income_statement,Cost of sales and supplier payments,6,-391277534.45000005,False
E05,Gold Fields,mining,FY2026,income_statement,Cost of sales and supplier payments,6,-383669747.8,False
E05,Gold Fields,mining,FY2024,income_statement,Gross profit proxy,7,731974910.2710071,False
E05,Gold Fields,mining,FY2025,income_statement,Gross profit proxy,7,707628439.2477572,False
E05,Gold Fields,mining,FY2026,income_statement,Gross profit proxy,7,762185735.9053783,False
E05,Gold Fields,mining,FY2024,income_statement,Employee costs,8,-706317.11,False
E05,Gold Fields,mining,FY2025,income_statement,Employee costs,8,-639991.15,False
E05,Gold Fields,mining,FY2026,income_statement,Employee costs,8,-861031.32,False
E05,Gold Fields,mining,FY2024,income_statement,Other operating expenses,9,-35325767.89,False
E05,Gold Fields,mining,FY2025,income_statement,Other operating expenses,9,-53713771.34,False
E05,Gold Fields,mining,FY2026,income_statement,Other operating expenses,9,-45310715.49,False
E05,Gold Fields,mining,FY2024,income_statement,EBITDA proxy,10,695942825.2710071,False
E05,Gold Fields,mining,FY2025,income_statement,EBITDA proxy,10,653274676.7577572,False
E05,Gold Fields,mining,FY2026,income_statement,EBITDA proxy,10,716013989.0953783,False
E05,Gold Fields,mining,FY2024,income_statement,Taxation paid,11,-2476141.26,False
E05,Gold Fields,mining,FY2025,income_statement,Taxation paid,11,-1919317.33,False
E05,Gold Fields,mining,FY2026,income_statement,Taxation paid,11,-2463030.78,False
E05,Gold Fields,mining,FY2024,income_statement,Net cash earnings proxy,12,693466684.0110071,False
E05,Gold Fields,mining,FY2025,income_statement,Net cash earnings proxy,12,651355359.4277571,False
E05,Gold Fields,mining,FY2026,income_statement,Net cash earnings proxy,12,713550958.3153783,False
E05,Gold Fields,mining,FY2024,income_statement,Gross margin proxy,13,0.6744036323292194,True
E05,Gold Fields,mining,FY2025,income_statement,Gross margin proxy,13,0.6439390231601226,True
E05,Gold Fields,mining,FY2026,income_statement,Gross margin proxy,13,0.6651674201014263,True
E05,Gold Fields,mining,FY2024,income_statement,EBITDA margin proxy,14,0.6412055422534294,True
E05,Gold Fields,mining,FY2025,income_statement,EBITDA margin proxy,14,0.5944773187095566,True
E05,Gold Fields,mining,FY2026,income_statement,EBITDA margin proxy,14,0.6248728563745124,True
E05,Gold Fields,mining,FY2024,income_statement,Employee cost ratio,15,0.0006507638689199268,True
E05,Gold Fields,mining,FY2025,income_statement,Employee cost ratio,15,0.0005823893629829543,True
E05,Gold Fields,mining,FY2026,income_statement,Employee cost ratio,15,0.0007514309895482315,True
E05,Gold Fields,mining,FY2024,income_statement,Export revenue share,16,0.18440337579477728,True
E05,Gold Fields,mining,FY2025,income_statement,Export revenue share,16,0.2038477604468929,True
E05,Gold Fields,mining,FY2026,income_statement,Export revenue share,16,0.14545157233183273,True
E05,Gold Fields,mining,FY2024,income_statement,Effective cash tax rate,17,0.0035579665025438916,True
E05,Gold Fields,mining,FY2025,income_statement,Effective cash tax rate,17,0.002937994381667588,True
E05,Gold Fields,mining,FY2026,income_statement,Effective cash tax rate,17,0.003439919914290817,True
E05,Gold Fields,mining,FY2024,income_statement,Revenue growth,18,,True
E05,Gold Fields,mining,FY2025,income_statement,Revenue growth,18,0.012474840122125741,True
E05,Gold Fields,mining,FY2026,income_statement,Revenue growth,18,0.04272386458109656,True
E06,Valterra Platinum,mining,FY2024,cash_flow,Receipts from customers,0,82560942.4413936,False
E06,Valterra Platinum,mining,FY2025,cash_flow,Receipts from customers,0,82577519.33932224,False
E06,Valterra Platinum,mining,FY2026,cash_flow,Receipts from customers,0,92639565.46511242,False
E06,Valterra Platinum,mining,FY2024,cash_flow,Payments to suppliers,1,-55290231.589999996,False
E06,Valterra Platinum,mining,FY2025,cash_flow,Payments to suppliers,1,-62729246.019999996,False
E06,Valterra Platinum,mining,FY2026,cash_flow,Payments to suppliers,1,-60021573.72,False
E06,Valterra Platinum,mining,FY2024,cash_flow,Payments to employees,2,-5960.93,False
E06,Valterra Platinum,mining,FY2025,cash_flow,Payments to employees,2,-0.0,False
E06,Valterra Platinum,mining,FY2026,cash_flow,Payments to employees,2,-0.0,False
E06,Valterra Platinum,mining,FY2024,cash_flow,Taxation paid,3,-0.0,False
E06,Valterra Platinum,mining,FY2025,cash_flow,Taxation paid,3,-312298.32,False
E06,Valterra Platinum,mining,FY2026,cash_flow,Taxation paid,3,-716235.88,False
E06,Valterra Platinum,mining,FY2024,cash_flow,Net cash from operating activities,4,27264749.921393603,False
E06,Valterra Platinum,mining,FY2025,cash_flow,Net cash from operating activities,4,19535974.999322243,False
E06,Valterra Platinum,mining,FY2026,cash_flow,Net cash from operating activities,4,31901755.86511242,False
E06,Valterra Platinum,mining,FY2024,cash_flow,Intragroup sweeps received,5,746145.0,False
E06,Valterra Platinum,mining,FY2025,cash_flow,Intragroup sweeps received,5,820835.3400000001,False
E06,Valterra Platinum,mining,FY2026,cash_flow,Intragroup sweeps received,5,2061962.28,False
E06,Valterra Platinum,mining,FY2024,cash_flow,Intragroup sweeps paid,6,-1728982.72,False
E06,Valterra Platinum,mining,FY2025,cash_flow,Intragroup sweeps paid,6,-3873510.3600000003,False
E06,Valterra Platinum,mining,FY2026,cash_flow,Intragroup sweeps paid,6,-5705169.08,False
E06,Valterra Platinum,mining,FY2024,cash_flow,Cross-border intragroup received,7,36182865.58,False
E06,Valterra Platinum,mining,FY2025,cash_flow,Cross-border intragroup received,7,40245816.44,False
E06,Valterra Platinum,mining,FY2026,cash_flow,Cross-border intragroup received,7,45285480.150000006,False
E06,Valterra Platinum,mining,FY2024,cash_flow,Cross-border intragroup paid,8,-35075769.09,False
E06,Valterra Platinum,mining,FY2025,cash_flow,Cross-border intragroup paid,8,-51831938.9,False
E06,Valterra Platinum,mining,FY2026,cash_flow,Cross-border intragroup paid,8,-47675765.92,False
E06,Valterra Platinum,mining,FY2024,cash_flow,Net intragroup and financing flows,9,124258.76999999583,False
E06,Valterra Platinum,mining,FY2025,cash_flow,Net intragroup and financing flows,9,-14638797.480000004,False
E06,Valterra Platinum,mining,FY2026,cash_flow,Net intragroup and financing flows,9,-6033492.569999993,False
E06,Valterra Platinum,mining,FY2024,cash_flow,Net movement in cash,10,27389008.6913936,False
E06,Valterra Platinum,mining,FY2025,cash_flow,Net movement in cash,10,4897177.519322239,False
E06,Valterra Platinum,mining,FY2026,cash_flow,Net movement in cash,10,25868263.295112427,False
E06,Valterra Platinum,mining,FY2024,cash_flow,Memo - gross cash inflows,11,119489953.0213936,False
E06,Valterra Platinum,mining,FY2025,cash_flow,Memo - gross cash inflows,11,123644171.11932224,False
E06,Valterra Platinum,mining,FY2026,cash_flow,Memo - gross cash inflows,11,139987007.89511243,False
E06,Valterra Platinum,mining,FY2024,cash_flow,Memo - gross cash outflows,12,-92100944.33,False
E06,Valterra Platinum,mining,FY2025,cash_flow,Memo - gross cash outflows,12,-118746993.6,False
E06,Valterra Platinum,mining,FY2026,cash_flow,Memo - gross cash outflows,12,-114118744.6,False
E06,Valterra Platinum,mining,FY2024,cash_flow,Memo - foreign currency gross flows,13,174159503.27,False
E06,Valterra Platinum,mining,FY2025,cash_flow,Memo - foreign currency gross flows,13,192792730.06,False
E06,Valterra Platinum,mining,FY2026,cash_flow,Memo - foreign currency gross flows,13,202511540.88,False
E06,Valterra Platinum,mining,FY2024,cash_flow,Operating cash conversion,14,0.3302378717484682,True
E06,Valterra Platinum,mining,FY2025,cash_flow,Operating cash conversion,14,0.2365774021261921,True
E06,Valterra Platinum,mining,FY2026,cash_flow,Operating cash conversion,14,0.34436426493306965,True
E06,Valterra Platinum,mining,FY2024,contingent_note,Letters of credit - notional,0,32010282.68,False
E06,Valterra Platinum,mining,FY2025,contingent_note,Letters of credit - notional,0,71492639.79,False
E06,Valterra Platinum,mining,FY2026,contingent_note,Letters of credit - notional,0,55625234.62,False
E06,Valterra Platinum,mining,FY2024,contingent_note,Guarantees - notional,1,48512920.94,False
E06,Valterra Platinum,mining,FY2025,contingent_note,Guarantees - notional,1,42504520.16,False
E06,Valterra Platinum,mining,FY2026,contingent_note,Guarantees - notional,1,48188284.29,False
E06,Valterra Platinum,mining,FY2024,contingent_note,Export collections - notional,2,12005869.18,False
E06,Valterra Platinum,mining,FY2025,contingent_note,Export collections - notional,2,17613098.74,False
E06,Valterra Platinum,mining,FY2026,contingent_note,Export collections - notional,2,11564801.32,False
E06,Valterra Platinum,mining,FY2024,contingent_note,Total trade finance notional,3,92529072.80000001,False
E06,Valterra Platinum,mining,FY2025,contingent_note,Total trade finance notional,3,131610258.69,False
E06,Valterra Platinum,mining,FY2026,contingent_note,Total trade finance notional,3,115378320.22999999,False
E06,Valterra Platinum,mining,FY2024,contingent_note,Of which export,4,31398567.36,False
E06,Valterra Platinum,mining,FY2025,contingent_note,Of which export,4,46859320.24,False
E06,Valterra Platinum,mining,FY2026,contingent_note,Of which export,4,52626310.59,False
E06,Valterra Platinum,mining,FY2024,contingent_note,Of which import,5,61130505.44,False
E06,Valterra Platinum,mining,FY2025,contingent_note,Of which import,5,84750938.45,False
E06,Valterra Platinum,mining,FY2026,contingent_note,Of which import,5,62752009.64,False
E06,Valterra Platinum,mining,FY2024,contingent_note,Open exposure at period end,6,39696304.79,False
E06,Valterra Platinum,mining,FY2025,contingent_note,Open exposure at period end,6,55268983.1,False
E06,Valterra Platinum,mining,FY2026,contingent_note,Open exposure at period end,6,45968976.64,False
E06,Valterra Platinum,mining,FY2024,contingent_note,Settled during period,7,51832249.1,False
E06,Valterra Platinum,mining,FY2025,contingent_note,Settled during period,7,64836192.79,False
E06,Valterra Platinum,mining,FY2026,contingent_note,Settled during period,7,49180371.349999994,False
E06,Valterra Platinum,mining,FY2024,contingent_note,Weighted average tenor (days),8,95.9053251093423,True
E06,Valterra Platinum,mining,FY2025,contingent_note,Weighted average tenor (days),8,123.21554371720231,True
E06,Valterra Platinum,mining,FY2026,contingent_note,Weighted average tenor (days),8,132.36668375094786,True
E06,Valterra Platinum,mining,FY2024,contingent_note,Instrument count,9,59.0,True
E06,Valterra Platinum,mining,FY2025,contingent_note,Instrument count,9,75.0,True
E06,Valterra Platinum,mining,FY2026,contingent_note,Instrument count,9,70.0,True
E06,Valterra Platinum,mining,FY2024,contingent_note,Counterparty countries,10,15.0,True
E06,Valterra Platinum,mining,FY2025,contingent_note,Counterparty countries,10,16.0,True
E06,Valterra Platinum,mining,FY2026,contingent_note,Counterparty countries,10,15.0,True
E06,Valterra Platinum,mining,FY2024,income_statement,Revenue - domestic collections,0,27417799.931393605,False
E06,Valterra Platinum,mining,FY2025,income_statement,Revenue - domestic collections,0,32706228.87932224,False
E06,Valterra Platinum,mining,FY2026,income_statement,Revenue - domestic collections,0,33940580.06511242,False
E06,Valterra Platinum,mining,FY2024,income_statement,Revenue - cross-border trade receipts,1,40766226.93,False
E06,Valterra Platinum,mining,FY2025,income_statement,Revenue - cross-border trade receipts,1,40189934.4,False
E06,Valterra Platinum,mining,FY2026,income_statement,Revenue - cross-border trade receipts,1,46783984.339999996,False
E06,Valterra Platinum,mining,FY2024,income_statement,Other operating income,2,14376915.58,False
E06,Valterra Platinum,mining,FY2025,income_statement,Other operating income,2,9681356.06,False
E06,Valterra Platinum,mining,FY2026,income_statement,Other operating income,2,11915001.06,False
E06,Valterra Platinum,mining,FY2024,income_statement,Total revenue,3,82560942.4413936,False
E06,Valterra Platinum,mining,FY2025,income_statement,Total revenue,3,82577519.33932224,False
E06,Valterra Platinum,mining,FY2026,income_statement,Total revenue,3,92639565.46511242,False
E06,Valterra Platinum,mining,FY2024,income_statement,Cost of sales - domestic suppliers,4,-7532505.5,False
E06,Valterra Platinum,mining,FY2025,income_statement,Cost of sales - domestic suppliers,4,-11885561.76,False
E06,Valterra Platinum,mining,FY2026,income_statement,Cost of sales - domestic suppliers,4,-9170264.31,False
E06,Valterra Platinum,mining,FY2024,income_statement,Cost of sales - cross-border trade payments,5,-36717778.37,False
E06,Valterra Platinum,mining,FY2025,income_statement,Cost of sales - cross-border trade payments,5,-39383947.44,False
E06,Valterra Platinum,mining,FY2026,income_statement,Cost of sales - cross-border trade payments,5,-41726651.41,False
E06,Valterra Platinum,mining,FY2024,income_statement,Cost of sales and supplier payments,6,-44250283.87,False
E06,Valterra Platinum,mining,FY2025,income_statement,Cost of sales and supplier payments,6,-51269509.199999996,False
E06,Valterra Platinum,mining,FY2026,income_statement,Cost of sales and supplier payments,6,-50896915.72,False
E06,Valterra Platinum,mining,FY2024,income_statement,Gross profit proxy,7,38310658.5713936,False
E06,Valterra Platinum,mining,FY2025,income_statement,Gross profit proxy,7,31308010.139322244,False
E06,Valterra Platinum,mining,FY2026,income_statement,Gross profit proxy,7,41742649.74511242,False
E06,Valterra Platinum,mining,FY2024,income_statement,Employee costs,8,-5960.93,False
E06,Valterra Platinum,mining,FY2025,income_statement,Employee costs,8,-0.0,False
E06,Valterra Platinum,mining,FY2026,income_statement,Employee costs,8,-0.0,False
E06,Valterra Platinum,mining,FY2024,income_statement,Other operating expenses,9,-11039947.72,False
E06,Valterra Platinum,mining,FY2025,income_statement,Other operating expenses,9,-11459736.82,False
E06,Valterra Platinum,mining,FY2026,income_statement,Other operating expenses,9,-9124658.0,False
E06,Valterra Platinum,mining,FY2024,income_statement,EBITDA proxy,10,27264749.921393603,False
E06,Valterra Platinum,mining,FY2025,income_statement,EBITDA proxy,10,19848273.319322243,False
E06,Valterra Platinum,mining,FY2026,income_statement,EBITDA proxy,10,32617991.74511242,False
E06,Valterra Platinum,mining,FY2024,income_statement,Taxation paid,11,-0.0,False
E06,Valterra Platinum,mining,FY2025,income_statement,Taxation paid,11,-312298.32,False
E06,Valterra Platinum,mining,FY2026,income_statement,Taxation paid,11,-716235.88,False
E06,Valterra Platinum,mining,FY2024,income_statement,Net cash earnings proxy,12,27264749.921393603,False
E06,Valterra Platinum,mining,FY2025,income_statement,Net cash earnings proxy,12,19535974.999322243,False
E06,Valterra Platinum,mining,FY2026,income_statement,Net cash earnings proxy,12,31901755.86511242,False
E06,Valterra Platinum,mining,FY2024,income_statement,Gross margin proxy,13,0.46402884267689487,True
E06,Valterra Platinum,mining,FY2025,income_statement,Gross margin proxy,13,0.3791347861961484,True
E06,Valterra Platinum,mining,FY2026,income_statement,Gross margin proxy,13,0.4505920287464268,True
E06,Valterra Platinum,mining,FY2024,income_statement,EBITDA margin proxy,14,0.3302378717484682,True
E06,Valterra Platinum,mining,FY2025,income_statement,EBITDA margin proxy,14,0.24035928274574334,True
E06,Valterra Platinum,mining,FY2026,income_statement,EBITDA margin proxy,14,0.3520956902307167,True
E06,Valterra Platinum,mining,FY2024,income_statement,Employee cost ratio,15,7.220036283175187e-05,True
E06,Valterra Platinum,mining,FY2025,income_statement,Employee cost ratio,15,0.0,True
E06,Valterra Platinum,mining,FY2026,income_statement,Employee cost ratio,15,0.0,True
E06,Valterra Platinum,mining,FY2024,income_statement,Export revenue share,16,0.4937713369604297,True
E06,Valterra Platinum,mining,FY2025,income_statement,Export revenue share,16,0.48669340907243896,True
E06,Valterra Platinum,mining,FY2026,income_statement,Export revenue share,16,0.5050108353284386,True
E06,Valterra Platinum,mining,FY2024,income_statement,Effective cash tax rate,17,0.0,True
E06,Valterra Platinum,mining,FY2025,income_statement,Effective cash tax rate,17,0.015734281515358738,True
E06,Valterra Platinum,mining,FY2026,income_statement,Effective cash tax rate,17,0.021958307108447993,True
E06,Valterra Platinum,mining,FY2024,income_statement,Revenue growth,18,,True
E06,Valterra Platinum,mining,FY2025,income_statement,Revenue growth,18,0.00020078377787902113,True
E06,Valterra Platinum,mining,FY2026,income_statement,Revenue growth,18,0.12184970202899725,True
E07,OUTsurance Group,insurance,FY2024,cash_flow,Receipts from customers,0,190824528.87,False
E07,OUTsurance Group,insurance,FY2025,cash_flow,Receipts from customers,0,353306866.32,False
E07,OUTsurance Group,insurance,FY2026,cash_flow,Receipts from customers,0,408159864.11,False
E07,OUTsurance Group,insurance,FY2024,cash_flow,Payments to suppliers,1,-194563149.25,False
E07,OUTsurance Group,insurance,FY2025,cash_flow,Payments to suppliers,1,-348417589.88,False
E07,OUTsurance Group,insurance,FY2026,cash_flow,Payments to suppliers,1,-474104173.27,False
E07,OUTsurance Group,insurance,FY2024,cash_flow,Payments to employees,2,-56313.6,False
E07,OUTsurance Group,insurance,FY2025,cash_flow,Payments to employees,2,-57149.03,False
E07,OUTsurance Group,insurance,FY2026,cash_flow,Payments to employees,2,-33273.28,False
E07,OUTsurance Group,insurance,FY2024,cash_flow,Taxation paid,3,-3279214.18,False
E07,OUTsurance Group,insurance,FY2025,cash_flow,Taxation paid,3,-3802434.25,False
E07,OUTsurance Group,insurance,FY2026,cash_flow,Taxation paid,3,-2871581.75,False
E07,OUTsurance Group,insurance,FY2024,cash_flow,Net cash from operating activities,4,-7074148.1599999955,False
E07,OUTsurance Group,insurance,FY2025,cash_flow,Net cash from operating activities,4,1029693.1599999974,False
E07,OUTsurance Group,insurance,FY2026,cash_flow,Net cash from operating activities,4,-68849164.18999997,False
E07,OUTsurance Group,insurance,FY2024,cash_flow,Intragroup sweeps received,5,30708084.68,False
E07,OUTsurance Group,insurance,FY2025,cash_flow,Intragroup sweeps received,5,33440183.91,False
E07,OUTsurance Group,insurance,FY2026,cash_flow,Intragroup sweeps received,5,48556889.51,False
E07,OUTsurance Group,insurance,FY2024,cash_flow,Intragroup sweeps paid,6,-40106685.06,False
E07,OUTsurance Group,insurance,FY2025,cash_flow,Intragroup sweeps paid,6,-42679789.11,False
E07,OUTsurance Group,insurance,FY2026,cash_flow,Intragroup sweeps paid,6,-54554067.23,False
E07,OUTsurance Group,insurance,FY2024,cash_flow,Cross-border intragroup received,7,83910614.8,False
E07,OUTsurance Group,insurance,FY2025,cash_flow,Cross-border intragroup received,7,158440152.92,False
E07,OUTsurance Group,insurance,FY2026,cash_flow,Cross-border intragroup received,7,204890423.18,False
E07,OUTsurance Group,insurance,FY2024,cash_flow,Cross-border intragroup paid,8,-112196947.82000001,False
E07,OUTsurance Group,insurance,FY2025,cash_flow,Cross-border intragroup paid,8,-171392163.92,False
E07,OUTsurance Group,insurance,FY2026,cash_flow,Cross-border intragroup paid,8,-286655313.63,False
E07,OUTsurance Group,insurance,FY2024,cash_flow,Net intragroup and financing flows,9,-37684933.40000002,False
E07,OUTsurance Group,insurance,FY2025,cash_flow,Net intragroup and financing flows,9,-22191616.199999988,False
E07,OUTsurance Group,insurance,FY2026,cash_flow,Net intragroup and financing flows,9,-87762068.16999999,False
E07,OUTsurance Group,insurance,FY2024,cash_flow,Net movement in cash,10,-44759081.56000002,False
E07,OUTsurance Group,insurance,FY2025,cash_flow,Net movement in cash,10,-21161923.03999999,False
E07,OUTsurance Group,insurance,FY2026,cash_flow,Net movement in cash,10,-156611232.35999995,False
E07,OUTsurance Group,insurance,FY2024,cash_flow,Memo - gross cash inflows,11,305443228.35,False
E07,OUTsurance Group,insurance,FY2025,cash_flow,Memo - gross cash inflows,11,545187203.15,False
E07,OUTsurance Group,insurance,FY2026,cash_flow,Memo - gross cash inflows,11,661607176.8,False
E07,OUTsurance Group,insurance,FY2024,cash_flow,Memo - gross cash outflows,12,-350202309.91,False
E07,OUTsurance Group,insurance,FY2025,cash_flow,Memo - gross cash outflows,12,-566349126.1899999,False
E07,OUTsurance Group,insurance,FY2026,cash_flow,Memo - gross cash outflows,12,-818218409.16,False
E07,OUTsurance Group,insurance,FY2024,cash_flow,Memo - foreign currency gross flows,13,414141805.09,False
E07,OUTsurance Group,insurance,FY2025,cash_flow,Memo - foreign currency gross flows,13,828998615.28,False
E07,OUTsurance Group,insurance,FY2026,cash_flow,Memo - foreign currency gross flows,13,1136816776.21,False
E07,OUTsurance Group,insurance,FY2024,cash_flow,Operating cash conversion,14,-0.037071482381697836,True
E07,OUTsurance Group,insurance,FY2025,cash_flow,Operating cash conversion,14,0.0029144442357578616,True
E07,OUTsurance Group,insurance,FY2026,cash_flow,Operating cash conversion,14,-0.16868185787969825,True
E07,OUTsurance Group,insurance,FY2024,contingent_note,Letters of credit - notional,0,11408850.9,False
E07,OUTsurance Group,insurance,FY2025,contingent_note,Letters of credit - notional,0,6997618.26,False
E07,OUTsurance Group,insurance,FY2026,contingent_note,Letters of credit - notional,0,21879065.21,False
E07,OUTsurance Group,insurance,FY2024,contingent_note,Guarantees - notional,1,20268634.37,False
E07,OUTsurance Group,insurance,FY2025,contingent_note,Guarantees - notional,1,62559638.37,False
E07,OUTsurance Group,insurance,FY2026,contingent_note,Guarantees - notional,1,39981131.69,False
E07,OUTsurance Group,insurance,FY2024,contingent_note,Export collections - notional,2,7926603.38,False
E07,OUTsurance Group,insurance,FY2025,contingent_note,Export collections - notional,2,14568648.969999999,False
E07,OUTsurance Group,insurance,FY2026,contingent_note,Export collections - notional,2,16747268.0,False
E07,OUTsurance Group,insurance,FY2024,contingent_note,Total trade finance notional,3,39604088.650000006,False
E07,OUTsurance Group,insurance,FY2025,contingent_note,Total trade finance notional,3,84125905.6,False
E07,OUTsurance Group,insurance,FY2026,contingent_note,Total trade finance notional,3,78607464.9,False
E07,OUTsurance Group,insurance,FY2024,contingent_note,Of which export,4,18167122.64,False
E07,OUTsurance Group,insurance,FY2025,contingent_note,Of which export,4,32963695.22,False
E07,OUTsurance Group,insurance,FY2026,contingent_note,Of which export,4,38690659.14,False
E07,OUTsurance Group,insurance,FY2024,contingent_note,Of which import,5,21436966.01,False
E07,OUTsurance Group,insurance,FY2025,contingent_note,Of which import,5,51162210.38,False
E07,OUTsurance Group,insurance,FY2026,contingent_note,Of which import,5,39916805.76,False
E07,OUTsurance Group,insurance,FY2024,contingent_note,Open exposure at period end,6,21229999.63,False
E07,OUTsurance Group,insurance,FY2025,contingent_note,Open exposure at period end,6,51144085.22,False
E07,OUTsurance Group,insurance,FY2026,contingent_note,Open exposure at period end,6,43365718.87,False
E07,OUTsurance Group,insurance,FY2024,contingent_note,Settled during period,7,12745513.24,False
E07,OUTsurance Group,insurance,FY2025,contingent_note,Settled during period,7,29881639.0,False
E07,OUTsurance Group,insurance,FY2026,contingent_note,Settled during period,7,25257368.23,False
E07,OUTsurance Group,insurance,FY2024,contingent_note,Weighted average tenor (days),8,144.6916922730401,True
E07,OUTsurance Group,insurance,FY2025,contingent_note,Weighted average tenor (days),8,93.1591900759283,True
E07,OUTsurance Group,insurance,FY2026,contingent_note,Weighted average tenor (days),8,95.47009711669254,True
E07,OUTsurance Group,insurance,FY2024,contingent_note,Instrument count,9,42.0,True
E07,OUTsurance Group,insurance,FY2025,contingent_note,Instrument count,9,63.0,True
E07,OUTsurance Group,insurance,FY2026,contingent_note,Instrument count,9,86.0,True
E07,OUTsurance Group,insurance,FY2024,contingent_note,Counterparty countries,10,11.0,True
E07,OUTsurance Group,insurance,FY2025,contingent_note,Counterparty countries,10,10.0,True
E07,OUTsurance Group,insurance,FY2026,contingent_note,Counterparty countries,10,11.0,True
E07,OUTsurance Group,insurance,FY2024,income_statement,Revenue - domestic collections,0,80713050.0,False
E07,OUTsurance Group,insurance,FY2025,income_statement,Revenue - domestic collections,0,98086625.47,False
E07,OUTsurance Group,insurance,FY2026,income_statement,Revenue - domestic collections,0,113524066.47,False
E07,OUTsurance Group,insurance,FY2024,income_statement,Revenue - cross-border trade receipts,1,85257012.92,False
E07,OUTsurance Group,insurance,FY2025,income_statement,Revenue - cross-border trade receipts,1,199536465.83,False
E07,OUTsurance Group,insurance,FY2026,income_statement,Revenue - cross-border trade receipts,1,241582481.1,False
E07,OUTsurance Group,insurance,FY2024,income_statement,Other operating income,2,24854465.95,False
E07,OUTsurance Group,insurance,FY2025,income_statement,Other operating income,2,55683775.019999996,False
E07,OUTsurance Group,insurance,FY2026,income_statement,Other operating income,2,53053316.54,False
E07,OUTsurance Group,insurance,FY2024,income_statement,Total revenue,3,190824528.87,False
E07,OUTsurance Group,insurance,FY2025,income_statement,Total revenue,3,353306866.32,False
E07,OUTsurance Group,insurance,FY2026,income_statement,Total revenue,3,408159864.11,False
E07,OUTsurance Group,insurance,FY2024,income_statement,Cost of sales - domestic suppliers,4,-86640385.65,False
E07,OUTsurance Group,insurance,FY2025,income_statement,Cost of sales - domestic suppliers,4,-104471532.29,False
E07,OUTsurance Group,insurance,FY2026,income_statement,Cost of sales - domestic suppliers,4,-123468931.51,False
E07,OUTsurance Group,insurance,FY2024,income_statement,Cost of sales - cross-border trade payments,5,-87257067.21,False
E07,OUTsurance Group,insurance,FY2025,income_statement,Cost of sales - cross-border trade payments,5,-196029527.39000002,False
E07,OUTsurance Group,insurance,FY2026,income_statement,Cost of sales - cross-border trade payments,5,-286495066.74,False
E07,OUTsurance Group,insurance,FY2024,income_statement,Cost of sales and supplier payments,6,-173897452.86,False
E07,OUTsurance Group,insurance,FY2025,income_statement,Cost of sales and supplier payments,6,-300501059.68,False
E07,OUTsurance Group,insurance,FY2026,income_statement,Cost of sales and supplier payments,6,-409963998.25,False
E07,OUTsurance Group,insurance,FY2024,income_statement,Gross profit proxy,7,16927076.00999999,False
E07,OUTsurance Group,insurance,FY2025,income_statement,Gross profit proxy,7,52805806.639999986,False
E07,OUTsurance Group,insurance,FY2026,income_statement,Gross profit proxy,7,-1804134.1399999857,False
E07,OUTsurance Group,insurance,FY2024,income_statement,Employee costs,8,-56313.6,False
E07,OUTsurance Group,insurance,FY2025,income_statement,Employee costs,8,-57149.03,False
E07,OUTsurance Group,insurance,FY2026,income_statement,Employee costs,8,-33273.28,False
E07,OUTsurance Group,insurance,FY2024,income_statement,Other operating expenses,9,-20665696.39,False
E07,OUTsurance Group,insurance,FY2025,income_statement,Other operating expenses,9,-47916530.2,False
E07,OUTsurance Group,insurance,FY2026,income_statement,Other operating expenses,9,-64140175.019999996,False
E07,OUTsurance Group,insurance,FY2024,income_statement,EBITDA proxy,10,-3794933.9800000116,False
E07,OUTsurance Group,insurance,FY2025,income_statement,EBITDA proxy,10,4832127.4099999815,False
E07,OUTsurance Group,insurance,FY2026,income_statement,EBITDA proxy,10,-65977582.43999998,False
E07,OUTsurance Group,insurance,FY2024,income_statement,Taxation paid,11,-3279214.18,False
E07,OUTsurance Group,insurance,FY2025,income_statement,Taxation paid,11,-3802434.25,False
E07,OUTsurance Group,insurance,FY2026,income_statement,Taxation paid,11,-2871581.75,False
E07,OUTsurance Group,insurance,FY2024,income_statement,Net cash earnings proxy,12,-7074148.160000011,False
E07,OUTsurance Group,insurance,FY2025,income_statement,Net cash earnings proxy,12,1029693.1599999815,False
E07,OUTsurance Group,insurance,FY2026,income_statement,Net cash earnings proxy,12,-68849164.18999998,False
E07,OUTsurance Group,insurance,FY2024,income_statement,Gross margin proxy,13,0.08870492755955725,True
E07,OUTsurance Group,insurance,FY2025,income_statement,Gross margin proxy,13,0.149461591816821,True
E07,OUTsurance Group,insurance,FY2026,income_statement,Gross margin proxy,13,-0.0044201654759316745,True
E07,OUTsurance Group,insurance,FY2024,income_statement,EBITDA margin proxy,14,-0.01988703445239645,True
E07,OUTsurance Group,insurance,FY2025,income_statement,EBITDA margin proxy,14,0.013676856779860563,True
E07,OUTsurance Group,insurance,FY2026,income_statement,EBITDA margin proxy,14,-0.16164642396641643,True
E07,OUTsurance Group,insurance,FY2024,income_statement,Employee cost ratio,15,0.00029510671575331843,True
E07,OUTsurance Group,insurance,FY2025,income_statement,Employee cost ratio,15,0.00016175465423374624,True
E07,OUTsurance Group,insurance,FY2026,income_statement,Employee cost ratio,15,8.152021530228845e-05,True
E07,OUTsurance Group,insurance,FY2024,income_statement,Export revenue share,16,0.446782252915094,True
E07,OUTsurance Group,insurance,FY2025,income_statement,Export revenue share,16,0.5647681515741452,True
E07,OUTsurance Group,insurance,FY2026,income_statement,Export revenue share,16,0.5918820108066603,True
E07,OUTsurance Group,insurance,FY2024,income_statement,Effective cash tax rate,17,,True
E07,OUTsurance Group,insurance,FY2025,income_statement,Effective cash tax rate,17,0.786906868831924,True
E07,OUTsurance Group,insurance,FY2026,income_statement,Effective cash tax rate,17,,True
E07,OUTsurance Group,insurance,FY2024,income_statement,Revenue growth,18,,True
E07,OUTsurance Group,insurance,FY2025,income_statement,Revenue growth,18,0.8514751138764334,True
E07,OUTsurance Group,insurance,FY2026,income_statement,Revenue growth,18,0.15525596307069245,True
E08,Sanlam,insurance,FY2024,cash_flow,Receipts from customers,0,9091517770.77,False
E08,Sanlam,insurance,FY2025,cash_flow,Receipts from customers,0,7630186663.09,False
E08,Sanlam,insurance,FY2026,cash_flow,Receipts from customers,0,6154836080.87,False
E08,Sanlam,insurance,FY2024,cash_flow,Payments to suppliers,1,-6227449495.589999,False
E08,Sanlam,insurance,FY2025,cash_flow,Payments to suppliers,1,-5256092984.34,False
E08,Sanlam,insurance,FY2026,cash_flow,Payments to suppliers,1,-4289380708.1499996,False
E08,Sanlam,insurance,FY2024,cash_flow,Payments to employees,2,-7992433.2,False
E08,Sanlam,insurance,FY2025,cash_flow,Payments to employees,2,-7998748.97,False
E08,Sanlam,insurance,FY2026,cash_flow,Payments to employees,2,-8217151.61,False
E08,Sanlam,insurance,FY2024,cash_flow,Taxation paid,3,-24389784.03,False
E08,Sanlam,insurance,FY2025,cash_flow,Taxation paid,3,-18330620.09,False
E08,Sanlam,insurance,FY2026,cash_flow,Taxation paid,3,-19156983.84,False
E08,Sanlam,insurance,FY2024,cash_flow,Net cash from operating activities,4,2831686057.9500012,False
E08,Sanlam,insurance,FY2025,cash_flow,Net cash from operating activities,4,2347764309.69,False
E08,Sanlam,insurance,FY2026,cash_flow,Net cash from operating activities,4,1838081237.2700005,False
E08,Sanlam,insurance,FY2024,cash_flow,Intragroup sweeps received,5,7988799840.73,False
E08,Sanlam,insurance,FY2025,cash_flow,Intragroup sweeps received,5,6596196898.19,False
E08,Sanlam,insurance,FY2026,cash_flow,Intragroup sweeps received,5,5105084789.25,False
E08,Sanlam,insurance,FY2024,cash_flow,Intragroup sweeps paid,6,-8119244899.08,False
E08,Sanlam,insurance,FY2025,cash_flow,Intragroup sweeps paid,6,-6722399625.39,False
E08,Sanlam,insurance,FY2026,cash_flow,Intragroup sweeps paid,6,-5164349626.27,False
E08,Sanlam,insurance,FY2024,cash_flow,Cross-border intragroup received,7,600488220.22,False
E08,Sanlam,insurance,FY2025,cash_flow,Cross-border intragroup received,7,647716830.07,False
E08,Sanlam,insurance,FY2026,cash_flow,Cross-border intragroup received,7,548678398.8,False
E08,Sanlam,insurance,FY2024,cash_flow,Cross-border intragroup paid,8,-683262302.39,False
E08,Sanlam,insurance,FY2025,cash_flow,Cross-border intragroup paid,8,-651329237.25,False
E08,Sanlam,insurance,FY2026,cash_flow,Cross-border intragroup paid,8,-623399146.89,False
E08,Sanlam,insurance,FY2024,cash_flow,Net intragroup and financing flows,9,-213219140.52000034,False
E08,Sanlam,insurance,FY2025,cash_flow,Net intragroup and financing flows,9,-129815134.38000071,False
E08,Sanlam,insurance,FY2026,cash_flow,Net intragroup and financing flows,9,-133985585.11000049,False
E08,Sanlam,insurance,FY2024,cash_flow,Net movement in cash,10,2618466917.430001,False
E08,Sanlam,insurance,FY2025,cash_flow,Net movement in cash,10,2217949175.3099995,False
E08,Sanlam,insurance,FY2026,cash_flow,Net movement in cash,10,1704095652.1599998,False
E08,Sanlam,insurance,FY2024,cash_flow,Memo - gross cash inflows,11,17680805831.72,False
E08,Sanlam,insurance,FY2025,cash_flow,Memo - gross cash inflows,11,14874100391.349998,False
E08,Sanlam,insurance,FY2026,cash_flow,Memo - gross cash inflows,11,11808599268.919998,False
E08,Sanlam,insurance,FY2024,cash_flow,Memo - gross cash outflows,12,-15062338914.289997,False
E08,Sanlam,insurance,FY2025,cash_flow,Memo - gross cash outflows,12,-12656151216.04,False
E08,Sanlam,insurance,FY2026,cash_flow,Memo - gross cash outflows,12,-10104503616.759998,False
E08,Sanlam,insurance,FY2024,cash_flow,Memo - foreign currency gross flows,13,2851557054.53,False
E08,Sanlam,insurance,FY2025,cash_flow,Memo - foreign currency gross flows,13,2825241687.24,False
E08,Sanlam,insurance,FY2026,cash_flow,Memo - foreign currency gross flows,13,2664890263.89,False
E08,Sanlam,insurance,FY2024,cash_flow,Operating cash conversion,14,0.31146461232844,True
E08,Sanlam,insurance,FY2025,cash_flow,Operating cash conversion,14,0.3076942168462265,True
E08,Sanlam,insurance,FY2026,cash_flow,Operating cash conversion,14,0.2986401608619581,True
E08,Sanlam,insurance,FY2024,contingent_note,Letters of credit - notional,0,48028371.6,False
E08,Sanlam,insurance,FY2025,contingent_note,Letters of credit - notional,0,49445729.22,False
E08,Sanlam,insurance,FY2026,contingent_note,Letters of credit - notional,0,30312455.84,False
E08,Sanlam,insurance,FY2024,contingent_note,Guarantees - notional,1,147082573.45,False
E08,Sanlam,insurance,FY2025,contingent_note,Guarantees - notional,1,103022264.92,False
E08,Sanlam,insurance,FY2026,contingent_note,Guarantees - notional,1,89637697.7,False
E08,Sanlam,insurance,FY2024,contingent_note,Export collections - notional,2,50282445.24,False
E08,Sanlam,insurance,FY2025,contingent_note,Export collections - notional,2,29829149.22,False
E08,Sanlam,insurance,FY2026,contingent_note,Export collections - notional,2,32386068.86,False
E08,Sanlam,insurance,FY2024,contingent_note,Total trade finance notional,3,245393390.29,False
E08,Sanlam,insurance,FY2025,contingent_note,Total trade finance notional,3,182297143.35999998,False
E08,Sanlam,insurance,FY2026,contingent_note,Total trade finance notional,3,152336222.4,False
E08,Sanlam,insurance,FY2024,contingent_note,Of which export,4,110506205.19,False
E08,Sanlam,insurance,FY2025,contingent_note,Of which export,4,93998832.53,False
E08,Sanlam,insurance,FY2026,contingent_note,Of which export,4,72993105.66,False
E08,Sanlam,insurance,FY2024,contingent_note,Of which import,5,134887185.1,False
E08,Sanlam,insurance,FY2025,contingent_note,Of which import,5,88298310.83,False
E08,Sanlam,insurance,FY2026,contingent_note,Of which import,5,79343116.74000001,False
E08,Sanlam,insurance,FY2024,contingent_note,Open exposure at period end,6,115718821.76,False
E08,Sanlam,insurance,FY2025,contingent_note,Open exposure at period end,6,84332045.98,False
E08,Sanlam,insurance,FY2026,contingent_note,Open exposure at period end,6,49844621.63,False
E08,Sanlam,insurance,FY2024,contingent_note,Settled during period,7,104313869.82000001,False
E08,Sanlam,insurance,FY2025,contingent_note,Settled during period,7,93992527.14,False
E08,Sanlam,insurance,FY2026,contingent_note,Settled during period,7,94232049.2,False
E08,Sanlam,insurance,FY2024,contingent_note,Weighted average tenor (days),8,98.10611240648832,True
E08,Sanlam,insurance,FY2025,contingent_note,Weighted average tenor (days),8,96.58390559708218,True
E08,Sanlam,insurance,FY2026,contingent_note,Weighted average tenor (days),8,99.87389143470057,True
E08,Sanlam,insurance,FY2024,contingent_note,Instrument count,9,144.0,True
E08,Sanlam,insurance,FY2025,contingent_note,Instrument count,9,119.0,True
E08,Sanlam,insurance,FY2026,contingent_note,Instrument count,9,99.0,True
E08,Sanlam,insurance,FY2024,contingent_note,Counterparty countries,10,21.0,True
E08,Sanlam,insurance,FY2025,contingent_note,Counterparty countries,10,21.0,True
E08,Sanlam,insurance,FY2026,contingent_note,Counterparty countries,10,20.0,True
E08,Sanlam,insurance,FY2024,income_statement,Revenue - domestic collections,0,8354463410.06,False
E08,Sanlam,insurance,FY2025,income_statement,Revenue - domestic collections,0,6891597794.59,False
E08,Sanlam,insurance,FY2026,income_statement,Revenue - domestic collections,0,5437584881.08,False
E08,Sanlam,insurance,FY2024,income_statement,Revenue - cross-border trade receipts,1,629143695.21,False
E08,Sanlam,insurance,FY2025,income_statement,Revenue - cross-border trade receipts,1,637394663.45,False
E08,Sanlam,insurance,FY2026,income_statement,Revenue - cross-border trade receipts,1,588560875.89,False
E08,Sanlam,insurance,FY2024,income_statement,Other operating income,2,107910665.5,False
E08,Sanlam,insurance,FY2025,income_statement,Other operating income,2,101194205.05,False
E08,Sanlam,insurance,FY2026,income_statement,Other operating income,2,128690323.9,False
E08,Sanlam,insurance,FY2024,income_statement,Total revenue,3,9091517770.77,False
E08,Sanlam,insurance,FY2025,income_statement,Total revenue,3,7630186663.09,False
E08,Sanlam,insurance,FY2026,income_statement,Total revenue,3,6154836080.87,False
E08,Sanlam,insurance,FY2024,income_statement,Cost of sales - domestic suppliers,4,-5396697324.38,False
E08,Sanlam,insurance,FY2025,income_statement,Cost of sales - domestic suppliers,4,-4468486232.92,False
E08,Sanlam,insurance,FY2026,income_statement,Cost of sales - domestic suppliers,4,-3513819189.74,False
E08,Sanlam,insurance,FY2024,income_statement,Cost of sales - cross-border trade payments,5,-676171762.77,False
E08,Sanlam,insurance,FY2025,income_statement,Cost of sales - cross-border trade payments,5,-673423300.42,False
E08,Sanlam,insurance,FY2026,income_statement,Cost of sales - cross-border trade payments,5,-632694346.14,False
E08,Sanlam,insurance,FY2024,income_statement,Cost of sales and supplier payments,6,-6072869087.15,False
E08,Sanlam,insurance,FY2025,income_statement,Cost of sales and supplier payments,6,-5141909533.34,False
E08,Sanlam,insurance,FY2026,income_statement,Cost of sales and supplier payments,6,-4146513535.8799996,False
E08,Sanlam,insurance,FY2024,income_statement,Gross profit proxy,7,3018648683.620001,False
E08,Sanlam,insurance,FY2025,income_statement,Gross profit proxy,7,2488277129.75,False
E08,Sanlam,insurance,FY2026,income_statement,Gross profit proxy,7,2008322544.9900002,False
E08,Sanlam,insurance,FY2024,income_statement,Employee costs,8,-7992433.2,False
E08,Sanlam,insurance,FY2025,income_statement,Employee costs,8,-7998748.97,False
E08,Sanlam,insurance,FY2026,income_statement,Employee costs,8,-8217151.61,False
E08,Sanlam,insurance,FY2024,income_statement,Other operating expenses,9,-154580408.44,False
E08,Sanlam,insurance,FY2025,income_statement,Other operating expenses,9,-114183451.0,False
E08,Sanlam,insurance,FY2026,income_statement,Other operating expenses,9,-142867172.27,False
E08,Sanlam,insurance,FY2024,income_statement,EBITDA proxy,10,2856075841.980001,False
E08,Sanlam,insurance,FY2025,income_statement,EBITDA proxy,10,2366094929.78,False
E08,Sanlam,insurance,FY2026,income_statement,EBITDA proxy,10,1857238221.1100004,False
E08,Sanlam,insurance,FY2024,income_statement,Taxation paid,11,-24389784.03,False
E08,Sanlam,insurance,FY2025,income_statement,Taxation paid,11,-18330620.09,False
E08,Sanlam,insurance,FY2026,income_statement,Taxation paid,11,-19156983.84,False
E08,Sanlam,insurance,FY2024,income_statement,Net cash earnings proxy,12,2831686057.950001,False
E08,Sanlam,insurance,FY2025,income_statement,Net cash earnings proxy,12,2347764309.69,False
E08,Sanlam,insurance,FY2026,income_statement,Net cash earnings proxy,12,1838081237.2700005,False
E08,Sanlam,insurance,FY2024,income_statement,Gross margin proxy,13,0.3320291242596711,True
E08,Sanlam,insurance,FY2025,income_statement,Gross margin proxy,13,0.32610960119582727,True
E08,Sanlam,insurance,FY2026,income_statement,Gross margin proxy,13,0.3262999239300812,True
E08,Sanlam,insurance,FY2024,income_statement,EBITDA margin proxy,14,0.3141473089523651,True
E08,Sanlam,insurance,FY2025,income_statement,EBITDA margin proxy,14,0.3100965984522588,True
E08,Sanlam,insurance,FY2026,income_statement,EBITDA margin proxy,14,0.30175267004795286,True
E08,Sanlam,insurance,FY2024,income_statement,Employee cost ratio,15,0.0008791087914601399,True
E08,Sanlam,insurance,FY2025,income_statement,Employee cost ratio,15,0.0010483031835502622,True
E08,Sanlam,insurance,FY2026,income_statement,Employee cost ratio,15,0.0013350723726891663,True
E08,Sanlam,insurance,FY2024,income_statement,Export revenue share,16,0.06920117312345253,True
E08,Sanlam,insurance,FY2025,income_statement,Export revenue share,16,0.08353592010183851,True
E08,Sanlam,insurance,FY2026,income_statement,Export revenue share,16,0.09562575967202779,True
E08,Sanlam,insurance,FY2024,income_statement,Effective cash tax rate,17,0.008539613574509127,True
E08,Sanlam,insurance,FY2025,income_statement,Effective cash tax rate,17,0.007747203993926137,True
E08,Sanlam,insurance,FY2026,income_statement,Effective cash tax rate,17,0.010314769329133557,True
E08,Sanlam,insurance,FY2024,income_statement,Revenue growth,18,,True
E08,Sanlam,insurance,FY2025,income_statement,Revenue growth,18,-0.16073565982330296,True
E08,Sanlam,insurance,FY2026,income_statement,Revenue growth,18,-0.1933570759620875,True
E09,Shoprite Holdings,consumer,FY2024,cash_flow,Receipts from customers,0,3599594026.42,False
E09,Shoprite Holdings,consumer,FY2025,cash_flow,Receipts from customers,0,3536915569.84,False
E09,Shoprite Holdings,consumer,FY2026,cash_flow,Receipts from customers,0,3607277398.31,False
E09,Shoprite Holdings,consumer,FY2024,cash_flow,Payments to suppliers,1,-2624109843.54,False
E09,Shoprite Holdings,consumer,FY2025,cash_flow,Payments to suppliers,1,-2662724423.58,False
E09,Shoprite Holdings,consumer,FY2026,cash_flow,Payments to suppliers,1,-2682046975.1400003,False
E09,Shoprite Holdings,consumer,FY2024,cash_flow,Payments to employees,2,-8138732.8,False
E09,Shoprite Holdings,consumer,FY2025,cash_flow,Payments to employees,2,-8518771.18,False
E09,Shoprite Holdings,consumer,FY2026,cash_flow,Payments to employees,2,-7657556.75,False
E09,Shoprite Holdings,consumer,FY2024,cash_flow,Taxation paid,3,-21185214.0,False
E09,Shoprite Holdings,consumer,FY2025,cash_flow,Taxation paid,3,-17093580.22,False
E09,Shoprite Holdings,consumer,FY2026,cash_flow,Taxation paid,3,-24651692.6,False
E09,Shoprite Holdings,consumer,FY2024,cash_flow,Net cash from operating activities,4,946160236.0800002,False
E09,Shoprite Holdings,consumer,FY2025,cash_flow,Net cash from operating activities,4,848578794.8600003,False
E09,Shoprite Holdings,consumer,FY2026,cash_flow,Net cash from operating activities,4,892921173.8199996,False
E09,Shoprite Holdings,consumer,FY2024,cash_flow,Intragroup sweeps received,5,2954473730.21,False
E09,Shoprite Holdings,consumer,FY2025,cash_flow,Intragroup sweeps received,5,2958091100.45,False
E09,Shoprite Holdings,consumer,FY2026,cash_flow,Intragroup sweeps received,5,3013401466.37,False
E09,Shoprite Holdings,consumer,FY2024,cash_flow,Intragroup sweeps paid,6,-3000515663.42,False
E09,Shoprite Holdings,consumer,FY2025,cash_flow,Intragroup sweeps paid,6,-2901833978.17,False
E09,Shoprite Holdings,consumer,FY2026,cash_flow,Intragroup sweeps paid,6,-3076162016.51,False
E09,Shoprite Holdings,consumer,FY2024,cash_flow,Cross-border intragroup received,7,699201581.36,False
E09,Shoprite Holdings,consumer,FY2025,cash_flow,Cross-border intragroup received,7,841505491.85,False
E09,Shoprite Holdings,consumer,FY2026,cash_flow,Cross-border intragroup received,7,699734406.73,False
E09,Shoprite Holdings,consumer,FY2024,cash_flow,Cross-border intragroup paid,8,-774419397.45,False
E09,Shoprite Holdings,consumer,FY2025,cash_flow,Cross-border intragroup paid,8,-816933899.6,False
E09,Shoprite Holdings,consumer,FY2026,cash_flow,Cross-border intragroup paid,8,-840127094.91,False
E09,Shoprite Holdings,consumer,FY2024,cash_flow,Net intragroup and financing flows,9,-121259749.30000007,False
E09,Shoprite Holdings,consumer,FY2025,cash_flow,Net intragroup and financing flows,9,80828714.52999973,False
E09,Shoprite Holdings,consumer,FY2026,cash_flow,Net intragroup and financing flows,9,-203153238.3200003,False
E09,Shoprite Holdings,consumer,FY2024,cash_flow,Net movement in cash,10,824900486.7800001,False
E09,Shoprite Holdings,consumer,FY2025,cash_flow,Net movement in cash,10,929407509.39,False
E09,Shoprite Holdings,consumer,FY2026,cash_flow,Net movement in cash,10,689767935.4999993,False
E09,Shoprite Holdings,consumer,FY2024,cash_flow,Memo - gross cash inflows,11,7253269337.99,False
E09,Shoprite Holdings,consumer,FY2025,cash_flow,Memo - gross cash inflows,11,7336512162.14,False
E09,Shoprite Holdings,consumer,FY2026,cash_flow,Memo - gross cash inflows,11,7320413271.41,False
E09,Shoprite Holdings,consumer,FY2024,cash_flow,Memo - gross cash outflows,12,-6428368851.21,False
E09,Shoprite Holdings,consumer,FY2025,cash_flow,Memo - gross cash outflows,12,-6407104652.75,False
E09,Shoprite Holdings,consumer,FY2026,cash_flow,Memo - gross cash outflows,12,-6630645335.91,False
E09,Shoprite Holdings,consumer,FY2024,cash_flow,Memo - foreign currency gross flows,13,3306000311.0599995,False
E09,Shoprite Holdings,consumer,FY2025,cash_flow,Memo - foreign currency gross flows,13,3457877842.2999997,False
E09,Shoprite Holdings,consumer,FY2026,cash_flow,Memo - foreign currency gross flows,13,3356217810.79,False
E09,Shoprite Holdings,consumer,FY2024,cash_flow,Operating cash conversion,14,0.2628519297274782,True
E09,Shoprite Holdings,consumer,FY2025,cash_flow,Operating cash conversion,14,0.23992056867175585,True
E09,Shoprite Holdings,consumer,FY2026,cash_flow,Operating cash conversion,14,0.24753327100331424,True
E09,Shoprite Holdings,consumer,FY2024,contingent_note,Letters of credit - notional,0,411227534.24,False
E09,Shoprite Holdings,consumer,FY2025,contingent_note,Letters of credit - notional,0,518258611.47,False
E09,Shoprite Holdings,consumer,FY2026,contingent_note,Letters of credit - notional,0,511292503.56,False
E09,Shoprite Holdings,consumer,FY2024,contingent_note,Guarantees - notional,1,174266067.07999998,False
E09,Shoprite Holdings,consumer,FY2025,contingent_note,Guarantees - notional,1,197812638.83,False
E09,Shoprite Holdings,consumer,FY2026,contingent_note,Guarantees - notional,1,211872712.71,False
E09,Shoprite Holdings,consumer,FY2024,contingent_note,Export collections - notional,2,647800564.78,False
E09,Shoprite Holdings,consumer,FY2025,contingent_note,Export collections - notional,2,756961124.9,False
E09,Shoprite Holdings,consumer,FY2026,contingent_note,Export collections - notional,2,815925370.24,False
E09,Shoprite Holdings,consumer,FY2024,contingent_note,Total trade finance notional,3,1233294166.1,False
E09,Shoprite Holdings,consumer,FY2025,contingent_note,Total trade finance notional,3,1473032375.2,False
E09,Shoprite Holdings,consumer,FY2026,contingent_note,Total trade finance notional,3,1539090586.51,False
E09,Shoprite Holdings,consumer,FY2024,contingent_note,Of which export,4,495147027.01,False
E09,Shoprite Holdings,consumer,FY2025,contingent_note,Of which export,4,673480558.05,False
E09,Shoprite Holdings,consumer,FY2026,contingent_note,Of which export,4,744011907.96,False
E09,Shoprite Holdings,consumer,FY2024,contingent_note,Of which import,5,738147139.09,False
E09,Shoprite Holdings,consumer,FY2025,contingent_note,Of which import,5,799551817.15,False
E09,Shoprite Holdings,consumer,FY2026,contingent_note,Of which import,5,795078678.55,False
E09,Shoprite Holdings,consumer,FY2024,contingent_note,Open exposure at period end,6,584031568.74,False
E09,Shoprite Holdings,consumer,FY2025,contingent_note,Open exposure at period end,6,729393079.78,False
E09,Shoprite Holdings,consumer,FY2026,contingent_note,Open exposure at period end,6,770708486.89,False
E09,Shoprite Holdings,consumer,FY2024,contingent_note,Settled during period,7,570739076.72,False
E09,Shoprite Holdings,consumer,FY2025,contingent_note,Settled during period,7,634443157.43,False
E09,Shoprite Holdings,consumer,FY2026,contingent_note,Settled during period,7,645877146.74,False
E09,Shoprite Holdings,consumer,FY2024,contingent_note,Weighted average tenor (days),8,111.71913510513443,True
E09,Shoprite Holdings,consumer,FY2025,contingent_note,Weighted average tenor (days),8,102.51680385897603,True
E09,Shoprite Holdings,consumer,FY2026,contingent_note,Weighted average tenor (days),8,109.95199334129674,True
E09,Shoprite Holdings,consumer,FY2024,contingent_note,Instrument count,9,691.0,True
E09,Shoprite Holdings,consumer,FY2025,contingent_note,Instrument count,9,687.0,True
E09,Shoprite Holdings,consumer,FY2026,contingent_note,Instrument count,9,720.0,True
E09,Shoprite Holdings,consumer,FY2024,contingent_note,Counterparty countries,10,22.0,True
E09,Shoprite Holdings,consumer,FY2025,contingent_note,Counterparty countries,10,22.0,True
E09,Shoprite Holdings,consumer,FY2026,contingent_note,Counterparty countries,10,22.0,True
E09,Shoprite Holdings,consumer,FY2024,income_statement,Revenue - domestic collections,0,2674704012.29,False
E09,Shoprite Holdings,consumer,FY2025,income_statement,Revenue - domestic collections,0,2639381019.13,False
E09,Shoprite Holdings,consumer,FY2026,income_statement,Revenue - domestic collections,0,2741211184.27,False
E09,Shoprite Holdings,consumer,FY2024,income_statement,Revenue - cross-border trade receipts,1,745240643.62,False
E09,Shoprite Holdings,consumer,FY2025,income_statement,Revenue - cross-border trade receipts,1,730111367.95,False
E09,Shoprite Holdings,consumer,FY2026,income_statement,Revenue - cross-border trade receipts,1,717151007.02,False
E09,Shoprite Holdings,consumer,FY2024,income_statement,Other operating income,2,179649370.51,False
E09,Shoprite Holdings,consumer,FY2025,income_statement,Other operating income,2,167423182.76,False
E09,Shoprite Holdings,consumer,FY2026,income_statement,Other operating income,2,148915207.02,False
E09,Shoprite Holdings,consumer,FY2024,income_statement,Total revenue,3,3599594026.42,False
E09,Shoprite Holdings,consumer,FY2025,income_statement,Total revenue,3,3536915569.84,False
E09,Shoprite Holdings,consumer,FY2026,income_statement,Total revenue,3,3607277398.31,False
E09,Shoprite Holdings,consumer,FY2024,income_statement,Cost of sales - domestic suppliers,4,-1716620525.42,False
E09,Shoprite Holdings,consumer,FY2025,income_statement,Cost of sales - domestic suppliers,4,-1760820523.44,False
E09,Shoprite Holdings,consumer,FY2026,income_statement,Cost of sales - domestic suppliers,4,-1731756880.03,False
E09,Shoprite Holdings,consumer,FY2024,income_statement,Cost of sales - cross-border trade payments,5,-761348679.04,False
E09,Shoprite Holdings,consumer,FY2025,income_statement,Cost of sales - cross-border trade payments,5,-761533699.55,False
E09,Shoprite Holdings,consumer,FY2026,income_statement,Cost of sales - cross-border trade payments,5,-790996597.31,False
E09,Shoprite Holdings,consumer,FY2024,income_statement,Cost of sales and supplier payments,6,-2477969204.46,False
E09,Shoprite Holdings,consumer,FY2025,income_statement,Cost of sales and supplier payments,6,-2522354222.99,False
E09,Shoprite Holdings,consumer,FY2026,income_statement,Cost of sales and supplier payments,6,-2522753477.34,False
E09,Shoprite Holdings,consumer,FY2024,income_statement,Gross profit proxy,7,1121624821.96,False
E09,Shoprite Holdings,consumer,FY2025,income_statement,Gross profit proxy,7,1014561346.8500004,False
E09,Shoprite Holdings,consumer,FY2026,income_statement,Gross profit proxy,7,1084523920.9699998,False
E09,Shoprite Holdings,consumer,FY2024,income_statement,Employee costs,8,-8138732.8,False
E09,Shoprite Holdings,consumer,FY2025,income_statement,Employee costs,8,-8518771.18,False
E09,Shoprite Holdings,consumer,FY2026,income_statement,Employee costs,8,-7657556.75,False
E09,Shoprite Holdings,consumer,FY2024,income_statement,Other operating expenses,9,-146140639.08,False
E09,Shoprite Holdings,consumer,FY2025,income_statement,Other operating expenses,9,-140370200.59,False
E09,Shoprite Holdings,consumer,FY2026,income_statement,Other operating expenses,9,-159293497.8,False
E09,Shoprite Holdings,consumer,FY2024,income_statement,EBITDA proxy,10,967345450.08,False
E09,Shoprite Holdings,consumer,FY2025,income_statement,EBITDA proxy,10,865672375.0800004,False
E09,Shoprite Holdings,consumer,FY2026,income_statement,EBITDA proxy,10,917572866.4199998,False
E09,Shoprite Holdings,consumer,FY2024,income_statement,Taxation paid,11,-21185214.0,False
E09,Shoprite Holdings,consumer,FY2025,income_statement,Taxation paid,11,-17093580.22,False
E09,Shoprite Holdings,consumer,FY2026,income_statement,Taxation paid,11,-24651692.6,False
E09,Shoprite Holdings,consumer,FY2024,income_statement,Net cash earnings proxy,12,946160236.08,False
E09,Shoprite Holdings,consumer,FY2025,income_statement,Net cash earnings proxy,12,848578794.8600004,False
E09,Shoprite Holdings,consumer,FY2026,income_statement,Net cash earnings proxy,12,892921173.8199998,False
E09,Shoprite Holdings,consumer,FY2024,income_statement,Gross margin proxy,13,0.31159758954137373,True
E09,Shoprite Holdings,consumer,FY2025,income_statement,Gross margin proxy,13,0.28684918449888136,True
E09,Shoprite Holdings,consumer,FY2026,income_statement,Gross margin proxy,13,0.3006488831377638,True
E09,Shoprite Holdings,consumer,FY2024,income_statement,EBITDA margin proxy,14,0.26873737509840234,True
E09,Shoprite Holdings,consumer,FY2025,income_statement,EBITDA margin proxy,14,0.24475347459853583,True
E09,Shoprite Holdings,consumer,FY2026,income_statement,EBITDA margin proxy,14,0.25436714871162397,True
E09,Shoprite Holdings,consumer,FY2024,income_statement,Employee cost ratio,15,0.002261014086661998,True
E09,Shoprite Holdings,consumer,FY2025,income_statement,Employee cost ratio,15,0.002408531109037857,True
E09,Shoprite Holdings,consumer,FY2026,income_statement,Employee cost ratio,15,0.0021228078421658245,True
E09,Shoprite Holdings,consumer,FY2024,income_statement,Export revenue share,16,0.20703463728135585,True
E09,Shoprite Holdings,consumer,FY2025,income_statement,Export revenue share,16,0.2064260097628025,True
E09,Shoprite Holdings,consumer,FY2026,income_statement,Export revenue share,16,0.19880672535912636,True
E09,Shoprite Holdings,consumer,FY2024,income_statement,Effective cash tax rate,17,0.02190036041235111,True
E09,Shoprite Holdings,consumer,FY2025,income_statement,Effective cash tax rate,17,0.019746015596743872,True
E09,Shoprite Holdings,consumer,FY2026,income_statement,Effective cash tax rate,17,0.026866196137840245,True
E09,Shoprite Holdings,consumer,FY2024,income_statement,Revenue growth,18,,True
E09,Shoprite Holdings,consumer,FY2025,income_statement,Revenue growth,18,-0.017412646015066646,True
E09,Shoprite Holdings,consumer,FY2026,income_statement,Revenue growth,18,0.01989355614535704,True
E10,Bid Corporation,consumer,FY2024,cash_flow,Receipts from customers,0,3507819994.0799994,False
E10,Bid Corporation,consumer,FY2025,cash_flow,Receipts from customers,0,4172569392.17,False
E10,Bid Corporation,consumer,FY2026,cash_flow,Receipts from customers,0,5008688995.77,False
E10,Bid Corporation,consumer,FY2024,cash_flow,Payments to suppliers,1,-2665990952.82,False
E10,Bid Corporation,consumer,FY2025,cash_flow,Payments to suppliers,1,-3357440852.54,False
E10,Bid Corporation,consumer,FY2026,cash_flow,Payments to suppliers,1,-3955698671.7,False
E10,Bid Corporation,consumer,FY2024,cash_flow,Payments to employees,2,-8827630.38,False
E10,Bid Corporation,consumer,FY2025,cash_flow,Payments to employees,2,-8288811.33,False
E10,Bid Corporation,consumer,FY2026,cash_flow,Payments to employees,2,-8602992.63,False
E10,Bid Corporation,consumer,FY2024,cash_flow,Taxation paid,3,-20837826.91,False
E10,Bid Corporation,consumer,FY2025,cash_flow,Taxation paid,3,-22062195.97,False
E10,Bid Corporation,consumer,FY2026,cash_flow,Taxation paid,3,-24155588.78,False
E10,Bid Corporation,consumer,FY2024,cash_flow,Net cash from operating activities,4,812163583.9699993,False
E10,Bid Corporation,consumer,FY2025,cash_flow,Net cash from operating activities,4,784777532.33,False
E10,Bid Corporation,consumer,FY2026,cash_flow,Net cash from operating activities,4,1020231742.6600007,False
E10,Bid Corporation,consumer,FY2024,cash_flow,Intragroup sweeps received,5,2563928636.69,False
E10,Bid Corporation,consumer,FY2025,cash_flow,Intragroup sweeps received,5,3215827576.09,False
E10,Bid Corporation,consumer,FY2026,cash_flow,Intragroup sweeps received,5,3646114540.06,False
E10,Bid Corporation,consumer,FY2024,cash_flow,Intragroup sweeps paid,6,-2577184375.97,False
E10,Bid Corporation,consumer,FY2025,cash_flow,Intragroup sweeps paid,6,-3227145181.61,False
E10,Bid Corporation,consumer,FY2026,cash_flow,Intragroup sweeps paid,6,-3603561512.55,False
E10,Bid Corporation,consumer,FY2024,cash_flow,Cross-border intragroup received,7,866856442.97,False
E10,Bid Corporation,consumer,FY2025,cash_flow,Cross-border intragroup received,7,1184450819.19,False
E10,Bid Corporation,consumer,FY2026,cash_flow,Cross-border intragroup received,7,1343032692.64,False
E10,Bid Corporation,consumer,FY2024,cash_flow,Cross-border intragroup paid,8,-863631225.0600001,False
E10,Bid Corporation,consumer,FY2025,cash_flow,Cross-border intragroup paid,8,-1203140197.04,False
E10,Bid Corporation,consumer,FY2026,cash_flow,Cross-border intragroup paid,8,-1504515310.59,False
E10,Bid Corporation,consumer,FY2024,cash_flow,Net intragroup and financing flows,9,-10030521.369999766,False
E10,Bid Corporation,consumer,FY2025,cash_flow,Net intragroup and financing flows,9,-30006983.369999886,False
E10,Bid Corporation,consumer,FY2026,cash_flow,Net intragroup and financing flows,9,-118929590.44000006,False
E10,Bid Corporation,consumer,FY2024,cash_flow,Net movement in cash,10,802133062.5999995,False
E10,Bid Corporation,consumer,FY2025,cash_flow,Net movement in cash,10,754770548.9600002,False
E10,Bid Corporation,consumer,FY2026,cash_flow,Net movement in cash,10,901302152.2200006,False
E10,Bid Corporation,consumer,FY2024,cash_flow,Memo - gross cash inflows,11,6938605073.74,False
E10,Bid Corporation,consumer,FY2025,cash_flow,Memo - gross cash inflows,11,8572847787.450001,False
E10,Bid Corporation,consumer,FY2026,cash_flow,Memo - gross cash inflows,11,9997836228.47,False
E10,Bid Corporation,consumer,FY2024,cash_flow,Memo - gross cash outflows,12,-6136472011.14,False
E10,Bid Corporation,consumer,FY2025,cash_flow,Memo - gross cash outflows,12,-7818077238.49,False
E10,Bid Corporation,consumer,FY2026,cash_flow,Memo - gross cash outflows,12,-9096534076.25,False
E10,Bid Corporation,consumer,FY2024,cash_flow,Memo - foreign currency gross flows,13,3964725873.03,False
E10,Bid Corporation,consumer,FY2025,cash_flow,Memo - foreign currency gross flows,13,5181307317.129999,False
E10,Bid Corporation,consumer,FY2026,cash_flow,Memo - foreign currency gross flows,13,6165601154.27,False
E10,Bid Corporation,consumer,FY2024,cash_flow,Operating cash conversion,14,0.23152943575800744,True
E10,Bid Corporation,consumer,FY2025,cash_flow,Operating cash conversion,14,0.18808016322093232,True
E10,Bid Corporation,consumer,FY2026,cash_flow,Operating cash conversion,14,0.20369237210008834,True
E10,Bid Corporation,consumer,FY2024,contingent_note,Letters of credit - notional,0,513022278.08,False
E10,Bid Corporation,consumer,FY2025,contingent_note,Letters of credit - notional,0,683370632.99,False
E10,Bid Corporation,consumer,FY2026,contingent_note,Letters of credit - notional,0,671540946.35,False
E10,Bid Corporation,consumer,FY2024,contingent_note,Guarantees - notional,1,295016725.7,False
E10,Bid Corporation,consumer,FY2025,contingent_note,Guarantees - notional,1,405574028.11,False
E10,Bid Corporation,consumer,FY2026,contingent_note,Guarantees - notional,1,284337742.26,False
E10,Bid Corporation,consumer,FY2024,contingent_note,Export collections - notional,2,799706019.76,False
E10,Bid Corporation,consumer,FY2025,contingent_note,Export collections - notional,2,875255154.36,False
E10,Bid Corporation,consumer,FY2026,contingent_note,Export collections - notional,2,922820055.89,False
E10,Bid Corporation,consumer,FY2024,contingent_note,Total trade finance notional,3,1607745023.54,False
E10,Bid Corporation,consumer,FY2025,contingent_note,Total trade finance notional,3,1964199815.46,False
E10,Bid Corporation,consumer,FY2026,contingent_note,Total trade finance notional,3,1878698744.5,False
E10,Bid Corporation,consumer,FY2024,contingent_note,Of which export,4,715643501.97,False
E10,Bid Corporation,consumer,FY2025,contingent_note,Of which export,4,726943945.52,False
E10,Bid Corporation,consumer,FY2026,contingent_note,Of which export,4,873790148.97,False
E10,Bid Corporation,consumer,FY2024,contingent_note,Of which import,5,892101521.57,False
E10,Bid Corporation,consumer,FY2025,contingent_note,Of which import,5,1237255869.94,False
E10,Bid Corporation,consumer,FY2026,contingent_note,Of which import,5,1004908595.53,False
E10,Bid Corporation,consumer,FY2024,contingent_note,Open exposure at period end,6,894421124.26,False
E10,Bid Corporation,consumer,FY2025,contingent_note,Open exposure at period end,6,880114701.14,False
E10,Bid Corporation,consumer,FY2026,contingent_note,Open exposure at period end,6,1032874310.9,False
E10,Bid Corporation,consumer,FY2024,contingent_note,Settled during period,7,558709207.6899999,False
E10,Bid Corporation,consumer,FY2025,contingent_note,Settled during period,7,963516970.93,False
E10,Bid Corporation,consumer,FY2026,contingent_note,Settled during period,7,742107848.6899999,False
E10,Bid Corporation,consumer,FY2024,contingent_note,Weighted average tenor (days),8,102.63618682803813,True
E10,Bid Corporation,consumer,FY2025,contingent_note,Weighted average tenor (days),8,108.01939700114526,True
E10,Bid Corporation,consumer,FY2026,contingent_note,Weighted average tenor (days),8,101.25430141476842,True
E10,Bid Corporation,consumer,FY2024,contingent_note,Instrument count,9,824.0,True
E10,Bid Corporation,consumer,FY2025,contingent_note,Instrument count,9,953.0,True
E10,Bid Corporation,consumer,FY2026,contingent_note,Instrument count,9,974.0,True
E10,Bid Corporation,consumer,FY2024,contingent_note,Counterparty countries,10,16.0,True
E10,Bid Corporation,consumer,FY2025,contingent_note,Counterparty countries,10,16.0,True
E10,Bid Corporation,consumer,FY2026,contingent_note,Counterparty countries,10,16.0,True
E10,Bid Corporation,consumer,FY2024,income_statement,Revenue - domestic collections,0,2408472142.97,False
E10,Bid Corporation,consumer,FY2025,income_statement,Revenue - domestic collections,0,2855783865.67,False
E10,Bid Corporation,consumer,FY2026,income_statement,Revenue - domestic collections,0,3389831081.32,False
E10,Bid Corporation,consumer,FY2024,income_statement,Revenue - cross-border trade receipts,1,916251609.41,False
E10,Bid Corporation,consumer,FY2025,income_statement,Revenue - cross-border trade receipts,1,1109840754.3,False
E10,Bid Corporation,consumer,FY2026,income_statement,Revenue - cross-border trade receipts,1,1336014878.16,False
E10,Bid Corporation,consumer,FY2024,income_statement,Other operating income,2,183096241.7,False
E10,Bid Corporation,consumer,FY2025,income_statement,Other operating income,2,206944772.2,False
E10,Bid Corporation,consumer,FY2026,income_statement,Other operating income,2,282843036.29,False
E10,Bid Corporation,consumer,FY2024,income_statement,Total revenue,3,3507819994.0799994,False
E10,Bid Corporation,consumer,FY2025,income_statement,Total revenue,3,4172569392.17,False
E10,Bid Corporation,consumer,FY2026,income_statement,Total revenue,3,5008688995.77,False
E10,Bid Corporation,consumer,FY2024,income_statement,Cost of sales - domestic suppliers,4,-1531100598.93,False
E10,Bid Corporation,consumer,FY2025,income_statement,Cost of sales - domestic suppliers,4,-1880510078.14,False
E10,Bid Corporation,consumer,FY2026,income_statement,Cost of sales - domestic suppliers,4,-2256503435.11,False
E10,Bid Corporation,consumer,FY2024,income_statement,Cost of sales - cross-border trade payments,5,-965233391.7,False
E10,Bid Corporation,consumer,FY2025,income_statement,Cost of sales - cross-border trade payments,5,-1205500239.01,False
E10,Bid Corporation,consumer,FY2026,income_statement,Cost of sales - cross-border trade payments,5,-1388055248.89,False
E10,Bid Corporation,consumer,FY2024,income_statement,Cost of sales and supplier payments,6,-2496333990.63,False
E10,Bid Corporation,consumer,FY2025,income_statement,Cost of sales and supplier payments,6,-3086010317.15,False
E10,Bid Corporation,consumer,FY2026,income_statement,Cost of sales and supplier payments,6,-3644558684.0,False
E10,Bid Corporation,consumer,FY2024,income_statement,Gross profit proxy,7,1011486003.4499993,False
E10,Bid Corporation,consumer,FY2025,income_statement,Gross profit proxy,7,1086559075.02,False
E10,Bid Corporation,consumer,FY2026,income_statement,Gross profit proxy,7,1364130311.7700005,False
E10,Bid Corporation,consumer,FY2024,income_statement,Employee costs,8,-8827630.38,False
E10,Bid Corporation,consumer,FY2025,income_statement,Employee costs,8,-8288811.33,False
E10,Bid Corporation,consumer,FY2026,income_statement,Employee costs,8,-8602992.63,False
E10,Bid Corporation,consumer,FY2024,income_statement,Other operating expenses,9,-169656962.19,False
E10,Bid Corporation,consumer,FY2025,income_statement,Other operating expenses,9,-271430535.39,False
E10,Bid Corporation,consumer,FY2026,income_statement,Other operating expenses,9,-311139987.7,False
E10,Bid Corporation,consumer,FY2024,income_statement,EBITDA proxy,10,833001410.8799994,False
E10,Bid Corporation,consumer,FY2025,income_statement,EBITDA proxy,10,806839728.3000001,False
E10,Bid Corporation,consumer,FY2026,income_statement,EBITDA proxy,10,1044387331.4400003,False
E10,Bid Corporation,consumer,FY2024,income_statement,Taxation paid,11,-20837826.91,False
E10,Bid Corporation,consumer,FY2025,income_statement,Taxation paid,11,-22062195.97,False
E10,Bid Corporation,consumer,FY2026,income_statement,Taxation paid,11,-24155588.78,False
E10,Bid Corporation,consumer,FY2024,income_statement,Net cash earnings proxy,12,812163583.9699994,False
E10,Bid Corporation,consumer,FY2025,income_statement,Net cash earnings proxy,12,784777532.33,False
E10,Bid Corporation,consumer,FY2026,income_statement,Net cash earnings proxy,12,1020231742.6600003,False
E10,Bid Corporation,consumer,FY2024,income_statement,Gross margin proxy,13,0.28835174129717084,True
E10,Bid Corporation,consumer,FY2025,income_statement,Gross margin proxy,13,0.2604052738005923,True
E10,Bid Corporation,consumer,FY2026,income_statement,Gross margin proxy,13,0.27235276794427693,True
E10,Bid Corporation,consumer,FY2024,income_statement,EBITDA margin proxy,14,0.2374698280658132,True
E10,Bid Corporation,consumer,FY2025,income_statement,EBITDA margin proxy,14,0.19336759978493548,True
E10,Bid Corporation,consumer,FY2026,income_statement,EBITDA margin proxy,14,0.20851510890814326,True
E10,Bid Corporation,consumer,FY2024,income_statement,Employee cost ratio,15,0.002516557404569796,True
E10,Bid Corporation,consumer,FY2025,income_statement,Employee cost ratio,15,0.0019865005350310767,True
E10,Bid Corporation,consumer,FY2026,income_statement,Employee cost ratio,15,0.0017176136584374686,True
E10,Bid Corporation,consumer,FY2024,income_statement,Export revenue share,16,0.2612025733807092,True
E10,Bid Corporation,consumer,FY2025,income_statement,Export revenue share,16,0.26598497232488505,True
E10,Bid Corporation,consumer,FY2026,income_statement,Export revenue share,16,0.26673943606566664,True
E10,Bid Corporation,consumer,FY2024,income_statement,Effective cash tax rate,17,0.025015356082034125,True
E10,Bid Corporation,consumer,FY2025,income_statement,Effective cash tax rate,17,0.02734396336244465,True
E10,Bid Corporation,consumer,FY2026,income_statement,Effective cash tax rate,17,0.023128956138039607,True
E10,Bid Corporation,consumer,FY2024,income_statement,Revenue growth,18,,True
E10,Bid Corporation,consumer,FY2025,income_statement,Revenue growth,18,0.18950499147957145,True
E10,Bid Corporation,consumer,FY2026,income_statement,Revenue growth,18,0.20038482887043507,True
E11,Pepkor Holdings,consumer,FY2024,cash_flow,Receipts from customers,0,11282527419.97,False
E11,Pepkor Holdings,consumer,FY2025,cash_flow,Receipts from customers,0,11407537510.270002,False
E11,Pepkor Holdings,consumer,FY2026,cash_flow,Receipts from customers,0,11257437378.69,False
E11,Pepkor Holdings,consumer,FY2024,cash_flow,Payments to suppliers,1,-8091054508.819999,False
E11,Pepkor Holdings,consumer,FY2025,cash_flow,Payments to suppliers,1,-8239040781.94,False
E11,Pepkor Holdings,consumer,FY2026,cash_flow,Payments to suppliers,1,-8218470169.97,False
E11,Pepkor Holdings,consumer,FY2024,cash_flow,Payments to employees,2,-11194894.7,False
E11,Pepkor Holdings,consumer,FY2025,cash_flow,Payments to employees,2,-10918415.72,False
E11,Pepkor Holdings,consumer,FY2026,cash_flow,Payments to employees,2,-11383454.24,False
E11,Pepkor Holdings,consumer,FY2024,cash_flow,Taxation paid,3,-33539894.94,False
E11,Pepkor Holdings,consumer,FY2025,cash_flow,Taxation paid,3,-26922075.17,False
E11,Pepkor Holdings,consumer,FY2026,cash_flow,Taxation paid,3,-30332692.65,False
E11,Pepkor Holdings,consumer,FY2024,cash_flow,Net cash from operating activities,4,3146738121.5100007,False
E11,Pepkor Holdings,consumer,FY2025,cash_flow,Net cash from operating activities,4,3130656237.440003,False
E11,Pepkor Holdings,consumer,FY2026,cash_flow,Net cash from operating activities,4,2997251061.8300004,False
E11,Pepkor Holdings,consumer,FY2024,cash_flow,Intragroup sweeps received,5,9284355344.56,False
E11,Pepkor Holdings,consumer,FY2025,cash_flow,Intragroup sweeps received,5,9048708519.34,False
E11,Pepkor Holdings,consumer,FY2026,cash_flow,Intragroup sweeps received,5,9093119133.42,False
E11,Pepkor Holdings,consumer,FY2024,cash_flow,Intragroup sweeps paid,6,-9363069781.95,False
E11,Pepkor Holdings,consumer,FY2025,cash_flow,Intragroup sweeps paid,6,-9298741530.07,False
E11,Pepkor Holdings,consumer,FY2026,cash_flow,Intragroup sweeps paid,6,-9250321789.28,False
E11,Pepkor Holdings,consumer,FY2024,cash_flow,Cross-border intragroup received,7,1410729688.62,False
E11,Pepkor Holdings,consumer,FY2025,cash_flow,Cross-border intragroup received,7,1543832988.26,False
E11,Pepkor Holdings,consumer,FY2026,cash_flow,Cross-border intragroup received,7,1445449315.75,False
E11,Pepkor Holdings,consumer,FY2024,cash_flow,Cross-border intragroup paid,8,-1499889909.31,False
E11,Pepkor Holdings,consumer,FY2025,cash_flow,Cross-border intragroup paid,8,-1628541760.56,False
E11,Pepkor Holdings,consumer,FY2026,cash_flow,Cross-border intragroup paid,8,-1547180446.6200001,False
E11,Pepkor Holdings,consumer,FY2024,cash_flow,Net intragroup and financing flows,9,-167874658.08000135,False
E11,Pepkor Holdings,consumer,FY2025,cash_flow,Net intragroup and financing flows,9,-334741783.0299995,False
E11,Pepkor Holdings,consumer,FY2026,cash_flow,Net intragroup and financing flows,9,-258933786.73000073,False
E11,Pepkor Holdings,consumer,FY2024,cash_flow,Net movement in cash,10,2978863463.4299994,False
E11,Pepkor Holdings,consumer,FY2025,cash_flow,Net movement in cash,10,2795914454.4100037,False
E11,Pepkor Holdings,consumer,FY2026,cash_flow,Net movement in cash,10,2738317275.0999994,False
E11,Pepkor Holdings,consumer,FY2024,cash_flow,Memo - gross cash inflows,11,21977612453.149998,False
E11,Pepkor Holdings,consumer,FY2025,cash_flow,Memo - gross cash inflows,11,22000079017.87,False
E11,Pepkor Holdings,consumer,FY2026,cash_flow,Memo - gross cash inflows,11,21796005827.86,False
E11,Pepkor Holdings,consumer,FY2024,cash_flow,Memo - gross cash outflows,12,-18998748989.72,False
E11,Pepkor Holdings,consumer,FY2025,cash_flow,Memo - gross cash outflows,12,-19204164563.460003,False
E11,Pepkor Holdings,consumer,FY2026,cash_flow,Memo - gross cash outflows,12,-19057688552.76,False
E11,Pepkor Holdings,consumer,FY2024,cash_flow,Memo - foreign currency gross flows,13,6367431874.15,False
E11,Pepkor Holdings,consumer,FY2025,cash_flow,Memo - foreign currency gross flows,13,6970919069.68,False
E11,Pepkor Holdings,consumer,FY2026,cash_flow,Memo - foreign currency gross flows,13,6655520139.919999,False
E11,Pepkor Holdings,consumer,FY2024,cash_flow,Operating cash conversion,14,0.27890365379837634,True
E11,Pepkor Holdings,consumer,FY2025,cash_flow,Operating cash conversion,14,0.27443751419809304,True
E11,Pepkor Holdings,consumer,FY2026,cash_flow,Operating cash conversion,14,0.26624630109013164,True
E11,Pepkor Holdings,consumer,FY2024,contingent_note,Letters of credit - notional,0,524850121.27,False
E11,Pepkor Holdings,consumer,FY2025,contingent_note,Letters of credit - notional,0,442623133.3,False
E11,Pepkor Holdings,consumer,FY2026,contingent_note,Letters of credit - notional,0,548265392.29,False
E11,Pepkor Holdings,consumer,FY2024,contingent_note,Guarantees - notional,1,255099717.65,False
E11,Pepkor Holdings,consumer,FY2025,contingent_note,Guarantees - notional,1,264563917.75,False
E11,Pepkor Holdings,consumer,FY2026,contingent_note,Guarantees - notional,1,184739836.57,False
E11,Pepkor Holdings,consumer,FY2024,contingent_note,Export collections - notional,2,732334180.08,False
E11,Pepkor Holdings,consumer,FY2025,contingent_note,Export collections - notional,2,773735822.78,False
E11,Pepkor Holdings,consumer,FY2026,contingent_note,Export collections - notional,2,800072177.59,False
E11,Pepkor Holdings,consumer,FY2024,contingent_note,Total trade finance notional,3,1512284019.0,False
E11,Pepkor Holdings,consumer,FY2025,contingent_note,Total trade finance notional,3,1480922873.83,False
E11,Pepkor Holdings,consumer,FY2026,contingent_note,Total trade finance notional,3,1533077406.4499998,False
E11,Pepkor Holdings,consumer,FY2024,contingent_note,Of which export,4,660622123.49,False
E11,Pepkor Holdings,consumer,FY2025,contingent_note,Of which export,4,774046574.47,False
E11,Pepkor Holdings,consumer,FY2026,contingent_note,Of which export,4,713681474.42,False
E11,Pepkor Holdings,consumer,FY2024,contingent_note,Of which import,5,851661895.51,False
E11,Pepkor Holdings,consumer,FY2025,contingent_note,Of which import,5,706876299.36,False
E11,Pepkor Holdings,consumer,FY2026,contingent_note,Of which import,5,819395932.03,False
E11,Pepkor Holdings,consumer,FY2024,contingent_note,Open exposure at period end,6,740990932.02,False
E11,Pepkor Holdings,consumer,FY2025,contingent_note,Open exposure at period end,6,811578436.15,False
E11,Pepkor Holdings,consumer,FY2026,contingent_note,Open exposure at period end,6,746444749.54,False
E11,Pepkor Holdings,consumer,FY2024,contingent_note,Settled during period,7,651436803.02,False
E11,Pepkor Holdings,consumer,FY2025,contingent_note,Settled during period,7,555393326.5,False
E11,Pepkor Holdings,consumer,FY2026,contingent_note,Settled during period,7,651340794.84,False
E11,Pepkor Holdings,consumer,FY2024,contingent_note,Weighted average tenor (days),8,108.6839768671456,True
E11,Pepkor Holdings,consumer,FY2025,contingent_note,Weighted average tenor (days),8,111.51736194778226,True
E11,Pepkor Holdings,consumer,FY2026,contingent_note,Weighted average tenor (days),8,111.34015498500337,True
E11,Pepkor Holdings,consumer,FY2024,contingent_note,Instrument count,9,1073.0,True
E11,Pepkor Holdings,consumer,FY2025,contingent_note,Instrument count,9,1001.0,True
E11,Pepkor Holdings,consumer,FY2026,contingent_note,Instrument count,9,1077.0,True
E11,Pepkor Holdings,consumer,FY2024,contingent_note,Counterparty countries,10,22.0,True
E11,Pepkor Holdings,consumer,FY2025,contingent_note,Counterparty countries,10,22.0,True
E11,Pepkor Holdings,consumer,FY2026,contingent_note,Counterparty countries,10,22.0,True
E11,Pepkor Holdings,consumer,FY2024,income_statement,Revenue - domestic collections,0,9622931154.71,False
E11,Pepkor Holdings,consumer,FY2025,income_statement,Revenue - domestic collections,0,9595027198.94,False
E11,Pepkor Holdings,consumer,FY2026,income_statement,Revenue - domestic collections,0,9581097431.6,False
E11,Pepkor Holdings,consumer,FY2024,income_statement,Revenue - cross-border trade receipts,1,1360886321.36,False
E11,Pepkor Holdings,consumer,FY2025,income_statement,Revenue - cross-border trade receipts,1,1469166992.96,False
E11,Pepkor Holdings,consumer,FY2026,income_statement,Revenue - cross-border trade receipts,1,1388927076.84,False
E11,Pepkor Holdings,consumer,FY2024,income_statement,Other operating income,2,298709943.9,False
E11,Pepkor Holdings,consumer,FY2025,income_statement,Other operating income,2,343343318.37,False
E11,Pepkor Holdings,consumer,FY2026,income_statement,Other operating income,2,287412870.25,False
E11,Pepkor Holdings,consumer,FY2024,income_statement,Total revenue,3,11282527419.97,False
E11,Pepkor Holdings,consumer,FY2025,income_statement,Total revenue,3,11407537510.270002,False
E11,Pepkor Holdings,consumer,FY2026,income_statement,Total revenue,3,11257437378.69,False
E11,Pepkor Holdings,consumer,FY2024,income_statement,Cost of sales - domestic suppliers,4,-6293838497.86,False
E11,Pepkor Holdings,consumer,FY2025,income_statement,Cost of sales - domestic suppliers,4,-6253006772.41,False
E11,Pepkor Holdings,consumer,FY2026,income_statement,Cost of sales - domestic suppliers,4,-6231919739.51,False
E11,Pepkor Holdings,consumer,FY2024,income_statement,Cost of sales - cross-border trade payments,5,-1469519323.1,False
E11,Pepkor Holdings,consumer,FY2025,income_statement,Cost of sales - cross-border trade payments,5,-1617705814.81,False
E11,Pepkor Holdings,consumer,FY2026,income_statement,Cost of sales - cross-border trade payments,5,-1638549005.09,False
E11,Pepkor Holdings,consumer,FY2024,income_statement,Cost of sales and supplier payments,6,-7763357820.959999,False
E11,Pepkor Holdings,consumer,FY2025,income_statement,Cost of sales and supplier payments,6,-7870712587.219999,False
E11,Pepkor Holdings,consumer,FY2026,income_statement,Cost of sales and supplier payments,6,-7870468744.6,False
E11,Pepkor Holdings,consumer,FY2024,income_statement,Gross profit proxy,7,3519169599.01,False
E11,Pepkor Holdings,consumer,FY2025,income_statement,Gross profit proxy,7,3536824923.050003,False
E11,Pepkor Holdings,consumer,FY2026,income_statement,Gross profit proxy,7,3386968634.09,False
E11,Pepkor Holdings,consumer,FY2024,income_statement,Employee costs,8,-11194894.7,False
E11,Pepkor Holdings,consumer,FY2025,income_statement,Employee costs,8,-10918415.72,False
E11,Pepkor Holdings,consumer,FY2026,income_statement,Employee costs,8,-11383454.24,False
E11,Pepkor Holdings,consumer,FY2024,income_statement,Other operating expenses,9,-327696687.86,False
E11,Pepkor Holdings,consumer,FY2025,income_statement,Other operating expenses,9,-368328194.71999997,False
E11,Pepkor Holdings,consumer,FY2026,income_statement,Other operating expenses,9,-348001425.37,False
E11,Pepkor Holdings,consumer,FY2024,income_statement,EBITDA proxy,10,3180278016.4500003,False
E11,Pepkor Holdings,consumer,FY2025,income_statement,EBITDA proxy,10,3157578312.6100035,False
E11,Pepkor Holdings,consumer,FY2026,income_statement,EBITDA proxy,10,3027583754.4800005,False
E11,Pepkor Holdings,consumer,FY2024,income_statement,Taxation paid,11,-33539894.94,False
E11,Pepkor Holdings,consumer,FY2025,income_statement,Taxation paid,11,-26922075.17,False
E11,Pepkor Holdings,consumer,FY2026,income_statement,Taxation paid,11,-30332692.65,False
E11,Pepkor Holdings,consumer,FY2024,income_statement,Net cash earnings proxy,12,3146738121.51,False
E11,Pepkor Holdings,consumer,FY2025,income_statement,Net cash earnings proxy,12,3130656237.4400034,False
E11,Pepkor Holdings,consumer,FY2026,income_statement,Net cash earnings proxy,12,2997251061.8300004,False
E11,Pepkor Holdings,consumer,FY2024,income_statement,Gross margin proxy,13,0.31191323256002845,True
E11,Pepkor Holdings,consumer,FY2025,income_statement,Gross margin proxy,13,0.31004280458125716,True
E11,Pepkor Holdings,consumer,FY2026,income_statement,Gross margin proxy,13,0.30086497665103007,True
E11,Pepkor Holdings,consumer,FY2024,income_statement,EBITDA margin proxy,14,0.2818763826641298,True
E11,Pepkor Holdings,consumer,FY2025,income_statement,EBITDA margin proxy,14,0.27679753932584417,True
E11,Pepkor Holdings,consumer,FY2026,income_statement,EBITDA margin proxy,14,0.2689407591297046,True
E11,Pepkor Holdings,consumer,FY2024,income_statement,Employee cost ratio,15,0.000992232882163008,True
E11,Pepkor Holdings,consumer,FY2025,income_statement,Employee cost ratio,15,0.0009571229294815244,True
E11,Pepkor Holdings,consumer,FY2026,income_statement,Employee cost ratio,15,0.001011194098361013,True
E11,Pepkor Holdings,consumer,FY2024,income_statement,Export revenue share,16,0.12061892435122648,True
E11,Pepkor Holdings,consumer,FY2025,income_statement,Export revenue share,16,0.1287891441634389,True
E11,Pepkor Holdings,consumer,FY2026,income_statement,Export revenue share,16,0.12337861896253567,True
E11,Pepkor Holdings,consumer,FY2024,income_statement,Effective cash tax rate,17,0.01054621475434373,True
E11,Pepkor Holdings,consumer,FY2025,income_statement,Effective cash tax rate,17,0.008526178135466939,True
E11,Pepkor Holdings,consumer,FY2026,income_statement,Effective cash tax rate,17,0.010018779036291189,True
E11,Pepkor Holdings,consumer,FY2024,income_statement,Revenue growth,18,,True
E11,Pepkor Holdings,consumer,FY2025,income_statement,Revenue growth,18,0.011079972212497013,True
E11,Pepkor Holdings,consumer,FY2026,income_statement,Revenue growth,18,-0.013157978349391253,True
E12,Clicks Group,consumer,FY2024,cash_flow,Receipts from customers,0,355507963.12,False
E12,Clicks Group,consumer,FY2025,cash_flow,Receipts from customers,0,333704383.08,False
E12,Clicks Group,consumer,FY2026,cash_flow,Receipts from customers,0,330276515.25,False
E12,Clicks Group,consumer,FY2024,cash_flow,Payments to suppliers,1,-343137075.29999995,False
E12,Clicks Group,consumer,FY2025,cash_flow,Payments to suppliers,1,-385802908.79,False
E12,Clicks Group,consumer,FY2026,cash_flow,Payments to suppliers,1,-358550444.4,False
E12,Clicks Group,consumer,FY2024,cash_flow,Payments to employees,2,-43699.71000000001,False
E12,Clicks Group,consumer,FY2025,cash_flow,Payments to employees,2,-45215.71,False
E12,Clicks Group,consumer,FY2026,cash_flow,Payments to employees,2,-8004.65,False
E12,Clicks Group,consumer,FY2024,cash_flow,Taxation paid,3,-2320854.7800000003,False
E12,Clicks Group,consumer,FY2025,cash_flow,Taxation paid,3,-2392495.65,False
E12,Clicks Group,consumer,FY2026,cash_flow,Taxation paid,3,-3109436.12,False
E12,Clicks Group,consumer,FY2024,cash_flow,Net cash from operating activities,4,10006333.33000005,False
E12,Clicks Group,consumer,FY2025,cash_flow,Net cash from operating activities,4,-54536237.07000004,False
E12,Clicks Group,consumer,FY2026,cash_flow,Net cash from operating activities,4,-31391369.919999976,False
E12,Clicks Group,consumer,FY2024,cash_flow,Intragroup sweeps received,5,19508060.990000002,False
E12,Clicks Group,consumer,FY2025,cash_flow,Intragroup sweeps received,5,24051657.58,False
E12,Clicks Group,consumer,FY2026,cash_flow,Intragroup sweeps received,5,29028539.419999998,False
E12,Clicks Group,consumer,FY2024,cash_flow,Intragroup sweeps paid,6,-27489343.52,False
E12,Clicks Group,consumer,FY2025,cash_flow,Intragroup sweeps paid,6,-31675058.52,False
E12,Clicks Group,consumer,FY2026,cash_flow,Intragroup sweeps paid,6,-16421893.28,False
E12,Clicks Group,consumer,FY2024,cash_flow,Cross-border intragroup received,7,215527050.16,False
E12,Clicks Group,consumer,FY2025,cash_flow,Cross-border intragroup received,7,231814047.5,False
E12,Clicks Group,consumer,FY2026,cash_flow,Cross-border intragroup received,7,216664424.51,False
E12,Clicks Group,consumer,FY2024,cash_flow,Cross-border intragroup paid,8,-236857412.57,False
E12,Clicks Group,consumer,FY2025,cash_flow,Cross-border intragroup paid,8,-208310647.64,False
E12,Clicks Group,consumer,FY2026,cash_flow,Cross-border intragroup paid,8,-249152051.98,False
E12,Clicks Group,consumer,FY2024,cash_flow,Net intragroup and financing flows,9,-29311644.939999998,False
E12,Clicks Group,consumer,FY2025,cash_flow,Net intragroup and financing flows,9,15879998.920000017,False
E12,Clicks Group,consumer,FY2026,cash_flow,Net intragroup and financing flows,9,-19880981.330000013,False
E12,Clicks Group,consumer,FY2024,cash_flow,Net movement in cash,10,-19305311.609999947,False
E12,Clicks Group,consumer,FY2025,cash_flow,Net movement in cash,10,-38656238.15000002,False
E12,Clicks Group,consumer,FY2026,cash_flow,Net movement in cash,10,-51272351.249999985,False
E12,Clicks Group,consumer,FY2024,cash_flow,Memo - gross cash inflows,11,590543074.27,False
E12,Clicks Group,consumer,FY2025,cash_flow,Memo - gross cash inflows,11,589570088.16,False
E12,Clicks Group,consumer,FY2026,cash_flow,Memo - gross cash inflows,11,575969479.1800001,False
E12,Clicks Group,consumer,FY2024,cash_flow,Memo - gross cash outflows,12,-609848385.8799999,False
E12,Clicks Group,consumer,FY2025,cash_flow,Memo - gross cash outflows,12,-628226326.31,False
E12,Clicks Group,consumer,FY2026,cash_flow,Memo - gross cash outflows,12,-627241830.43,False
E12,Clicks Group,consumer,FY2024,cash_flow,Memo - foreign currency gross flows,13,1013158662.74,False
E12,Clicks Group,consumer,FY2025,cash_flow,Memo - foreign currency gross flows,13,1012883874.2299999,False
E12,Clicks Group,consumer,FY2026,cash_flow,Memo - foreign currency gross flows,13,1005496789.56,False
E12,Clicks Group,consumer,FY2024,cash_flow,Operating cash conversion,14,0.028146580015206188,True
E12,Clicks Group,consumer,FY2025,cash_flow,Operating cash conversion,14,-0.16342679279979938,True
E12,Clicks Group,consumer,FY2026,cash_flow,Operating cash conversion,14,-0.09504572220715889,True
E12,Clicks Group,consumer,FY2024,contingent_note,Letters of credit - notional,0,32189562.6,False
E12,Clicks Group,consumer,FY2025,contingent_note,Letters of credit - notional,0,23447286.65,False
E12,Clicks Group,consumer,FY2026,contingent_note,Letters of credit - notional,0,18807700.99,False
E12,Clicks Group,consumer,FY2024,contingent_note,Guarantees - notional,1,5914812.63,False
E12,Clicks Group,consumer,FY2025,contingent_note,Guarantees - notional,1,8241160.31,False
E12,Clicks Group,consumer,FY2026,contingent_note,Guarantees - notional,1,6203885.96,False
E12,Clicks Group,consumer,FY2024,contingent_note,Export collections - notional,2,35987515.1,False
E12,Clicks Group,consumer,FY2025,contingent_note,Export collections - notional,2,66062269.72,False
E12,Clicks Group,consumer,FY2026,contingent_note,Export collections - notional,2,38855955.68,False
E12,Clicks Group,consumer,FY2024,contingent_note,Total trade finance notional,3,74091890.33000001,False
E12,Clicks Group,consumer,FY2025,contingent_note,Total trade finance notional,3,97750716.67999999,False
E12,Clicks Group,consumer,FY2026,contingent_note,Total trade finance notional,3,63867542.629999995,False
E12,Clicks Group,consumer,FY2024,contingent_note,Of which export,4,38116706.72,False
E12,Clicks Group,consumer,FY2025,contingent_note,Of which export,4,38756518.379999995,False
E12,Clicks Group,consumer,FY2026,contingent_note,Of which export,4,23083081.02,False
E12,Clicks Group,consumer,FY2024,contingent_note,Of which import,5,35975183.61,False
E12,Clicks Group,consumer,FY2025,contingent_note,Of which import,5,58994198.3,False
E12,Clicks Group,consumer,FY2026,contingent_note,Of which import,5,40784461.61,False
E12,Clicks Group,consumer,FY2024,contingent_note,Open exposure at period end,6,40583535.92,False
E12,Clicks Group,consumer,FY2025,contingent_note,Open exposure at period end,6,37919486.33,False
E12,Clicks Group,consumer,FY2026,contingent_note,Open exposure at period end,6,29010349.95,False
E12,Clicks Group,consumer,FY2024,contingent_note,Settled during period,7,27461740.27,False
E12,Clicks Group,consumer,FY2025,contingent_note,Settled during period,7,43510443.01,False
E12,Clicks Group,consumer,FY2026,contingent_note,Settled during period,7,30554601.26,False
E12,Clicks Group,consumer,FY2024,contingent_note,Weighted average tenor (days),8,93.98538972800966,True
E12,Clicks Group,consumer,FY2025,contingent_note,Weighted average tenor (days),8,108.29117671181046,True
E12,Clicks Group,consumer,FY2026,contingent_note,Weighted average tenor (days),8,118.34656884465134,True
E12,Clicks Group,consumer,FY2024,contingent_note,Instrument count,9,78.0,True
E12,Clicks Group,consumer,FY2025,contingent_note,Instrument count,9,63.0,True
E12,Clicks Group,consumer,FY2026,contingent_note,Instrument count,9,60.0,True
E12,Clicks Group,consumer,FY2024,contingent_note,Counterparty countries,10,19.0,True
E12,Clicks Group,consumer,FY2025,contingent_note,Counterparty countries,10,18.0,True
E12,Clicks Group,consumer,FY2026,contingent_note,Counterparty countries,10,18.0,True
E12,Clicks Group,consumer,FY2024,income_statement,Revenue - domestic collections,0,64252029.78,False
E12,Clicks Group,consumer,FY2025,income_statement,Revenue - domestic collections,0,70686010.19,False
E12,Clicks Group,consumer,FY2026,income_statement,Revenue - domestic collections,0,70289732.94,False
E12,Clicks Group,consumer,FY2024,income_statement,Revenue - cross-border trade receipts,1,238820265.72,False
E12,Clicks Group,consumer,FY2025,income_statement,Revenue - cross-border trade receipts,1,219258777.55,False
E12,Clicks Group,consumer,FY2026,income_statement,Revenue - cross-border trade receipts,1,208101602.71,False
E12,Clicks Group,consumer,FY2024,income_statement,Other operating income,2,52435667.620000005,False
E12,Clicks Group,consumer,FY2025,income_statement,Other operating income,2,43759595.339999996,False
E12,Clicks Group,consumer,FY2026,income_statement,Other operating income,2,51885179.6,False
E12,Clicks Group,consumer,FY2024,income_statement,Total revenue,3,355507963.12,False
E12,Clicks Group,consumer,FY2025,income_statement,Total revenue,3,333704383.08,False
E12,Clicks Group,consumer,FY2026,income_statement,Total revenue,3,330276515.25,False
E12,Clicks Group,consumer,FY2024,income_statement,Cost of sales - domestic suppliers,4,-73618808.63,False
E12,Clicks Group,consumer,FY2025,income_statement,Cost of sales - domestic suppliers,4,-76062102.59,False
E12,Clicks Group,consumer,FY2026,income_statement,Cost of sales - domestic suppliers,4,-78856913.64,False
E12,Clicks Group,consumer,FY2024,income_statement,Cost of sales - cross-border trade payments,5,-226171058.17,False
E12,Clicks Group,consumer,FY2025,income_statement,Cost of sales - cross-border trade payments,5,-257473846.51,False
E12,Clicks Group,consumer,FY2026,income_statement,Cost of sales - cross-border trade payments,5,-222040701.2,False
E12,Clicks Group,consumer,FY2024,income_statement,Cost of sales and supplier payments,6,-299789866.79999995,False
E12,Clicks Group,consumer,FY2025,income_statement,Cost of sales and supplier payments,6,-333535949.1,False
E12,Clicks Group,consumer,FY2026,income_statement,Cost of sales and supplier payments,6,-300897614.84,False
E12,Clicks Group,consumer,FY2024,income_statement,Gross profit proxy,7,55718096.32000005,False
E12,Clicks Group,consumer,FY2025,income_statement,Gross profit proxy,7,168433.97999995947,False
E12,Clicks Group,consumer,FY2026,income_statement,Gross profit proxy,7,29378900.410000026,False
E12,Clicks Group,consumer,FY2024,income_statement,Employee costs,8,-43699.71000000001,False
E12,Clicks Group,consumer,FY2025,income_statement,Employee costs,8,-45215.71,False
E12,Clicks Group,consumer,FY2026,income_statement,Employee costs,8,-8004.65,False
E12,Clicks Group,consumer,FY2024,income_statement,Other operating expenses,9,-43347208.5,False
E12,Clicks Group,consumer,FY2025,income_statement,Other operating expenses,9,-52266959.69,False
E12,Clicks Group,consumer,FY2026,income_statement,Other operating expenses,9,-57652829.56,False
E12,Clicks Group,consumer,FY2024,income_statement,EBITDA proxy,10,12327188.110000052,False
E12,Clicks Group,consumer,FY2025,income_statement,EBITDA proxy,10,-52143741.42000004,False
E12,Clicks Group,consumer,FY2026,income_statement,EBITDA proxy,10,-28281933.799999975,False
E12,Clicks Group,consumer,FY2024,income_statement,Taxation paid,11,-2320854.7800000003,False
E12,Clicks Group,consumer,FY2025,income_statement,Taxation paid,11,-2392495.65,False
E12,Clicks Group,consumer,FY2026,income_statement,Taxation paid,11,-3109436.12,False
E12,Clicks Group,consumer,FY2024,income_statement,Net cash earnings proxy,12,10006333.33000005,False
E12,Clicks Group,consumer,FY2025,income_statement,Net cash earnings proxy,12,-54536237.07000004,False
E12,Clicks Group,consumer,FY2026,income_statement,Net cash earnings proxy,12,-31391369.919999976,False
E12,Clicks Group,consumer,FY2024,income_statement,Gross margin proxy,13,0.15672812454328253,True
E12,Clicks Group,consumer,FY2025,income_statement,Gross margin proxy,13,0.0005047400889534624,True
E12,Clicks Group,consumer,FY2026,income_statement,Gross margin proxy,13,0.0889524354699029,True
E12,Clicks Group,consumer,FY2024,income_statement,EBITDA margin proxy,14,0.03467485791827135,True
E12,Clicks Group,consumer,FY2025,income_statement,EBITDA margin proxy,14,-0.1562572865801989,True
E12,Clicks Group,consumer,FY2026,income_statement,EBITDA margin proxy,14,-0.08563107727654268,True
E12,Clicks Group,consumer,FY2024,income_statement,Employee cost ratio,15,0.00012292188792758317,True
E12,Clicks Group,consumer,FY2025,income_statement,Employee cost ratio,15,0.00013549630239396735,True
E12,Clicks Group,consumer,FY2026,income_statement,Employee cost ratio,15,2.423620702774143e-05,True
E12,Clicks Group,consumer,FY2024,income_statement,Export revenue share,16,0.6717719165108753,True
E12,Clicks Group,consumer,FY2025,income_statement,Export revenue share,16,0.6570449435704188,True
E12,Clicks Group,consumer,FY2026,income_statement,Export revenue share,16,0.630082955042926,True
E12,Clicks Group,consumer,FY2024,income_statement,Effective cash tax rate,17,0.18827122286852088,True
E12,Clicks Group,consumer,FY2025,income_statement,Effective cash tax rate,17,,True
E12,Clicks Group,consumer,FY2026,income_statement,Effective cash tax rate,17,,True
E12,Clicks Group,consumer,FY2024,income_statement,Revenue growth,18,,True
E12,Clicks Group,consumer,FY2025,income_statement,Revenue growth,18,-0.061330778215621384,True
E12,Clicks Group,consumer,FY2026,income_statement,Revenue growth,18,-0.010272169032847889,True
E13,NEPI Rockcastle,real_estate,FY2024,cash_flow,Receipts from customers,0,50314126.86,False
E13,NEPI Rockcastle,real_estate,FY2025,cash_flow,Receipts from customers,0,84657358.4,False
E13,NEPI Rockcastle,real_estate,FY2026,cash_flow,Receipts from customers,0,92194217.46,False
E13,NEPI Rockcastle,real_estate,FY2024,cash_flow,Payments to suppliers,1,-60390187.42,False
E13,NEPI Rockcastle,real_estate,FY2025,cash_flow,Payments to suppliers,1,-93990446.48,False
E13,NEPI Rockcastle,real_estate,FY2026,cash_flow,Payments to suppliers,1,-112152815.21,False
E13,NEPI Rockcastle,real_estate,FY2024,cash_flow,Payments to employees,2,-7497.33,False
E13,NEPI Rockcastle,real_estate,FY2025,cash_flow,Payments to employees,2,-0.0,False
E13,NEPI Rockcastle,real_estate,FY2026,cash_flow,Payments to employees,2,-7559.67,False
E13,NEPI Rockcastle,real_estate,FY2024,cash_flow,Taxation paid,3,-381186.38,False
E13,NEPI Rockcastle,real_estate,FY2025,cash_flow,Taxation paid,3,-666568.6,False
E13,NEPI Rockcastle,real_estate,FY2026,cash_flow,Taxation paid,3,-397999.83999999997,False
E13,NEPI Rockcastle,real_estate,FY2024,cash_flow,Net cash from operating activities,4,-10464744.270000003,False
E13,NEPI Rockcastle,real_estate,FY2025,cash_flow,Net cash from operating activities,4,-9999656.679999998,False
E13,NEPI Rockcastle,real_estate,FY2026,cash_flow,Net cash from operating activities,4,-20364157.26,False
E13,NEPI Rockcastle,real_estate,FY2024,cash_flow,Intragroup sweeps received,5,3687068.36,False
E13,NEPI Rockcastle,real_estate,FY2025,cash_flow,Intragroup sweeps received,5,3559398.29,False
E13,NEPI Rockcastle,real_estate,FY2026,cash_flow,Intragroup sweeps received,5,6626199.36,False
E13,NEPI Rockcastle,real_estate,FY2024,cash_flow,Intragroup sweeps paid,6,-4098301.4099999997,False
E13,NEPI Rockcastle,real_estate,FY2025,cash_flow,Intragroup sweeps paid,6,-5188157.1,False
E13,NEPI Rockcastle,real_estate,FY2026,cash_flow,Intragroup sweeps paid,6,-4285204.4,False
E13,NEPI Rockcastle,real_estate,FY2024,cash_flow,Cross-border intragroup received,7,29001947.41,False
E13,NEPI Rockcastle,real_estate,FY2025,cash_flow,Cross-border intragroup received,7,55689029.38,False
E13,NEPI Rockcastle,real_estate,FY2026,cash_flow,Cross-border intragroup received,7,70993652.5,False
E13,NEPI Rockcastle,real_estate,FY2024,cash_flow,Cross-border intragroup paid,8,-31983238.37,False
E13,NEPI Rockcastle,real_estate,FY2025,cash_flow,Cross-border intragroup paid,8,-52532675.8,False
E13,NEPI Rockcastle,real_estate,FY2026,cash_flow,Cross-border intragroup paid,8,-65936155.55,False
E13,NEPI Rockcastle,real_estate,FY2024,cash_flow,Net intragroup and financing flows,9,-3392524.0100000016,False
E13,NEPI Rockcastle,real_estate,FY2025,cash_flow,Net intragroup and financing flows,9,1527594.7700000033,False
E13,NEPI Rockcastle,real_estate,FY2026,cash_flow,Net intragroup and financing flows,9,7398491.909999996,False
E13,NEPI Rockcastle,real_estate,FY2024,cash_flow,Net movement in cash,10,-13857268.280000005,False
E13,NEPI Rockcastle,real_estate,FY2025,cash_flow,Net movement in cash,10,-8472061.909999995,False
E13,NEPI Rockcastle,real_estate,FY2026,cash_flow,Net movement in cash,10,-12965665.350000005,False
E13,NEPI Rockcastle,real_estate,FY2024,cash_flow,Memo - gross cash inflows,11,83003142.63,False
E13,NEPI Rockcastle,real_estate,FY2025,cash_flow,Memo - gross cash inflows,11,143905786.07000002,False
E13,NEPI Rockcastle,real_estate,FY2026,cash_flow,Memo - gross cash inflows,11,169814069.32,False
E13,NEPI Rockcastle,real_estate,FY2024,cash_flow,Memo - gross cash outflows,12,-96860410.91,False
E13,NEPI Rockcastle,real_estate,FY2025,cash_flow,Memo - gross cash outflows,12,-152377847.98,False
E13,NEPI Rockcastle,real_estate,FY2026,cash_flow,Memo - gross cash outflows,12,-182779734.67000002,False
E13,NEPI Rockcastle,real_estate,FY2024,cash_flow,Memo - foreign currency gross flows,13,151248667.57999998,False
E13,NEPI Rockcastle,real_estate,FY2025,cash_flow,Memo - foreign currency gross flows,13,256599278.17000002,False
E13,NEPI Rockcastle,real_estate,FY2026,cash_flow,Memo - foreign currency gross flows,13,304225516.69,False
E13,NEPI Rockcastle,real_estate,FY2024,cash_flow,Operating cash conversion,14,-0.20798819184755704,True
E13,NEPI Rockcastle,real_estate,FY2025,cash_flow,Operating cash conversion,14,-0.11811916729969686,True
E13,NEPI Rockcastle,real_estate,FY2026,cash_flow,Operating cash conversion,14,-0.220883237810824,True
E13,NEPI Rockcastle,real_estate,FY2024,contingent_note,Letters of credit - notional,0,353410.93,False
E13,NEPI Rockcastle,real_estate,FY2025,contingent_note,Letters of credit - notional,0,328606.99,False
E13,NEPI Rockcastle,real_estate,FY2026,contingent_note,Letters of credit - notional,0,0.0,False
E13,NEPI Rockcastle,real_estate,FY2024,contingent_note,Guarantees - notional,1,569849.38,False
E13,NEPI Rockcastle,real_estate,FY2025,contingent_note,Guarantees - notional,1,1419303.03,False
E13,NEPI Rockcastle,real_estate,FY2026,contingent_note,Guarantees - notional,1,3904356.82,False
E13,NEPI Rockcastle,real_estate,FY2024,contingent_note,Export collections - notional,2,588355.24,False
E13,NEPI Rockcastle,real_estate,FY2025,contingent_note,Export collections - notional,2,596774.55,False
E13,NEPI Rockcastle,real_estate,FY2026,contingent_note,Export collections - notional,2,0.0,False
E13,NEPI Rockcastle,real_estate,FY2024,contingent_note,Total trade finance notional,3,1511615.55,False
E13,NEPI Rockcastle,real_estate,FY2025,contingent_note,Total trade finance notional,3,2344684.5700000003,False
E13,NEPI Rockcastle,real_estate,FY2026,contingent_note,Total trade finance notional,3,3904356.82,False
E13,NEPI Rockcastle,real_estate,FY2024,contingent_note,Of which export,4,1463765.68,False
E13,NEPI Rockcastle,real_estate,FY2025,contingent_note,Of which export,4,1949320.7000000002,False
E13,NEPI Rockcastle,real_estate,FY2026,contingent_note,Of which export,4,0.0,False
E13,NEPI Rockcastle,real_estate,FY2024,contingent_note,Of which import,5,47849.87,False
E13,NEPI Rockcastle,real_estate,FY2025,contingent_note,Of which import,5,395363.87,False
E13,NEPI Rockcastle,real_estate,FY2026,contingent_note,Of which import,5,3904356.82,False
E13,NEPI Rockcastle,real_estate,FY2024,contingent_note,Open exposure at period end,6,737661.29,False
E13,NEPI Rockcastle,real_estate,FY2025,contingent_note,Open exposure at period end,6,1021736.13,False
E13,NEPI Rockcastle,real_estate,FY2026,contingent_note,Open exposure at period end,6,1828765.27,False
E13,NEPI Rockcastle,real_estate,FY2024,contingent_note,Settled during period,7,773954.26,False
E13,NEPI Rockcastle,real_estate,FY2025,contingent_note,Settled during period,7,0.0,False
E13,NEPI Rockcastle,real_estate,FY2026,contingent_note,Settled during period,7,2075591.5499999998,False
E13,NEPI Rockcastle,real_estate,FY2024,contingent_note,Weighted average tenor (days),8,129.94566991587246,True
E13,NEPI Rockcastle,real_estate,FY2025,contingent_note,Weighted average tenor (days),8,71.48965031147024,True
E13,NEPI Rockcastle,real_estate,FY2026,contingent_note,Weighted average tenor (days),8,121.71834537909884,True
E13,NEPI Rockcastle,real_estate,FY2024,contingent_note,Instrument count,9,6.0,True
E13,NEPI Rockcastle,real_estate,FY2025,contingent_note,Instrument count,9,6.0,True
E13,NEPI Rockcastle,real_estate,FY2026,contingent_note,Instrument count,9,8.0,True
E13,NEPI Rockcastle,real_estate,FY2024,contingent_note,Counterparty countries,10,3.0,True
E13,NEPI Rockcastle,real_estate,FY2025,contingent_note,Counterparty countries,10,4.0,True
E13,NEPI Rockcastle,real_estate,FY2026,contingent_note,Counterparty countries,10,5.0,True
E13,NEPI Rockcastle,real_estate,FY2024,income_statement,Revenue - domestic collections,0,9550605.05,False
E13,NEPI Rockcastle,real_estate,FY2025,income_statement,Revenue - domestic collections,0,14031936.99,False
E13,NEPI Rockcastle,real_estate,FY2026,income_statement,Revenue - domestic collections,0,16368018.04,False
E13,NEPI Rockcastle,real_estate,FY2024,income_statement,Revenue - cross-border trade receipts,1,33318019.14,False
E13,NEPI Rockcastle,real_estate,FY2025,income_statement,Revenue - cross-border trade receipts,1,50317022.72,False
E13,NEPI Rockcastle,real_estate,FY2026,income_statement,Revenue - cross-border trade receipts,1,64961077.12,False
E13,NEPI Rockcastle,real_estate,FY2024,income_statement,Other operating income,2,7445502.67,False
E13,NEPI Rockcastle,real_estate,FY2025,income_statement,Other operating income,2,20308398.69,False
E13,NEPI Rockcastle,real_estate,FY2026,income_statement,Other operating income,2,10865122.3,False
E13,NEPI Rockcastle,real_estate,FY2024,income_statement,Total revenue,3,50314126.86,False
E13,NEPI Rockcastle,real_estate,FY2025,income_statement,Total revenue,3,84657358.4,False
E13,NEPI Rockcastle,real_estate,FY2026,income_statement,Total revenue,3,92194217.46,False
E13,NEPI Rockcastle,real_estate,FY2024,income_statement,Cost of sales - domestic suppliers,4,-10890227.43,False
E13,NEPI Rockcastle,real_estate,FY2025,income_statement,Cost of sales - domestic suppliers,4,-16238294.9,False
E13,NEPI Rockcastle,real_estate,FY2026,income_statement,Cost of sales - domestic suppliers,4,-20683305.99,False
E13,NEPI Rockcastle,real_estate,FY2024,income_statement,Cost of sales - cross-border trade payments,5,-39702807.44,False
E13,NEPI Rockcastle,real_estate,FY2025,income_statement,Cost of sales - cross-border trade payments,5,-67068232.78,False
E13,NEPI Rockcastle,real_estate,FY2026,income_statement,Cost of sales - cross-border trade payments,5,-75439283.64,False
E13,NEPI Rockcastle,real_estate,FY2024,income_statement,Cost of sales and supplier payments,6,-50593034.87,False
E13,NEPI Rockcastle,real_estate,FY2025,income_statement,Cost of sales and supplier payments,6,-83306527.68,False
E13,NEPI Rockcastle,real_estate,FY2026,income_statement,Cost of sales and supplier payments,6,-96122589.63,False
E13,NEPI Rockcastle,real_estate,FY2024,income_statement,Gross profit proxy,7,-278908.0099999979,False
E13,NEPI Rockcastle,real_estate,FY2025,income_statement,Gross profit proxy,7,1350830.7199999988,False
E13,NEPI Rockcastle,real_estate,FY2026,income_statement,Gross profit proxy,7,-3928372.170000002,False
E13,NEPI Rockcastle,real_estate,FY2024,income_statement,Employee costs,8,-7497.33,False
E13,NEPI Rockcastle,real_estate,FY2025,income_statement,Employee costs,8,-0.0,False
E13,NEPI Rockcastle,real_estate,FY2026,income_statement,Employee costs,8,-7559.67,False
E13,NEPI Rockcastle,real_estate,FY2024,income_statement,Other operating expenses,9,-9797152.55,False
E13,NEPI Rockcastle,real_estate,FY2025,income_statement,Other operating expenses,9,-10683918.799999999,False
E13,NEPI Rockcastle,real_estate,FY2026,income_statement,Other operating expenses,9,-16030225.58,False
E13,NEPI Rockcastle,real_estate,FY2024,income_statement,EBITDA proxy,10,-10083557.889999999,False
E13,NEPI Rockcastle,real_estate,FY2025,income_statement,EBITDA proxy,10,-9333088.08,False
E13,NEPI Rockcastle,real_estate,FY2026,income_statement,EBITDA proxy,10,-19966157.42,False
E13,NEPI Rockcastle,real_estate,FY2024,income_statement,Taxation paid,11,-381186.38,False
E13,NEPI Rockcastle,real_estate,FY2025,income_statement,Taxation paid,11,-666568.6,False
E13,NEPI Rockcastle,real_estate,FY2026,income_statement,Taxation paid,11,-397999.83999999997,False
E13,NEPI Rockcastle,real_estate,FY2024,income_statement,Net cash earnings proxy,12,-10464744.27,False
E13,NEPI Rockcastle,real_estate,FY2025,income_statement,Net cash earnings proxy,12,-9999656.68,False
E13,NEPI Rockcastle,real_estate,FY2026,income_statement,Net cash earnings proxy,12,-20364157.26,False
E13,NEPI Rockcastle,real_estate,FY2024,income_statement,Gross margin proxy,13,-0.005543333997945839,True
E13,NEPI Rockcastle,real_estate,FY2025,income_statement,Gross margin proxy,13,0.015956447797690777,True
E13,NEPI Rockcastle,real_estate,FY2026,income_statement,Gross margin proxy,13,-0.04260974579782503,True
E13,NEPI Rockcastle,real_estate,FY2024,income_statement,EBITDA margin proxy,14,-0.20041206156787114,True
E13,NEPI Rockcastle,real_estate,FY2025,income_statement,EBITDA margin proxy,14,-0.1102454441810223,True
E13,NEPI Rockcastle,real_estate,FY2026,income_statement,EBITDA margin proxy,14,-0.21656626597717643,True
E13,NEPI Rockcastle,real_estate,FY2024,income_statement,Employee cost ratio,15,0.0001490104363901904,True
E13,NEPI Rockcastle,real_estate,FY2025,income_statement,Employee cost ratio,15,0.0,True
E13,NEPI Rockcastle,real_estate,FY2026,income_statement,Employee cost ratio,15,8.199722507845885e-05,True
E13,NEPI Rockcastle,real_estate,FY2024,income_statement,Export revenue share,16,0.662200086125076,True
E13,NEPI Rockcastle,real_estate,FY2025,income_statement,Export revenue share,16,0.594360888066642,True
E13,NEPI Rockcastle,real_estate,FY2026,income_statement,Export revenue share,16,0.7046111883121569,True
E13,NEPI Rockcastle,real_estate,FY2024,income_statement,Effective cash tax rate,17,,True
E13,NEPI Rockcastle,real_estate,FY2025,income_statement,Effective cash tax rate,17,,True
E13,NEPI Rockcastle,real_estate,FY2026,income_statement,Effective cash tax rate,17,,True
E13,NEPI Rockcastle,real_estate,FY2024,income_statement,Revenue growth,18,,True
E13,NEPI Rockcastle,real_estate,FY2025,income_statement,Revenue growth,18,0.682576319679773,True
E13,NEPI Rockcastle,real_estate,FY2026,income_statement,Revenue growth,18,0.08902780812494604,True
E14,Prosus,tech,FY2024,cash_flow,Receipts from customers,0,1028824982.46,False
E14,Prosus,tech,FY2025,cash_flow,Receipts from customers,0,1088134693.61,False
E14,Prosus,tech,FY2026,cash_flow,Receipts from customers,0,1020641813.8699999,False
E14,Prosus,tech,FY2024,cash_flow,Payments to suppliers,1,-875760202.46,False
E14,Prosus,tech,FY2025,cash_flow,Payments to suppliers,1,-929285019.5400001,False
E14,Prosus,tech,FY2026,cash_flow,Payments to suppliers,1,-938915922.83,False
E14,Prosus,tech,FY2024,cash_flow,Payments to employees,2,-1456633.49,False
E14,Prosus,tech,FY2025,cash_flow,Payments to employees,2,-1534171.1199999999,False
E14,Prosus,tech,FY2026,cash_flow,Payments to employees,2,-1653141.57,False
E14,Prosus,tech,FY2024,cash_flow,Taxation paid,3,-4983961.2,False
E14,Prosus,tech,FY2025,cash_flow,Taxation paid,3,-3059307.32,False
E14,Prosus,tech,FY2026,cash_flow,Taxation paid,3,-2954805.33,False
E14,Prosus,tech,FY2024,cash_flow,Net cash from operating activities,4,146624185.31,False
E14,Prosus,tech,FY2025,cash_flow,Net cash from operating activities,4,154256195.62999982,False
E14,Prosus,tech,FY2026,cash_flow,Net cash from operating activities,4,77117944.13999985,False
E14,Prosus,tech,FY2024,cash_flow,Intragroup sweeps received,5,548172412.44,False
E14,Prosus,tech,FY2025,cash_flow,Intragroup sweeps received,5,583892463.73,False
E14,Prosus,tech,FY2026,cash_flow,Intragroup sweeps received,5,577402998.27,False
E14,Prosus,tech,FY2024,cash_flow,Intragroup sweeps paid,6,-580929314.63,False
E14,Prosus,tech,FY2025,cash_flow,Intragroup sweeps paid,6,-518596332.19,False
E14,Prosus,tech,FY2026,cash_flow,Intragroup sweeps paid,6,-506578432.78,False
E14,Prosus,tech,FY2024,cash_flow,Cross-border intragroup received,7,434176249.21,False
E14,Prosus,tech,FY2025,cash_flow,Cross-border intragroup received,7,428703374.18,False
E14,Prosus,tech,FY2026,cash_flow,Cross-border intragroup received,7,423617793.27,False
E14,Prosus,tech,FY2024,cash_flow,Cross-border intragroup paid,8,-466664691.36,False
E14,Prosus,tech,FY2025,cash_flow,Cross-border intragroup paid,8,-471263981.47,False
E14,Prosus,tech,FY2026,cash_flow,Cross-border intragroup paid,8,-434591871.29,False
E14,Prosus,tech,FY2024,cash_flow,Net intragroup and financing flows,9,-65245344.339999974,False
E14,Prosus,tech,FY2025,cash_flow,Net intragroup and financing flows,9,22735524.25,False
E14,Prosus,tech,FY2026,cash_flow,Net intragroup and financing flows,9,59850487.46999997,False
E14,Prosus,tech,FY2024,cash_flow,Net movement in cash,10,81378840.97000003,False
E14,Prosus,tech,FY2025,cash_flow,Net movement in cash,10,176991719.87999982,False
E14,Prosus,tech,FY2026,cash_flow,Net movement in cash,10,136968431.60999984,False
E14,Prosus,tech,FY2024,cash_flow,Memo - gross cash inflows,11,2011173644.1100001,False
E14,Prosus,tech,FY2025,cash_flow,Memo - gross cash inflows,11,2100730531.52,False
E14,Prosus,tech,FY2026,cash_flow,Memo - gross cash inflows,11,2021662605.4099998,False
E14,Prosus,tech,FY2024,cash_flow,Memo - gross cash outflows,12,-1929794803.1400003,False
E14,Prosus,tech,FY2025,cash_flow,Memo - gross cash outflows,12,-1923738811.64,False
E14,Prosus,tech,FY2026,cash_flow,Memo - gross cash outflows,12,-1884694173.8000002,False
E14,Prosus,tech,FY2024,cash_flow,Memo - foreign currency gross flows,13,1937347973.04,False
E14,Prosus,tech,FY2025,cash_flow,Memo - foreign currency gross flows,13,2083659052.4400003,False
E14,Prosus,tech,FY2026,cash_flow,Memo - foreign currency gross flows,13,1973314428.53,False
E14,Prosus,tech,FY2024,cash_flow,Operating cash conversion,14,0.14251615951180563,True
E14,Prosus,tech,FY2025,cash_flow,Operating cash conversion,14,0.14176204153388297,True
E14,Prosus,tech,FY2026,cash_flow,Operating cash conversion,14,0.07555828410320492,True
E14,Prosus,tech,FY2024,contingent_note,Letters of credit - notional,0,30290969.96,False
E14,Prosus,tech,FY2025,contingent_note,Letters of credit - notional,0,13090499.51,False
E14,Prosus,tech,FY2026,contingent_note,Letters of credit - notional,0,12495597.77,False
E14,Prosus,tech,FY2024,contingent_note,Guarantees - notional,1,20456352.810000002,False
E14,Prosus,tech,FY2025,contingent_note,Guarantees - notional,1,2851582.13,False
E14,Prosus,tech,FY2026,contingent_note,Guarantees - notional,1,7769874.4799999995,False
E14,Prosus,tech,FY2024,contingent_note,Export collections - notional,2,1335399.0,False
E14,Prosus,tech,FY2025,contingent_note,Export collections - notional,2,448287.13,False
E14,Prosus,tech,FY2026,contingent_note,Export collections - notional,2,12110886.5,False
E14,Prosus,tech,FY2024,contingent_note,Total trade finance notional,3,52082721.77,False
E14,Prosus,tech,FY2025,contingent_note,Total trade finance notional,3,16390368.770000001,False
E14,Prosus,tech,FY2026,contingent_note,Total trade finance notional,3,32376358.75,False
E14,Prosus,tech,FY2024,contingent_note,Of which export,4,7575820.86,False
E14,Prosus,tech,FY2025,contingent_note,Of which export,4,2412572.42,False
E14,Prosus,tech,FY2026,contingent_note,Of which export,4,6795159.37,False
E14,Prosus,tech,FY2024,contingent_note,Of which import,5,44506900.91,False
E14,Prosus,tech,FY2025,contingent_note,Of which import,5,13977796.35,False
E14,Prosus,tech,FY2026,contingent_note,Of which import,5,25581199.38,False
E14,Prosus,tech,FY2024,contingent_note,Open exposure at period end,6,43875525.76,False
E14,Prosus,tech,FY2025,contingent_note,Open exposure at period end,6,15364750.600000001,False
E14,Prosus,tech,FY2026,contingent_note,Open exposure at period end,6,1724870.59,False
E14,Prosus,tech,FY2024,contingent_note,Settled during period,7,7176817.06,False
E14,Prosus,tech,FY2025,contingent_note,Settled during period,7,1025618.1699999999,False
E14,Prosus,tech,FY2026,contingent_note,Settled during period,7,30295901.96,False
E14,Prosus,tech,FY2024,contingent_note,Weighted average tenor (days),8,82.65325306845997,True
E14,Prosus,tech,FY2025,contingent_note,Weighted average tenor (days),8,151.29487351674763,True
E14,Prosus,tech,FY2026,contingent_note,Weighted average tenor (days),8,98.22632643795991,True
E14,Prosus,tech,FY2024,contingent_note,Instrument count,9,14.0,True
E14,Prosus,tech,FY2025,contingent_note,Instrument count,9,13.0,True
E14,Prosus,tech,FY2026,contingent_note,Instrument count,9,11.0,True
E14,Prosus,tech,FY2024,contingent_note,Counterparty countries,10,7.0,True
E14,Prosus,tech,FY2025,contingent_note,Counterparty countries,10,8.0,True
E14,Prosus,tech,FY2026,contingent_note,Counterparty countries,10,7.0,True
E14,Prosus,tech,FY2024,income_statement,Revenue - domestic collections,0,524534203.4,False
E14,Prosus,tech,FY2025,income_statement,Revenue - domestic collections,0,506685606.51,False
E14,Prosus,tech,FY2026,income_statement,Revenue - domestic collections,0,517639594.93,False
E14,Prosus,tech,FY2024,income_statement,Revenue - cross-border trade receipts,1,408178984.62,False
E14,Prosus,tech,FY2025,income_statement,Revenue - cross-border trade receipts,1,465418454.15,False
E14,Prosus,tech,FY2026,income_statement,Revenue - cross-border trade receipts,1,416145697.14,False
E14,Prosus,tech,FY2024,income_statement,Other operating income,2,96111794.44,False
E14,Prosus,tech,FY2025,income_statement,Other operating income,2,116030632.95,False
E14,Prosus,tech,FY2026,income_statement,Other operating income,2,86856521.8,False
E14,Prosus,tech,FY2024,income_statement,Total revenue,3,1028824982.46,False
E14,Prosus,tech,FY2025,income_statement,Total revenue,3,1088134693.61,False
E14,Prosus,tech,FY2026,income_statement,Total revenue,3,1020641813.8699999,False
E14,Prosus,tech,FY2024,income_statement,Cost of sales - domestic suppliers,4,-343543949.05,False
E14,Prosus,tech,FY2025,income_statement,Cost of sales - domestic suppliers,4,-327042409.85,False
E14,Prosus,tech,FY2026,income_statement,Cost of sales - domestic suppliers,4,-326813377.8,False
E14,Prosus,tech,FY2024,income_statement,Cost of sales - cross-border trade payments,5,-437234993.41,False
E14,Prosus,tech,FY2025,income_statement,Cost of sales - cross-border trade payments,5,-503533336.54,False
E14,Prosus,tech,FY2026,income_statement,Cost of sales - cross-border trade payments,5,-504613773.8,False
E14,Prosus,tech,FY2024,income_statement,Cost of sales and supplier payments,6,-780778942.46,False
E14,Prosus,tech,FY2025,income_statement,Cost of sales and supplier payments,6,-830575746.3900001,False
E14,Prosus,tech,FY2026,income_statement,Cost of sales and supplier payments,6,-831427151.6,False
E14,Prosus,tech,FY2024,income_statement,Gross profit proxy,7,248046040.0,False
E14,Prosus,tech,FY2025,income_statement,Gross profit proxy,7,257558947.2199998,False
E14,Prosus,tech,FY2026,income_statement,Gross profit proxy,7,189214662.26999986,False
E14,Prosus,tech,FY2024,income_statement,Employee costs,8,-1456633.49,False
E14,Prosus,tech,FY2025,income_statement,Employee costs,8,-1534171.1199999999,False
E14,Prosus,tech,FY2026,income_statement,Employee costs,8,-1653141.57,False
E14,Prosus,tech,FY2024,income_statement,Other operating expenses,9,-94981260.0,False
E14,Prosus,tech,FY2025,income_statement,Other operating expenses,9,-98709273.15,False
E14,Prosus,tech,FY2026,income_statement,Other operating expenses,9,-107488771.23,False
E14,Prosus,tech,FY2024,income_statement,EBITDA proxy,10,151608146.51,False
E14,Prosus,tech,FY2025,income_statement,EBITDA proxy,10,157315502.94999978,False
E14,Prosus,tech,FY2026,income_statement,EBITDA proxy,10,80072749.46999986,False
E14,Prosus,tech,FY2024,income_statement,Taxation paid,11,-4983961.2,False
E14,Prosus,tech,FY2025,income_statement,Taxation paid,11,-3059307.32,False
E14,Prosus,tech,FY2026,income_statement,Taxation paid,11,-2954805.33,False
E14,Prosus,tech,FY2024,income_statement,Net cash earnings proxy,12,146624185.31,False
E14,Prosus,tech,FY2025,income_statement,Net cash earnings proxy,12,154256195.6299998,False
E14,Prosus,tech,FY2026,income_statement,Net cash earnings proxy,12,77117944.13999987,False
E14,Prosus,tech,FY2024,income_statement,Gross margin proxy,13,0.24109643936415964,True
E14,Prosus,tech,FY2025,income_statement,Gross margin proxy,13,0.23669767054804697,True
E14,Prosus,tech,FY2026,income_statement,Gross margin proxy,13,0.1853879193451311,True
E14,Prosus,tech,FY2024,income_statement,EBITDA margin proxy,14,0.1473604831674025,True
E14,Prosus,tech,FY2025,income_statement,EBITDA margin proxy,14,0.14457355681592068,True
E14,Prosus,tech,FY2026,income_statement,EBITDA margin proxy,14,0.07845333042586751,True
E14,Prosus,tech,FY2024,income_statement,Employee cost ratio,15,0.0014158224331966324,True
E14,Prosus,tech,FY2025,income_statement,Employee cost ratio,15,0.0014099092042642513,True
E14,Prosus,tech,FY2026,income_statement,Employee cost ratio,15,0.0016197078617930915,True
E14,Prosus,tech,FY2024,income_statement,Export revenue share,16,0.3967428781171434,True
E14,Prosus,tech,FY2025,income_statement,Export revenue share,16,0.4277213628819479,True
E14,Prosus,tech,FY2026,income_statement,Export revenue share,16,0.40772942229565057,True
E14,Prosus,tech,FY2024,income_statement,Effective cash tax rate,17,0.03287396696503549,True
E14,Prosus,tech,FY2025,income_statement,Effective cash tax rate,17,0.01944695381339722,True
E14,Prosus,tech,FY2026,income_statement,Effective cash tax rate,17,0.03690150955921715,True
E14,Prosus,tech,FY2024,income_statement,Revenue growth,18,,True
E14,Prosus,tech,FY2025,income_statement,Revenue growth,18,0.057648008321284916,True
E14,Prosus,tech,FY2026,income_statement,Revenue growth,18,-0.06202621801909958,True
E15,Naspers,tech,FY2024,cash_flow,Receipts from customers,0,850202238.33,False
E15,Naspers,tech,FY2025,cash_flow,Receipts from customers,0,911755712.88,False
E15,Naspers,tech,FY2026,cash_flow,Receipts from customers,0,873123581.92,False
E15,Naspers,tech,FY2024,cash_flow,Payments to suppliers,1,-808041425.3599999,False
E15,Naspers,tech,FY2025,cash_flow,Payments to suppliers,1,-763948316.11,False
E15,Naspers,tech,FY2026,cash_flow,Payments to suppliers,1,-841903861.09,False
E15,Naspers,tech,FY2024,cash_flow,Payments to employees,2,-1052074.83,False
E15,Naspers,tech,FY2025,cash_flow,Payments to employees,2,-1087476.33,False
E15,Naspers,tech,FY2026,cash_flow,Payments to employees,2,-1012132.7,False
E15,Naspers,tech,FY2024,cash_flow,Taxation paid,3,-2063567.59,False
E15,Naspers,tech,FY2025,cash_flow,Taxation paid,3,-2097355.11,False
E15,Naspers,tech,FY2026,cash_flow,Taxation paid,3,-3954559.75,False
E15,Naspers,tech,FY2024,cash_flow,Net cash from operating activities,4,39045170.550000146,False
E15,Naspers,tech,FY2025,cash_flow,Net cash from operating activities,4,144622565.32999995,False
E15,Naspers,tech,FY2026,cash_flow,Net cash from operating activities,4,26253028.379999924,False
E15,Naspers,tech,FY2024,cash_flow,Intragroup sweeps received,5,367551410.85,False
E15,Naspers,tech,FY2025,cash_flow,Intragroup sweeps received,5,399106011.1,False
E15,Naspers,tech,FY2026,cash_flow,Intragroup sweeps received,5,388600448.32,False
E15,Naspers,tech,FY2024,cash_flow,Intragroup sweeps paid,6,-433146216.48,False
E15,Naspers,tech,FY2025,cash_flow,Intragroup sweeps paid,6,-371931536.0,False
E15,Naspers,tech,FY2026,cash_flow,Intragroup sweeps paid,6,-461103141.38,False
E15,Naspers,tech,FY2024,cash_flow,Cross-border intragroup received,7,408265925.16,False
E15,Naspers,tech,FY2025,cash_flow,Cross-border intragroup received,7,412590621.7,False
E15,Naspers,tech,FY2026,cash_flow,Cross-border intragroup received,7,456169182.22,False
E15,Naspers,tech,FY2024,cash_flow,Cross-border intragroup paid,8,-410587342.3,False
E15,Naspers,tech,FY2025,cash_flow,Cross-border intragroup paid,8,-509923524.3,False
E15,Naspers,tech,FY2026,cash_flow,Cross-border intragroup paid,8,-487236325.56,False
E15,Naspers,tech,FY2024,cash_flow,Net intragroup and financing flows,9,-67916222.76999998,False
E15,Naspers,tech,FY2025,cash_flow,Net intragroup and financing flows,9,-70158427.5,False
E15,Naspers,tech,FY2026,cash_flow,Net intragroup and financing flows,9,-103569836.39999998,False
E15,Naspers,tech,FY2024,cash_flow,Net movement in cash,10,-28871052.219999835,False
E15,Naspers,tech,FY2025,cash_flow,Net movement in cash,10,74464137.82999995,False
E15,Naspers,tech,FY2026,cash_flow,Net movement in cash,10,-77316808.02000006,False
E15,Naspers,tech,FY2024,cash_flow,Memo - gross cash inflows,11,1626019574.3400002,False
E15,Naspers,tech,FY2025,cash_flow,Memo - gross cash inflows,11,1723452345.68,False
E15,Naspers,tech,FY2026,cash_flow,Memo - gross cash inflows,11,1717893212.46,False
E15,Naspers,tech,FY2024,cash_flow,Memo - gross cash outflows,12,-1654890626.56,False
E15,Naspers,tech,FY2025,cash_flow,Memo - gross cash outflows,12,-1648988207.8500001,False
E15,Naspers,tech,FY2026,cash_flow,Memo - gross cash outflows,12,-1795210020.48,False
E15,Naspers,tech,FY2024,cash_flow,Memo - foreign currency gross flows,13,1897997790.8300002,False
E15,Naspers,tech,FY2025,cash_flow,Memo - foreign currency gross flows,13,2018407792.74,False
E15,Naspers,tech,FY2026,cash_flow,Memo - foreign currency gross flows,13,2053358828.74,False
E15,Naspers,tech,FY2024,cash_flow,Operating cash conversion,14,0.04592456804947276,True
E15,Naspers,tech,FY2025,cash_flow,Operating cash conversion,14,0.15861986197286854,True
E15,Naspers,tech,FY2026,cash_flow,Operating cash conversion,14,0.030067941037933574,True
E15,Naspers,tech,FY2024,contingent_note,Letters of credit - notional,0,13016999.39,False
E15,Naspers,tech,FY2025,contingent_note,Letters of credit - notional,0,13199571.19,False
E15,Naspers,tech,FY2026,contingent_note,Letters of credit - notional,0,10429293.74,False
E15,Naspers,tech,FY2024,contingent_note,Guarantees - notional,1,15076351.75,False
E15,Naspers,tech,FY2025,contingent_note,Guarantees - notional,1,6084583.88,False
E15,Naspers,tech,FY2026,contingent_note,Guarantees - notional,1,18657055.37,False
E15,Naspers,tech,FY2024,contingent_note,Export collections - notional,2,18288089.08,False
E15,Naspers,tech,FY2025,contingent_note,Export collections - notional,2,21316053.77,False
E15,Naspers,tech,FY2026,contingent_note,Export collections - notional,2,16301992.29,False
E15,Naspers,tech,FY2024,contingent_note,Total trade finance notional,3,46381440.22,False
E15,Naspers,tech,FY2025,contingent_note,Total trade finance notional,3,40600208.84,False
E15,Naspers,tech,FY2026,contingent_note,Total trade finance notional,3,45388341.4,False
E15,Naspers,tech,FY2024,contingent_note,Of which export,4,23138374.66,False
E15,Naspers,tech,FY2025,contingent_note,Of which export,4,25653656.45,False
E15,Naspers,tech,FY2026,contingent_note,Of which export,4,11612839.049999999,False
E15,Naspers,tech,FY2024,contingent_note,Of which import,5,23243065.56,False
E15,Naspers,tech,FY2025,contingent_note,Of which import,5,14946552.39,False
E15,Naspers,tech,FY2026,contingent_note,Of which import,5,33775502.35,False
E15,Naspers,tech,FY2024,contingent_note,Open exposure at period end,6,20212412.21,False
E15,Naspers,tech,FY2025,contingent_note,Open exposure at period end,6,28080500.54,False
E15,Naspers,tech,FY2026,contingent_note,Open exposure at period end,6,33401487.64,False
E15,Naspers,tech,FY2024,contingent_note,Settled during period,7,25231239.54,False
E15,Naspers,tech,FY2025,contingent_note,Settled during period,7,9352269.39,False
E15,Naspers,tech,FY2026,contingent_note,Settled during period,7,11561322.11,False
E15,Naspers,tech,FY2024,contingent_note,Weighted average tenor (days),8,114.96448971307947,True
E15,Naspers,tech,FY2025,contingent_note,Weighted average tenor (days),8,149.99697850445835,True
E15,Naspers,tech,FY2026,contingent_note,Weighted average tenor (days),8,156.05405066200547,True
E15,Naspers,tech,FY2024,contingent_note,Instrument count,9,32.0,True
E15,Naspers,tech,FY2025,contingent_note,Instrument count,9,28.0,True
E15,Naspers,tech,FY2026,contingent_note,Instrument count,9,28.0,True
E15,Naspers,tech,FY2024,contingent_note,Counterparty countries,10,10.0,True
E15,Naspers,tech,FY2025,contingent_note,Counterparty countries,10,9.0,True
E15,Naspers,tech,FY2026,contingent_note,Counterparty countries,10,11.0,True
E15,Naspers,tech,FY2024,income_statement,Revenue - domestic collections,0,347902424.93,False
E15,Naspers,tech,FY2025,income_statement,Revenue - domestic collections,0,355819549.41,False
E15,Naspers,tech,FY2026,income_statement,Revenue - domestic collections,0,368658613.56,False
E15,Naspers,tech,FY2024,income_statement,Revenue - cross-border trade receipts,1,408804088.08,False
E15,Naspers,tech,FY2025,income_statement,Revenue - cross-border trade receipts,1,436551437.09,False
E15,Naspers,tech,FY2026,income_statement,Revenue - cross-border trade receipts,1,419193470.25,False
E15,Naspers,tech,FY2024,income_statement,Other operating income,2,93495725.32000001,False
E15,Naspers,tech,FY2025,income_statement,Other operating income,2,119384726.38,False
E15,Naspers,tech,FY2026,income_statement,Other operating income,2,85271498.11,False
E15,Naspers,tech,FY2024,income_statement,Total revenue,3,850202238.33,False
E15,Naspers,tech,FY2025,income_statement,Total revenue,3,911755712.88,False
E15,Naspers,tech,FY2026,income_statement,Total revenue,3,873123581.92,False
E15,Naspers,tech,FY2024,income_statement,Cost of sales - domestic suppliers,4,-231196715.39,False
E15,Naspers,tech,FY2025,income_statement,Cost of sales - domestic suppliers,4,-223990832.84,False
E15,Naspers,tech,FY2026,income_statement,Cost of sales - domestic suppliers,4,-236415508.49,False
E15,Naspers,tech,FY2024,income_statement,Cost of sales - cross-border trade payments,5,-464486155.17,False
E15,Naspers,tech,FY2025,income_statement,Cost of sales - cross-border trade payments,5,-444560945.75,False
E15,Naspers,tech,FY2026,income_statement,Cost of sales - cross-border trade payments,5,-489209293.46,False
E15,Naspers,tech,FY2024,income_statement,Cost of sales and supplier payments,6,-695682870.56,False
E15,Naspers,tech,FY2025,income_statement,Cost of sales and supplier payments,6,-668551778.59,False
E15,Naspers,tech,FY2026,income_statement,Cost of sales and supplier payments,6,-725624801.95,False
E15,Naspers,tech,FY2024,income_statement,Gross profit proxy,7,154519367.7700001,False
E15,Naspers,tech,FY2025,income_statement,Gross profit proxy,7,243203934.28999996,False
E15,Naspers,tech,FY2026,income_statement,Gross profit proxy,7,147498779.9699999,False
E15,Naspers,tech,FY2024,income_statement,Employee costs,8,-1052074.83,False
E15,Naspers,tech,FY2025,income_statement,Employee costs,8,-1087476.33,False
E15,Naspers,tech,FY2026,income_statement,Employee costs,8,-1012132.7,False
E15,Naspers,tech,FY2024,income_statement,Other operating expenses,9,-112358554.8,False
E15,Naspers,tech,FY2025,income_statement,Other operating expenses,9,-95396537.52,False
E15,Naspers,tech,FY2026,income_statement,Other operating expenses,9,-116279059.14,False
E15,Naspers,tech,FY2024,income_statement,EBITDA proxy,10,41108738.14000009,False
E15,Naspers,tech,FY2025,income_statement,EBITDA proxy,10,146719920.43999994,False
E15,Naspers,tech,FY2026,income_statement,EBITDA proxy,10,30207588.12999992,False
E15,Naspers,tech,FY2024,income_statement,Taxation paid,11,-2063567.59,False
E15,Naspers,tech,FY2025,income_statement,Taxation paid,11,-2097355.11,False
E15,Naspers,tech,FY2026,income_statement,Taxation paid,11,-3954559.75,False
E15,Naspers,tech,FY2024,income_statement,Net cash earnings proxy,12,39045170.55000009,False
E15,Naspers,tech,FY2025,income_statement,Net cash earnings proxy,12,144622565.32999992,False
E15,Naspers,tech,FY2026,income_statement,Net cash earnings proxy,12,26253028.37999992,False
E15,Naspers,tech,FY2024,income_statement,Gross margin proxy,13,0.181744249548805,True
E15,Naspers,tech,FY2025,income_statement,Gross margin proxy,13,0.266742429857425,True
E15,Naspers,tech,FY2026,income_statement,Gross margin proxy,13,0.16893230583195323,True
E15,Naspers,tech,FY2024,income_statement,EBITDA margin proxy,14,0.04835171714055641,True
E15,Naspers,tech,FY2025,income_statement,EBITDA margin proxy,14,0.160920209621226,True
E15,Naspers,tech,FY2026,income_statement,EBITDA margin proxy,14,0.03459715068464122,True
E15,Naspers,tech,FY2024,income_statement,Employee cost ratio,15,0.0012374406730174294,True
E15,Naspers,tech,FY2025,income_statement,Employee cost ratio,15,0.0011927277390617538,True
E15,Naspers,tech,FY2026,income_statement,Employee cost ratio,15,0.0011592089836519118,True
E15,Naspers,tech,FY2024,income_statement,Export revenue share,16,0.48083158294547507,True
E15,Naspers,tech,FY2025,income_statement,Export revenue share,16,0.47880307293172547,True
E15,Naspers,tech,FY2026,income_statement,Export revenue share,16,0.4801078323050134,True
E15,Naspers,tech,FY2024,income_statement,Effective cash tax rate,17,0.050197784786589796,True
E15,Naspers,tech,FY2025,income_statement,Effective cash tax rate,17,0.014294958065068596,True
E15,Naspers,tech,FY2026,income_statement,Effective cash tax rate,17,0.13091279359945412,True
E15,Naspers,tech,FY2024,income_statement,Revenue growth,18,,True
E15,Naspers,tech,FY2025,income_statement,Revenue growth,18,0.0723986267913217,True
E15,Naspers,tech,FY2026,income_statement,Revenue growth,18,-0.04237114219769589,True
E16,MTN Group,telecoms,FY2024,cash_flow,Receipts from customers,0,4386125278.62,False
E16,MTN Group,telecoms,FY2025,cash_flow,Receipts from customers,0,4374909372.12,False
E16,MTN Group,telecoms,FY2026,cash_flow,Receipts from customers,0,4294907664.2200003,False
E16,MTN Group,telecoms,FY2024,cash_flow,Payments to suppliers,1,-3599538770.1899996,False
E16,MTN Group,telecoms,FY2025,cash_flow,Payments to suppliers,1,-3753826735.68,False
E16,MTN Group,telecoms,FY2026,cash_flow,Payments to suppliers,1,-3566435097.73,False
E16,MTN Group,telecoms,FY2024,cash_flow,Payments to employees,2,-7969930.98,False
E16,MTN Group,telecoms,FY2025,cash_flow,Payments to employees,2,-8355639.55,False
E16,MTN Group,telecoms,FY2026,cash_flow,Payments to employees,2,-8304398.45,False
E16,MTN Group,telecoms,FY2024,cash_flow,Taxation paid,3,-26112377.34,False
E16,MTN Group,telecoms,FY2025,cash_flow,Taxation paid,3,-22030782.78,False
E16,MTN Group,telecoms,FY2026,cash_flow,Taxation paid,3,-23354093.69,False
E16,MTN Group,telecoms,FY2024,cash_flow,Net cash from operating activities,4,752504200.1100003,False
E16,MTN Group,telecoms,FY2025,cash_flow,Net cash from operating activities,4,590696214.1100001,False
E16,MTN Group,telecoms,FY2026,cash_flow,Net cash from operating activities,4,696814074.3500001,False
E16,MTN Group,telecoms,FY2024,cash_flow,Intragroup sweeps received,5,3033024432.86,False
E16,MTN Group,telecoms,FY2025,cash_flow,Intragroup sweeps received,5,2978632303.57,False
E16,MTN Group,telecoms,FY2026,cash_flow,Intragroup sweeps received,5,2993734334.03,False
E16,MTN Group,telecoms,FY2024,cash_flow,Intragroup sweeps paid,6,-2981130989.46,False
E16,MTN Group,telecoms,FY2025,cash_flow,Intragroup sweeps paid,6,-2977287702.94,False
E16,MTN Group,telecoms,FY2026,cash_flow,Intragroup sweeps paid,6,-2994271756.34,False
E16,MTN Group,telecoms,FY2024,cash_flow,Cross-border intragroup received,7,1391943897.45,False
E16,MTN Group,telecoms,FY2025,cash_flow,Cross-border intragroup received,7,1345394657.57,False
E16,MTN Group,telecoms,FY2026,cash_flow,Cross-border intragroup received,7,1352395881.65,False
E16,MTN Group,telecoms,FY2024,cash_flow,Cross-border intragroup paid,8,-1549614072.27,False
E16,MTN Group,telecoms,FY2025,cash_flow,Cross-border intragroup paid,8,-1638473377.21,False
E16,MTN Group,telecoms,FY2026,cash_flow,Cross-border intragroup paid,8,-1413292817.69,False
E16,MTN Group,telecoms,FY2024,cash_flow,Net intragroup and financing flows,9,-105776731.41999984,False
E16,MTN Group,telecoms,FY2025,cash_flow,Net intragroup and financing flows,9,-291734119.01,False
E16,MTN Group,telecoms,FY2026,cash_flow,Net intragroup and financing flows,9,-61434358.349999905,False
E16,MTN Group,telecoms,FY2024,cash_flow,Net movement in cash,10,646727468.6900004,False
E16,MTN Group,telecoms,FY2025,cash_flow,Net movement in cash,10,298962095.10000014,False
E16,MTN Group,telecoms,FY2026,cash_flow,Net movement in cash,10,635379716.0000002,False
E16,MTN Group,telecoms,FY2024,cash_flow,Memo - gross cash inflows,11,8811093608.93,False
E16,MTN Group,telecoms,FY2025,cash_flow,Memo - gross cash inflows,11,8698936333.26,False
E16,MTN Group,telecoms,FY2026,cash_flow,Memo - gross cash inflows,11,8641037879.9,False
E16,MTN Group,telecoms,FY2024,cash_flow,Memo - gross cash outflows,12,-8164366140.24,False
E16,MTN Group,telecoms,FY2025,cash_flow,Memo - gross cash outflows,12,-8399974238.160001,False
E16,MTN Group,telecoms,FY2026,cash_flow,Memo - gross cash outflows,12,-8005658163.9,False
E16,MTN Group,telecoms,FY2024,cash_flow,Memo - foreign currency gross flows,13,6437338428.539999,False
E16,MTN Group,telecoms,FY2025,cash_flow,Memo - foreign currency gross flows,13,6669570788.17,False
E16,MTN Group,telecoms,FY2026,cash_flow,Memo - foreign currency gross flows,13,6209646180.280001,False
E16,MTN Group,telecoms,FY2024,cash_flow,Operating cash conversion,14,0.17156468461538324,True
E16,MTN Group,telecoms,FY2025,cash_flow,Operating cash conversion,14,0.13501907442342279,True
E16,MTN Group,telecoms,FY2026,cash_flow,Operating cash conversion,14,0.1622419220219834,True
E16,MTN Group,telecoms,FY2024,contingent_note,Letters of credit - notional,0,522226442.15,False
E16,MTN Group,telecoms,FY2025,contingent_note,Letters of credit - notional,0,625304149.14,False
E16,MTN Group,telecoms,FY2026,contingent_note,Letters of credit - notional,0,571940985.38,False
E16,MTN Group,telecoms,FY2024,contingent_note,Guarantees - notional,1,650931241.92,False
E16,MTN Group,telecoms,FY2025,contingent_note,Guarantees - notional,1,545479541.18,False
E16,MTN Group,telecoms,FY2026,contingent_note,Guarantees - notional,1,552807603.62,False
E16,MTN Group,telecoms,FY2024,contingent_note,Export collections - notional,2,295162072.18,False
E16,MTN Group,telecoms,FY2025,contingent_note,Export collections - notional,2,321591263.44,False
E16,MTN Group,telecoms,FY2026,contingent_note,Export collections - notional,2,318420571.97,False
E16,MTN Group,telecoms,FY2024,contingent_note,Total trade finance notional,3,1468319756.25,False
E16,MTN Group,telecoms,FY2025,contingent_note,Total trade finance notional,3,1492374953.76,False
E16,MTN Group,telecoms,FY2026,contingent_note,Total trade finance notional,3,1443169160.97,False
E16,MTN Group,telecoms,FY2024,contingent_note,Of which export,4,659957778.48,False
E16,MTN Group,telecoms,FY2025,contingent_note,Of which export,4,626514210.62,False
E16,MTN Group,telecoms,FY2026,contingent_note,Of which export,4,612168144.39,False
E16,MTN Group,telecoms,FY2024,contingent_note,Of which import,5,808361977.77,False
E16,MTN Group,telecoms,FY2025,contingent_note,Of which import,5,865860743.14,False
E16,MTN Group,telecoms,FY2026,contingent_note,Of which import,5,831001016.58,False
E16,MTN Group,telecoms,FY2024,contingent_note,Open exposure at period end,6,700157986.7,False
E16,MTN Group,telecoms,FY2025,contingent_note,Open exposure at period end,6,742228362.94,False
E16,MTN Group,telecoms,FY2026,contingent_note,Open exposure at period end,6,678998698.85,False
E16,MTN Group,telecoms,FY2024,contingent_note,Settled during period,7,663110694.1899999,False
E16,MTN Group,telecoms,FY2025,contingent_note,Settled during period,7,648455117.87,False
E16,MTN Group,telecoms,FY2026,contingent_note,Settled during period,7,645897848.28,False
E16,MTN Group,telecoms,FY2024,contingent_note,Weighted average tenor (days),8,105.55752380022504,True
E16,MTN Group,telecoms,FY2025,contingent_note,Weighted average tenor (days),8,115.48420051564749,True
E16,MTN Group,telecoms,FY2026,contingent_note,Weighted average tenor (days),8,100.94381551704895,True
E16,MTN Group,telecoms,FY2024,contingent_note,Instrument count,9,835.0,True
E16,MTN Group,telecoms,FY2025,contingent_note,Instrument count,9,794.0,True
E16,MTN Group,telecoms,FY2026,contingent_note,Instrument count,9,784.0,True
E16,MTN Group,telecoms,FY2024,contingent_note,Counterparty countries,10,20.0,True
E16,MTN Group,telecoms,FY2025,contingent_note,Counterparty countries,10,20.0,True
E16,MTN Group,telecoms,FY2026,contingent_note,Counterparty countries,10,20.0,True
E16,MTN Group,telecoms,FY2024,income_statement,Revenue - domestic collections,0,2701612746.62,False
E16,MTN Group,telecoms,FY2025,income_statement,Revenue - domestic collections,0,2707182726.86,False
E16,MTN Group,telecoms,FY2026,income_statement,Revenue - domestic collections,0,2678835912.23,False
E16,MTN Group,telecoms,FY2024,income_statement,Revenue - cross-border trade receipts,1,1383857012.25,False
E16,MTN Group,telecoms,FY2025,income_statement,Revenue - cross-border trade receipts,1,1357158865.72,False
E16,MTN Group,telecoms,FY2026,income_statement,Revenue - cross-border trade receipts,1,1277825194.07,False
E16,MTN Group,telecoms,FY2024,income_statement,Other operating income,2,300655519.75,False
E16,MTN Group,telecoms,FY2025,income_statement,Other operating income,2,310567779.54,False
E16,MTN Group,telecoms,FY2026,income_statement,Other operating income,2,338246557.92,False
E16,MTN Group,telecoms,FY2024,income_statement,Total revenue,3,4386125278.62,False
E16,MTN Group,telecoms,FY2025,income_statement,Total revenue,3,4374909372.12,False
E16,MTN Group,telecoms,FY2026,income_statement,Total revenue,3,4294907664.2200003,False
E16,MTN Group,telecoms,FY2024,income_statement,Cost of sales - domestic suppliers,4,-1788270843.37,False
E16,MTN Group,telecoms,FY2025,income_statement,Cost of sales - domestic suppliers,4,-1735850627.55,False
E16,MTN Group,telecoms,FY2026,income_statement,Cost of sales - domestic suppliers,4,-1738549368.78,False
E16,MTN Group,telecoms,FY2024,income_statement,Cost of sales - cross-border trade payments,5,-1476904149.6,False
E16,MTN Group,telecoms,FY2025,income_statement,Cost of sales - cross-border trade payments,5,-1638255750.8,False
E16,MTN Group,telecoms,FY2026,income_statement,Cost of sales - cross-border trade payments,5,-1496171859.68,False
E16,MTN Group,telecoms,FY2024,income_statement,Cost of sales and supplier payments,6,-3265174992.97,False
E16,MTN Group,telecoms,FY2025,income_statement,Cost of sales and supplier payments,6,-3374106378.35,False
E16,MTN Group,telecoms,FY2026,income_statement,Cost of sales and supplier payments,6,-3234721228.46,False
E16,MTN Group,telecoms,FY2024,income_statement,Gross profit proxy,7,1120950285.65,False
E16,MTN Group,telecoms,FY2025,income_statement,Gross profit proxy,7,1000802993.77,False
E16,MTN Group,telecoms,FY2026,income_statement,Gross profit proxy,7,1060186435.7600002,False
E16,MTN Group,telecoms,FY2024,income_statement,Employee costs,8,-7969930.98,False
E16,MTN Group,telecoms,FY2025,income_statement,Employee costs,8,-8355639.55,False
E16,MTN Group,telecoms,FY2026,income_statement,Employee costs,8,-8304398.45,False
E16,MTN Group,telecoms,FY2024,income_statement,Other operating expenses,9,-334363777.22,False
E16,MTN Group,telecoms,FY2025,income_statement,Other operating expenses,9,-379720357.33,False
E16,MTN Group,telecoms,FY2026,income_statement,Other operating expenses,9,-331713869.27,False
E16,MTN Group,telecoms,FY2024,income_statement,EBITDA proxy,10,778616577.45,False
E16,MTN Group,telecoms,FY2025,income_statement,EBITDA proxy,10,612726996.8900001,False
E16,MTN Group,telecoms,FY2026,income_statement,EBITDA proxy,10,720168168.0400002,False
E16,MTN Group,telecoms,FY2024,income_statement,Taxation paid,11,-26112377.34,False
E16,MTN Group,telecoms,FY2025,income_statement,Taxation paid,11,-22030782.78,False
E16,MTN Group,telecoms,FY2026,income_statement,Taxation paid,11,-23354093.69,False
E16,MTN Group,telecoms,FY2024,income_statement,Net cash earnings proxy,12,752504200.11,False
E16,MTN Group,telecoms,FY2025,income_statement,Net cash earnings proxy,12,590696214.1100001,False
E16,MTN Group,telecoms,FY2026,income_statement,Net cash earnings proxy,12,696814074.3500001,False
E16,MTN Group,telecoms,FY2024,income_statement,Gross margin proxy,13,0.2555673206859889,True
E16,MTN Group,telecoms,FY2025,income_statement,Gross margin proxy,13,0.22875970874912763,True
E16,MTN Group,telecoms,FY2026,income_statement,Gross margin proxy,13,0.24684731748535532,True
E16,MTN Group,telecoms,FY2024,income_statement,EBITDA margin proxy,14,0.17751808897145205,True
E16,MTN Group,telecoms,FY2025,income_statement,EBITDA margin proxy,14,0.1400547862304823,True
E16,MTN Group,telecoms,FY2026,income_statement,EBITDA margin proxy,14,0.16767954618432762,True
E16,MTN Group,telecoms,FY2024,income_statement,Employee cost ratio,15,0.0018170778246688769,True
E16,MTN Group,telecoms,FY2025,income_statement,Employee cost ratio,15,0.0019099000320436379,True
E16,MTN Group,telecoms,FY2026,income_statement,Employee cost ratio,15,0.0019335452818188036,True
E16,MTN Group,telecoms,FY2024,income_statement,Export revenue share,16,0.3155078627132604,True
E16,MTN Group,telecoms,FY2025,income_statement,Export revenue share,16,0.3102141668050934,True
E16,MTN Group,telecoms,FY2026,income_statement,Export revenue share,16,0.2975209932253727,True
E16,MTN Group,telecoms,FY2024,income_statement,Effective cash tax rate,17,0.033536888497184406,True
E16,MTN Group,telecoms,FY2025,income_statement,Effective cash tax rate,17,0.03595529965518245,True
E16,MTN Group,telecoms,FY2026,income_statement,Effective cash tax rate,17,0.032428666978658864,True
E16,MTN Group,telecoms,FY2024,income_statement,Revenue growth,18,,True
E16,MTN Group,telecoms,FY2025,income_statement,Revenue growth,18,-0.0025571331841959255,True
E16,MTN Group,telecoms,FY2026,income_statement,Revenue growth,18,-0.01828648346633799,True
E17,Vodacom Group,telecoms,FY2024,cash_flow,Receipts from customers,0,934893922.98,False
E17,Vodacom Group,telecoms,FY2025,cash_flow,Receipts from customers,0,1008558602.2,False
E17,Vodacom Group,telecoms,FY2026,cash_flow,Receipts from customers,0,844970574.35,False
E17,Vodacom Group,telecoms,FY2024,cash_flow,Payments to suppliers,1,-940068047.6200001,False
E17,Vodacom Group,telecoms,FY2025,cash_flow,Payments to suppliers,1,-949899038.52,False
E17,Vodacom Group,telecoms,FY2026,cash_flow,Payments to suppliers,1,-897072756.6600001,False
E17,Vodacom Group,telecoms,FY2024,cash_flow,Payments to employees,2,-49055.020000000004,False
E17,Vodacom Group,telecoms,FY2025,cash_flow,Payments to employees,2,-35072.21,False
E17,Vodacom Group,telecoms,FY2026,cash_flow,Payments to employees,2,-17005.88,False
E17,Vodacom Group,telecoms,FY2024,cash_flow,Taxation paid,3,-1524363.62,False
E17,Vodacom Group,telecoms,FY2025,cash_flow,Taxation paid,3,-3538449.47,False
E17,Vodacom Group,telecoms,FY2026,cash_flow,Taxation paid,3,-2821354.62,False
E17,Vodacom Group,telecoms,FY2024,cash_flow,Net cash from operating activities,4,-6747543.280000105,False
E17,Vodacom Group,telecoms,FY2025,cash_flow,Net cash from operating activities,4,55086042.00000007,False
E17,Vodacom Group,telecoms,FY2026,cash_flow,Net cash from operating activities,4,-54940542.81000006,False
E17,Vodacom Group,telecoms,FY2024,cash_flow,Intragroup sweeps received,5,34023160.26,False
E17,Vodacom Group,telecoms,FY2025,cash_flow,Intragroup sweeps received,5,32194400.66,False
E17,Vodacom Group,telecoms,FY2026,cash_flow,Intragroup sweeps received,5,46841070.38,False
E17,Vodacom Group,telecoms,FY2024,cash_flow,Intragroup sweeps paid,6,-29295495.46,False
E17,Vodacom Group,telecoms,FY2025,cash_flow,Intragroup sweeps paid,6,-40221417.7,False
E17,Vodacom Group,telecoms,FY2026,cash_flow,Intragroup sweeps paid,6,-21251530.63,False
E17,Vodacom Group,telecoms,FY2024,cash_flow,Cross-border intragroup received,7,623614041.13,False
E17,Vodacom Group,telecoms,FY2025,cash_flow,Cross-border intragroup received,7,621814648.37,False
E17,Vodacom Group,telecoms,FY2026,cash_flow,Cross-border intragroup received,7,639721929.7,False
E17,Vodacom Group,telecoms,FY2024,cash_flow,Cross-border intragroup paid,8,-696054410.44,False
E17,Vodacom Group,telecoms,FY2025,cash_flow,Cross-border intragroup paid,8,-661611573.44,False
E17,Vodacom Group,telecoms,FY2026,cash_flow,Cross-border intragroup paid,8,-707619176.58,False
E17,Vodacom Group,telecoms,FY2024,cash_flow,Net intragroup and financing flows,9,-67712704.51000011,False
E17,Vodacom Group,telecoms,FY2025,cash_flow,Net intragroup and financing flows,9,-47823942.110000014,False
E17,Vodacom Group,telecoms,FY2026,cash_flow,Net intragroup and financing flows,9,-42307707.129999995,False
E17,Vodacom Group,telecoms,FY2024,cash_flow,Net movement in cash,10,-74460247.79000022,False
E17,Vodacom Group,telecoms,FY2025,cash_flow,Net movement in cash,10,7262099.890000053,False
E17,Vodacom Group,telecoms,FY2026,cash_flow,Net movement in cash,10,-97248249.94000006,False
E17,Vodacom Group,telecoms,FY2024,cash_flow,Memo - gross cash inflows,11,1592531124.37,False
E17,Vodacom Group,telecoms,FY2025,cash_flow,Memo - gross cash inflows,11,1662567651.23,False
E17,Vodacom Group,telecoms,FY2026,cash_flow,Memo - gross cash inflows,11,1531533574.43,False
E17,Vodacom Group,telecoms,FY2024,cash_flow,Memo - gross cash outflows,12,-1666991372.1600003,False
E17,Vodacom Group,telecoms,FY2025,cash_flow,Memo - gross cash outflows,12,-1655305551.3400002,False
E17,Vodacom Group,telecoms,FY2026,cash_flow,Memo - gross cash outflows,12,-1628781824.3700001,False
E17,Vodacom Group,telecoms,FY2024,cash_flow,Memo - foreign currency gross flows,13,3021302785.11,False
E17,Vodacom Group,telecoms,FY2025,cash_flow,Memo - foreign currency gross flows,13,3067482370.7799997,False
E17,Vodacom Group,telecoms,FY2026,cash_flow,Memo - foreign currency gross flows,13,2910734803.48,False
E17,Vodacom Group,telecoms,FY2024,cash_flow,Operating cash conversion,14,-0.007217442657549988,True
E17,Vodacom Group,telecoms,FY2025,cash_flow,Operating cash conversion,14,0.054618583273038555,True
E17,Vodacom Group,telecoms,FY2026,cash_flow,Operating cash conversion,14,-0.06502065808890858,True
E17,Vodacom Group,telecoms,FY2024,contingent_note,Letters of credit - notional,0,32998459.46,False
E17,Vodacom Group,telecoms,FY2025,contingent_note,Letters of credit - notional,0,63047840.22,False
E17,Vodacom Group,telecoms,FY2026,contingent_note,Letters of credit - notional,0,61604758.66,False
E17,Vodacom Group,telecoms,FY2024,contingent_note,Guarantees - notional,1,84649445.54,False
E17,Vodacom Group,telecoms,FY2025,contingent_note,Guarantees - notional,1,63285258.51,False
E17,Vodacom Group,telecoms,FY2026,contingent_note,Guarantees - notional,1,84743474.71,False
E17,Vodacom Group,telecoms,FY2024,contingent_note,Export collections - notional,2,20513260.4,False
E17,Vodacom Group,telecoms,FY2025,contingent_note,Export collections - notional,2,71226548.82000001,False
E17,Vodacom Group,telecoms,FY2026,contingent_note,Export collections - notional,2,34390640.46,False
E17,Vodacom Group,telecoms,FY2024,contingent_note,Total trade finance notional,3,138161165.4,False
E17,Vodacom Group,telecoms,FY2025,contingent_note,Total trade finance notional,3,197559647.55,False
E17,Vodacom Group,telecoms,FY2026,contingent_note,Total trade finance notional,3,180738873.83,False
E17,Vodacom Group,telecoms,FY2024,contingent_note,Of which export,4,59029630.0,False
E17,Vodacom Group,telecoms,FY2025,contingent_note,Of which export,4,72430358.49,False
E17,Vodacom Group,telecoms,FY2026,contingent_note,Of which export,4,88368566.45,False
E17,Vodacom Group,telecoms,FY2024,contingent_note,Of which import,5,79131535.4,False
E17,Vodacom Group,telecoms,FY2025,contingent_note,Of which import,5,125129289.06,False
E17,Vodacom Group,telecoms,FY2026,contingent_note,Of which import,5,92370307.38,False
E17,Vodacom Group,telecoms,FY2024,contingent_note,Open exposure at period end,6,42148064.72,False
E17,Vodacom Group,telecoms,FY2025,contingent_note,Open exposure at period end,6,143059390.18,False
E17,Vodacom Group,telecoms,FY2026,contingent_note,Open exposure at period end,6,76446327.92999999,False
E17,Vodacom Group,telecoms,FY2024,contingent_note,Settled during period,7,76780889.67999999,False
E17,Vodacom Group,telecoms,FY2025,contingent_note,Settled during period,7,45877704.29,False
E17,Vodacom Group,telecoms,FY2026,contingent_note,Settled during period,7,82671641.48,False
E17,Vodacom Group,telecoms,FY2024,contingent_note,Weighted average tenor (days),8,121.05275819387377,True
E17,Vodacom Group,telecoms,FY2025,contingent_note,Weighted average tenor (days),8,99.62269001476561,True
E17,Vodacom Group,telecoms,FY2026,contingent_note,Weighted average tenor (days),8,105.75155188295442,True
E17,Vodacom Group,telecoms,FY2024,contingent_note,Instrument count,9,84.0,True
E17,Vodacom Group,telecoms,FY2025,contingent_note,Instrument count,9,106.0,True
E17,Vodacom Group,telecoms,FY2026,contingent_note,Instrument count,9,113.0,True
E17,Vodacom Group,telecoms,FY2024,contingent_note,Counterparty countries,10,18.0,True
E17,Vodacom Group,telecoms,FY2025,contingent_note,Counterparty countries,10,21.0,True
E17,Vodacom Group,telecoms,FY2026,contingent_note,Counterparty countries,10,21.0,True
E17,Vodacom Group,telecoms,FY2024,income_statement,Revenue - domestic collections,0,82766536.48,False
E17,Vodacom Group,telecoms,FY2025,income_statement,Revenue - domestic collections,0,89496297.97,False
E17,Vodacom Group,telecoms,FY2026,income_statement,Revenue - domestic collections,0,86918929.47,False
E17,Vodacom Group,telecoms,FY2024,income_statement,Revenue - cross-border trade receipts,1,672049186.66,False
E17,Vodacom Group,telecoms,FY2025,income_statement,Revenue - cross-border trade receipts,1,743039628.38,False
E17,Vodacom Group,telecoms,FY2026,income_statement,Revenue - cross-border trade receipts,1,629350445.89,False
E17,Vodacom Group,telecoms,FY2024,income_statement,Other operating income,2,180078199.84,False
E17,Vodacom Group,telecoms,FY2025,income_statement,Other operating income,2,176022675.85,False
E17,Vodacom Group,telecoms,FY2026,income_statement,Other operating income,2,128701198.99,False
E17,Vodacom Group,telecoms,FY2024,income_statement,Total revenue,3,934893922.98,False
E17,Vodacom Group,telecoms,FY2025,income_statement,Total revenue,3,1008558602.2,False
E17,Vodacom Group,telecoms,FY2026,income_statement,Total revenue,3,844970574.35,False
E17,Vodacom Group,telecoms,FY2024,income_statement,Cost of sales - domestic suppliers,4,-90561100.58,False
E17,Vodacom Group,telecoms,FY2025,income_statement,Cost of sales - domestic suppliers,4,-84905193.78,False
E17,Vodacom Group,telecoms,FY2026,income_statement,Cost of sales - domestic suppliers,4,-91730704.34,False
E17,Vodacom Group,telecoms,FY2024,income_statement,Cost of sales - cross-border trade payments,5,-707576908.2,False
E17,Vodacom Group,telecoms,FY2025,income_statement,Cost of sales - cross-border trade payments,5,-723699292.74,False
E17,Vodacom Group,telecoms,FY2026,income_statement,Cost of sales - cross-border trade payments,5,-649023302.33,False
E17,Vodacom Group,telecoms,FY2024,income_statement,Cost of sales and supplier payments,6,-798138008.7800001,False
E17,Vodacom Group,telecoms,FY2025,income_statement,Cost of sales and supplier payments,6,-808604486.52,False
E17,Vodacom Group,telecoms,FY2026,income_statement,Cost of sales and supplier payments,6,-740754006.6700001,False
E17,Vodacom Group,telecoms,FY2024,income_statement,Gross profit proxy,7,136755914.19999993,False
E17,Vodacom Group,telecoms,FY2025,income_statement,Gross profit proxy,7,199954115.68000007,False
E17,Vodacom Group,telecoms,FY2026,income_statement,Gross profit proxy,7,104216567.67999995,False
E17,Vodacom Group,telecoms,FY2024,income_statement,Employee costs,8,-49055.020000000004,False
E17,Vodacom Group,telecoms,FY2025,income_statement,Employee costs,8,-35072.21,False
E17,Vodacom Group,telecoms,FY2026,income_statement,Employee costs,8,-17005.88,False
E17,Vodacom Group,telecoms,FY2024,income_statement,Other operating expenses,9,-141930038.84,False
E17,Vodacom Group,telecoms,FY2025,income_statement,Other operating expenses,9,-141294552.0,False
E17,Vodacom Group,telecoms,FY2026,income_statement,Other operating expenses,9,-156318749.99,False
E17,Vodacom Group,telecoms,FY2024,income_statement,EBITDA proxy,10,-5223179.660000086,False
E17,Vodacom Group,telecoms,FY2025,income_statement,EBITDA proxy,10,58624491.47000006,False
E17,Vodacom Group,telecoms,FY2026,income_statement,EBITDA proxy,10,-52119188.19000006,False
E17,Vodacom Group,telecoms,FY2024,income_statement,Taxation paid,11,-1524363.62,False
E17,Vodacom Group,telecoms,FY2025,income_statement,Taxation paid,11,-3538449.47,False
E17,Vodacom Group,telecoms,FY2026,income_statement,Taxation paid,11,-2821354.62,False
E17,Vodacom Group,telecoms,FY2024,income_statement,Net cash earnings proxy,12,-6747543.280000086,False
E17,Vodacom Group,telecoms,FY2025,income_statement,Net cash earnings proxy,12,55086042.00000006,False
E17,Vodacom Group,telecoms,FY2026,income_statement,Net cash earnings proxy,12,-54940542.810000055,False
E17,Vodacom Group,telecoms,FY2024,income_statement,Gross margin proxy,13,0.14627960545950144,True
E17,Vodacom Group,telecoms,FY2025,income_statement,Gross margin proxy,13,0.19825731022851223,True
E17,Vodacom Group,telecoms,FY2026,income_statement,Gross margin proxy,13,0.1233375112028834,True
E17,Vodacom Group,telecoms,FY2024,income_statement,EBITDA margin proxy,14,-0.005586922250335158,True
E17,Vodacom Group,telecoms,FY2025,income_statement,EBITDA margin proxy,14,0.05812700555239987,True
E17,Vodacom Group,telecoms,FY2026,income_statement,EBITDA margin proxy,14,-0.06168166060704911,True
E17,Vodacom Group,telecoms,FY2024,income_statement,Employee cost ratio,15,5.247121496269414e-05,True
E17,Vodacom Group,telecoms,FY2025,income_statement,Employee cost ratio,15,3.477458813349656e-05,True
E17,Vodacom Group,telecoms,FY2026,income_statement,Employee cost ratio,15,2.0126002628058263e-05,True
E17,Vodacom Group,telecoms,FY2024,income_statement,Export revenue share,16,0.7188507381862369,True
E17,Vodacom Group,telecoms,FY2025,income_statement,Export revenue share,16,0.7367342133210552,True
E17,Vodacom Group,telecoms,FY2026,income_statement,Export revenue share,16,0.7448193641229844,True
E17,Vodacom Group,telecoms,FY2024,income_statement,Effective cash tax rate,17,,True
E17,Vodacom Group,telecoms,FY2025,income_statement,Effective cash tax rate,17,0.06035787059766195,True
E17,Vodacom Group,telecoms,FY2026,income_statement,Effective cash tax rate,17,,True
E17,Vodacom Group,telecoms,FY2024,income_statement,Revenue growth,18,,True
E17,Vodacom Group,telecoms,FY2025,income_statement,Revenue growth,18,0.0787946925413654,True
E17,Vodacom Group,telecoms,FY2026,income_statement,Revenue growth,18,-0.16219982407879963,True
E18,The Bidvest Group,industrials_pharma,FY2024,cash_flow,Receipts from customers,0,1485255405.53,False
E18,The Bidvest Group,industrials_pharma,FY2025,cash_flow,Receipts from customers,0,1549561038.45,False
E18,The Bidvest Group,industrials_pharma,FY2026,cash_flow,Receipts from customers,0,1706627785.05,False
E18,The Bidvest Group,industrials_pharma,FY2024,cash_flow,Payments to suppliers,1,-1236563660.4099998,False
E18,The Bidvest Group,industrials_pharma,FY2025,cash_flow,Payments to suppliers,1,-1237864256.54,False
E18,The Bidvest Group,industrials_pharma,FY2026,cash_flow,Payments to suppliers,1,-1264081425.55,False
E18,The Bidvest Group,industrials_pharma,FY2024,cash_flow,Payments to employees,2,-3288299.49,False
E18,The Bidvest Group,industrials_pharma,FY2025,cash_flow,Payments to employees,2,-3485184.58,False
E18,The Bidvest Group,industrials_pharma,FY2026,cash_flow,Payments to employees,2,-3488848.32,False
E18,The Bidvest Group,industrials_pharma,FY2024,cash_flow,Taxation paid,3,-9340611.76,False
E18,The Bidvest Group,industrials_pharma,FY2025,cash_flow,Taxation paid,3,-9383357.85,False
E18,The Bidvest Group,industrials_pharma,FY2026,cash_flow,Taxation paid,3,-9797290.96,False
E18,The Bidvest Group,industrials_pharma,FY2024,cash_flow,Net cash from operating activities,4,236062833.87000012,False
E18,The Bidvest Group,industrials_pharma,FY2025,cash_flow,Net cash from operating activities,4,298828239.4800001,False
E18,The Bidvest Group,industrials_pharma,FY2026,cash_flow,Net cash from operating activities,4,429260220.22,False
E18,The Bidvest Group,industrials_pharma,FY2024,cash_flow,Intragroup sweeps received,5,1201168839.49,False
E18,The Bidvest Group,industrials_pharma,FY2025,cash_flow,Intragroup sweeps received,5,1244533770.73,False
E18,The Bidvest Group,industrials_pharma,FY2026,cash_flow,Intragroup sweeps received,5,1379565071.88,False
E18,The Bidvest Group,industrials_pharma,FY2024,cash_flow,Intragroup sweeps paid,6,-1251276392.27,False
E18,The Bidvest Group,industrials_pharma,FY2025,cash_flow,Intragroup sweeps paid,6,-1245169150.92,False
E18,The Bidvest Group,industrials_pharma,FY2026,cash_flow,Intragroup sweeps paid,6,-1267210782.26,False
E18,The Bidvest Group,industrials_pharma,FY2024,cash_flow,Cross-border intragroup received,7,351832795.48,False
E18,The Bidvest Group,industrials_pharma,FY2025,cash_flow,Cross-border intragroup received,7,330645145.57,False
E18,The Bidvest Group,industrials_pharma,FY2026,cash_flow,Cross-border intragroup received,7,331435460.36,False
E18,The Bidvest Group,industrials_pharma,FY2024,cash_flow,Cross-border intragroup paid,8,-426962326.96,False
E18,The Bidvest Group,industrials_pharma,FY2025,cash_flow,Cross-border intragroup paid,8,-404683207.92,False
E18,The Bidvest Group,industrials_pharma,FY2026,cash_flow,Cross-border intragroup paid,8,-382949648.49,False
E18,The Bidvest Group,industrials_pharma,FY2024,cash_flow,Net intragroup and financing flows,9,-125237084.25999993,False
E18,The Bidvest Group,industrials_pharma,FY2025,cash_flow,Net intragroup and financing flows,9,-74673442.54000008,False
E18,The Bidvest Group,industrials_pharma,FY2026,cash_flow,Net intragroup and financing flows,9,60840101.49000013,False
E18,The Bidvest Group,industrials_pharma,FY2024,cash_flow,Net movement in cash,10,110825749.6100002,False
E18,The Bidvest Group,industrials_pharma,FY2025,cash_flow,Net movement in cash,10,224154796.94,False
E18,The Bidvest Group,industrials_pharma,FY2026,cash_flow,Net movement in cash,10,490100321.71000016,False
E18,The Bidvest Group,industrials_pharma,FY2024,cash_flow,Memo - gross cash inflows,11,3038257040.5,False
E18,The Bidvest Group,industrials_pharma,FY2025,cash_flow,Memo - gross cash inflows,11,3124739954.7500005,False
E18,The Bidvest Group,industrials_pharma,FY2026,cash_flow,Memo - gross cash inflows,11,3417628317.2900004,False
E18,The Bidvest Group,industrials_pharma,FY2024,cash_flow,Memo - gross cash outflows,12,-2927431290.89,False
E18,The Bidvest Group,industrials_pharma,FY2025,cash_flow,Memo - gross cash outflows,12,-2900585157.81,False
E18,The Bidvest Group,industrials_pharma,FY2026,cash_flow,Memo - gross cash outflows,12,-2927527995.58,False
E18,The Bidvest Group,industrials_pharma,FY2024,cash_flow,Memo - foreign currency gross flows,13,1703520513.7400002,False
E18,The Bidvest Group,industrials_pharma,FY2025,cash_flow,Memo - foreign currency gross flows,13,1663002641.63,False
E18,The Bidvest Group,industrials_pharma,FY2026,cash_flow,Memo - foreign currency gross flows,13,1614257873.59,False
E18,The Bidvest Group,industrials_pharma,FY2024,cash_flow,Operating cash conversion,14,0.15893753558551313,True
E18,The Bidvest Group,industrials_pharma,FY2025,cash_flow,Operating cash conversion,14,0.19284702703864634,True
E18,The Bidvest Group,industrials_pharma,FY2026,cash_flow,Operating cash conversion,14,0.2515253905862219,True
E18,The Bidvest Group,industrials_pharma,FY2024,contingent_note,Letters of credit - notional,0,543627199.62,False
E18,The Bidvest Group,industrials_pharma,FY2025,contingent_note,Letters of credit - notional,0,580216737.28,False
E18,The Bidvest Group,industrials_pharma,FY2026,contingent_note,Letters of credit - notional,0,629054309.47,False
E18,The Bidvest Group,industrials_pharma,FY2024,contingent_note,Guarantees - notional,1,276784958.56,False
E18,The Bidvest Group,industrials_pharma,FY2025,contingent_note,Guarantees - notional,1,300342003.72,False
E18,The Bidvest Group,industrials_pharma,FY2026,contingent_note,Guarantees - notional,1,370953368.66,False
E18,The Bidvest Group,industrials_pharma,FY2024,contingent_note,Export collections - notional,2,339316240.01,False
E18,The Bidvest Group,industrials_pharma,FY2025,contingent_note,Export collections - notional,2,268599996.05,False
E18,The Bidvest Group,industrials_pharma,FY2026,contingent_note,Export collections - notional,2,464023107.39,False
E18,The Bidvest Group,industrials_pharma,FY2024,contingent_note,Total trade finance notional,3,1159728398.19,False
E18,The Bidvest Group,industrials_pharma,FY2025,contingent_note,Total trade finance notional,3,1149158737.05,False
E18,The Bidvest Group,industrials_pharma,FY2026,contingent_note,Total trade finance notional,3,1464030785.52,False
E18,The Bidvest Group,industrials_pharma,FY2024,contingent_note,Of which export,4,563840412.1899999,False
E18,The Bidvest Group,industrials_pharma,FY2025,contingent_note,Of which export,4,531258060.34,False
E18,The Bidvest Group,industrials_pharma,FY2026,contingent_note,Of which export,4,547217412.27,False
E18,The Bidvest Group,industrials_pharma,FY2024,contingent_note,Of which import,5,595887986.0,False
E18,The Bidvest Group,industrials_pharma,FY2025,contingent_note,Of which import,5,617900676.71,False
E18,The Bidvest Group,industrials_pharma,FY2026,contingent_note,Of which import,5,916813373.25,False
E18,The Bidvest Group,industrials_pharma,FY2024,contingent_note,Open exposure at period end,6,508826126.88,False
E18,The Bidvest Group,industrials_pharma,FY2025,contingent_note,Open exposure at period end,6,616921989.32,False
E18,The Bidvest Group,industrials_pharma,FY2026,contingent_note,Open exposure at period end,6,695193996.14,False
E18,The Bidvest Group,industrials_pharma,FY2024,contingent_note,Settled during period,7,542310551.7,False
E18,The Bidvest Group,industrials_pharma,FY2025,contingent_note,Settled during period,7,478362277.55,False
E18,The Bidvest Group,industrials_pharma,FY2026,contingent_note,Settled during period,7,655700159.54,False
E18,The Bidvest Group,industrials_pharma,FY2024,contingent_note,Weighted average tenor (days),8,110.6583750814774,True
E18,The Bidvest Group,industrials_pharma,FY2025,contingent_note,Weighted average tenor (days),8,107.32356179704512,True
E18,The Bidvest Group,industrials_pharma,FY2026,contingent_note,Weighted average tenor (days),8,109.54336560527821,True
E18,The Bidvest Group,industrials_pharma,FY2024,contingent_note,Instrument count,9,748.0,True
E18,The Bidvest Group,industrials_pharma,FY2025,contingent_note,Instrument count,9,716.0,True
E18,The Bidvest Group,industrials_pharma,FY2026,contingent_note,Instrument count,9,878.0,True
E18,The Bidvest Group,industrials_pharma,FY2024,contingent_note,Counterparty countries,10,23.0,True
E18,The Bidvest Group,industrials_pharma,FY2025,contingent_note,Counterparty countries,10,23.0,True
E18,The Bidvest Group,industrials_pharma,FY2026,contingent_note,Counterparty countries,10,23.0,True
E18,The Bidvest Group,industrials_pharma,FY2024,income_statement,Revenue - domestic collections,0,1073630077.51,False
E18,The Bidvest Group,industrials_pharma,FY2025,income_statement,Revenue - domestic collections,0,1125093715.77,False
E18,The Bidvest Group,industrials_pharma,FY2026,income_statement,Revenue - domestic collections,0,1268445492.47,False
E18,The Bidvest Group,industrials_pharma,FY2024,income_statement,Revenue - cross-border trade receipts,1,325714963.75,False
E18,The Bidvest Group,industrials_pharma,FY2025,income_statement,Revenue - cross-border trade receipts,1,352499629.66,False
E18,The Bidvest Group,industrials_pharma,FY2026,income_statement,Revenue - cross-border trade receipts,1,350039512.57,False
E18,The Bidvest Group,industrials_pharma,FY2024,income_statement,Other operating income,2,85910364.27,False
E18,The Bidvest Group,industrials_pharma,FY2025,income_statement,Other operating income,2,71967693.02,False
E18,The Bidvest Group,industrials_pharma,FY2026,income_statement,Other operating income,2,88142780.01,False
E18,The Bidvest Group,industrials_pharma,FY2024,income_statement,Total revenue,3,1485255405.53,False
E18,The Bidvest Group,industrials_pharma,FY2025,income_statement,Total revenue,3,1549561038.45,False
E18,The Bidvest Group,industrials_pharma,FY2026,income_statement,Total revenue,3,1706627785.05,False
E18,The Bidvest Group,industrials_pharma,FY2024,income_statement,Cost of sales - domestic suppliers,4,-723463597.13,False
E18,The Bidvest Group,industrials_pharma,FY2025,income_statement,Cost of sales - domestic suppliers,4,-734657291.08,False
E18,The Bidvest Group,industrials_pharma,FY2026,income_statement,Cost of sales - domestic suppliers,4,-802390953.39,False
E18,The Bidvest Group,industrials_pharma,FY2024,income_statement,Cost of sales - cross-border trade payments,5,-431199456.16,False
E18,The Bidvest Group,industrials_pharma,FY2025,income_statement,Cost of sales - cross-border trade payments,5,-384736552.61,False
E18,The Bidvest Group,industrials_pharma,FY2026,income_statement,Cost of sales - cross-border trade payments,5,-372009450.77,False
E18,The Bidvest Group,industrials_pharma,FY2024,income_statement,Cost of sales and supplier payments,6,-1154663053.29,False
E18,The Bidvest Group,industrials_pharma,FY2025,income_statement,Cost of sales and supplier payments,6,-1119393843.69,False
E18,The Bidvest Group,industrials_pharma,FY2026,income_statement,Cost of sales and supplier payments,6,-1174400404.1599998,False
E18,The Bidvest Group,industrials_pharma,FY2024,income_statement,Gross profit proxy,7,330592352.24,False
E18,The Bidvest Group,industrials_pharma,FY2025,income_statement,Gross profit proxy,7,430167194.76,False
E18,The Bidvest Group,industrials_pharma,FY2026,income_statement,Gross profit proxy,7,532227380.8900001,False
E18,The Bidvest Group,industrials_pharma,FY2024,income_statement,Employee costs,8,-3288299.49,False
E18,The Bidvest Group,industrials_pharma,FY2025,income_statement,Employee costs,8,-3485184.58,False
E18,The Bidvest Group,industrials_pharma,FY2026,income_statement,Employee costs,8,-3488848.32,False
E18,The Bidvest Group,industrials_pharma,FY2024,income_statement,Other operating expenses,9,-81900607.12,False
E18,The Bidvest Group,industrials_pharma,FY2025,income_statement,Other operating expenses,9,-118470412.85,False
E18,The Bidvest Group,industrials_pharma,FY2026,income_statement,Other operating expenses,9,-89681021.39,False
E18,The Bidvest Group,industrials_pharma,FY2024,income_statement,EBITDA proxy,10,245403445.63,False
E18,The Bidvest Group,industrials_pharma,FY2025,income_statement,EBITDA proxy,10,308211597.33000004,False
E18,The Bidvest Group,industrials_pharma,FY2026,income_statement,EBITDA proxy,10,439057511.1800001,False
E18,The Bidvest Group,industrials_pharma,FY2024,income_statement,Taxation paid,11,-9340611.76,False
E18,The Bidvest Group,industrials_pharma,FY2025,income_statement,Taxation paid,11,-9383357.85,False
E18,The Bidvest Group,industrials_pharma,FY2026,income_statement,Taxation paid,11,-9797290.96,False
E18,The Bidvest Group,industrials_pharma,FY2024,income_statement,Net cash earnings proxy,12,236062833.87,False
E18,The Bidvest Group,industrials_pharma,FY2025,income_statement,Net cash earnings proxy,12,298828239.48,False
E18,The Bidvest Group,industrials_pharma,FY2026,income_statement,Net cash earnings proxy,12,429260220.22000015,False
E18,The Bidvest Group,industrials_pharma,FY2024,income_statement,Gross margin proxy,13,0.22258283054154657,True
E18,The Bidvest Group,industrials_pharma,FY2025,income_statement,Gross margin proxy,13,0.27760584067749217,True
E18,The Bidvest Group,industrials_pharma,FY2026,income_statement,Gross margin proxy,13,0.3118590858254468,True
E18,The Bidvest Group,industrials_pharma,FY2024,income_statement,EBITDA margin proxy,14,0.16522642820642017,True
E18,The Bidvest Group,industrials_pharma,FY2025,income_statement,EBITDA margin proxy,14,0.19890252121871813,True
E18,The Bidvest Group,industrials_pharma,FY2026,income_statement,EBITDA margin proxy,14,0.25726612154456213,True
E18,The Bidvest Group,industrials_pharma,FY2024,income_statement,Employee cost ratio,15,0.0022139623109646927,True
E18,The Bidvest Group,industrials_pharma,FY2025,income_statement,Employee cost ratio,15,0.002249143140231618,True
E18,The Bidvest Group,industrials_pharma,FY2026,income_statement,Employee cost ratio,15,0.0020442936360008843,True
E18,The Bidvest Group,industrials_pharma,FY2024,income_statement,Export revenue share,16,0.2192989586419122,True
E18,The Bidvest Group,industrials_pharma,FY2025,income_statement,Export revenue share,16,0.22748353947554045,True
E18,The Bidvest Group,industrials_pharma,FY2026,income_statement,Export revenue share,16,0.2051059496606899,True
E18,The Bidvest Group,industrials_pharma,FY2024,income_statement,Effective cash tax rate,17,0.03806226818054967,True
E18,The Bidvest Group,industrials_pharma,FY2025,income_statement,Effective cash tax rate,17,0.030444532039958585,True
E18,The Bidvest Group,industrials_pharma,FY2026,income_statement,Effective cash tax rate,17,0.022314368187595843,True
E18,The Bidvest Group,industrials_pharma,FY2024,income_statement,Revenue growth,18,,True
E18,The Bidvest Group,industrials_pharma,FY2025,income_statement,Revenue growth,18,0.04329601001994221,True
E18,The Bidvest Group,industrials_pharma,FY2026,income_statement,Revenue growth,18,0.10136209074868785,True
E19,Aspen Pharmacare,industrials_pharma,FY2024,cash_flow,Receipts from customers,0,1185149212.3899999,False
E19,Aspen Pharmacare,industrials_pharma,FY2025,cash_flow,Receipts from customers,0,1136949051.78,False
E19,Aspen Pharmacare,industrials_pharma,FY2026,cash_flow,Receipts from customers,0,1284336668.3799999,False
E19,Aspen Pharmacare,industrials_pharma,FY2024,cash_flow,Payments to suppliers,1,-904856643.3700001,False
E19,Aspen Pharmacare,industrials_pharma,FY2025,cash_flow,Payments to suppliers,1,-934303257.46,False
E19,Aspen Pharmacare,industrials_pharma,FY2026,cash_flow,Payments to suppliers,1,-997538497.6999999,False
E19,Aspen Pharmacare,industrials_pharma,FY2024,cash_flow,Payments to employees,2,-2509017.58,False
E19,Aspen Pharmacare,industrials_pharma,FY2025,cash_flow,Payments to employees,2,-2575179.15,False
E19,Aspen Pharmacare,industrials_pharma,FY2026,cash_flow,Payments to employees,2,-2426896.98,False
E19,Aspen Pharmacare,industrials_pharma,FY2024,cash_flow,Taxation paid,3,-7266508.56,False
E19,Aspen Pharmacare,industrials_pharma,FY2025,cash_flow,Taxation paid,3,-6812234.890000001,False
E19,Aspen Pharmacare,industrials_pharma,FY2026,cash_flow,Taxation paid,3,-5924703.06,False
E19,Aspen Pharmacare,industrials_pharma,FY2024,cash_flow,Net cash from operating activities,4,270517042.87999976,False
E19,Aspen Pharmacare,industrials_pharma,FY2025,cash_flow,Net cash from operating activities,4,193258380.2799999,False
E19,Aspen Pharmacare,industrials_pharma,FY2026,cash_flow,Net cash from operating activities,4,278446570.6399999,False
E19,Aspen Pharmacare,industrials_pharma,FY2024,cash_flow,Intragroup sweeps received,5,892305779.52,False
E19,Aspen Pharmacare,industrials_pharma,FY2025,cash_flow,Intragroup sweeps received,5,860191620.73,False
E19,Aspen Pharmacare,industrials_pharma,FY2026,cash_flow,Intragroup sweeps received,5,1016402239.12,False
E19,Aspen Pharmacare,industrials_pharma,FY2024,cash_flow,Intragroup sweeps paid,6,-896721334.71,False
E19,Aspen Pharmacare,industrials_pharma,FY2025,cash_flow,Intragroup sweeps paid,6,-868436255.02,False
E19,Aspen Pharmacare,industrials_pharma,FY2026,cash_flow,Intragroup sweeps paid,6,-1055841104.54,False
E19,Aspen Pharmacare,industrials_pharma,FY2024,cash_flow,Cross-border intragroup received,7,292985788.4,False
E19,Aspen Pharmacare,industrials_pharma,FY2025,cash_flow,Cross-border intragroup received,7,284165416.67,False
E19,Aspen Pharmacare,industrials_pharma,FY2026,cash_flow,Cross-border intragroup received,7,275480182.56,False
E19,Aspen Pharmacare,industrials_pharma,FY2024,cash_flow,Cross-border intragroup paid,8,-353716631.81,False
E19,Aspen Pharmacare,industrials_pharma,FY2025,cash_flow,Cross-border intragroup paid,8,-316605256.78,False
E19,Aspen Pharmacare,industrials_pharma,FY2026,cash_flow,Cross-border intragroup paid,8,-327397759.84,False
E19,Aspen Pharmacare,industrials_pharma,FY2024,cash_flow,Net intragroup and financing flows,9,-65146398.60000008,False
E19,Aspen Pharmacare,industrials_pharma,FY2025,cash_flow,Net intragroup and financing flows,9,-40684474.39999992,False
E19,Aspen Pharmacare,industrials_pharma,FY2026,cash_flow,Net intragroup and financing flows,9,-91356442.69999993,False
E19,Aspen Pharmacare,industrials_pharma,FY2024,cash_flow,Net movement in cash,10,205370644.27999967,False
E19,Aspen Pharmacare,industrials_pharma,FY2025,cash_flow,Net movement in cash,10,152573905.88,False
E19,Aspen Pharmacare,industrials_pharma,FY2026,cash_flow,Net movement in cash,10,187090127.94,False
E19,Aspen Pharmacare,industrials_pharma,FY2024,cash_flow,Memo - gross cash inflows,11,2370440780.31,False
E19,Aspen Pharmacare,industrials_pharma,FY2025,cash_flow,Memo - gross cash inflows,11,2281306089.18,False
E19,Aspen Pharmacare,industrials_pharma,FY2026,cash_flow,Memo - gross cash inflows,11,2576219090.06,False
E19,Aspen Pharmacare,industrials_pharma,FY2024,cash_flow,Memo - gross cash outflows,12,-2165070136.03,False
E19,Aspen Pharmacare,industrials_pharma,FY2025,cash_flow,Memo - gross cash outflows,12,-2128732183.3,False
E19,Aspen Pharmacare,industrials_pharma,FY2026,cash_flow,Memo - gross cash outflows,12,-2389128962.12,False
E19,Aspen Pharmacare,industrials_pharma,FY2024,cash_flow,Memo - foreign currency gross flows,13,1439253945.85,False
E19,Aspen Pharmacare,industrials_pharma,FY2025,cash_flow,Memo - foreign currency gross flows,13,1370773631.01,False
E19,Aspen Pharmacare,industrials_pharma,FY2026,cash_flow,Memo - foreign currency gross flows,13,1412986990.35,False
E19,Aspen Pharmacare,industrials_pharma,FY2024,cash_flow,Operating cash conversion,14,0.22825568295697443,True
E19,Aspen Pharmacare,industrials_pharma,FY2025,cash_flow,Operating cash conversion,14,0.16997980690290024,True
E19,Aspen Pharmacare,industrials_pharma,FY2026,cash_flow,Operating cash conversion,14,0.2168018538248378,True
E19,Aspen Pharmacare,industrials_pharma,FY2024,contingent_note,Letters of credit - notional,0,177034573.36,False
E19,Aspen Pharmacare,industrials_pharma,FY2025,contingent_note,Letters of credit - notional,0,168511795.69,False
E19,Aspen Pharmacare,industrials_pharma,FY2026,contingent_note,Letters of credit - notional,0,208723896.29,False
E19,Aspen Pharmacare,industrials_pharma,FY2024,contingent_note,Guarantees - notional,1,106316550.68,False
E19,Aspen Pharmacare,industrials_pharma,FY2025,contingent_note,Guarantees - notional,1,81461507.92,False
E19,Aspen Pharmacare,industrials_pharma,FY2026,contingent_note,Guarantees - notional,1,142241394.75,False
E19,Aspen Pharmacare,industrials_pharma,FY2024,contingent_note,Export collections - notional,2,111463908.93,False
E19,Aspen Pharmacare,industrials_pharma,FY2025,contingent_note,Export collections - notional,2,119194191.27,False
E19,Aspen Pharmacare,industrials_pharma,FY2026,contingent_note,Export collections - notional,2,181457425.52,False
E19,Aspen Pharmacare,industrials_pharma,FY2024,contingent_note,Total trade finance notional,3,394815032.97,False
E19,Aspen Pharmacare,industrials_pharma,FY2025,contingent_note,Total trade finance notional,3,369167494.88,False
E19,Aspen Pharmacare,industrials_pharma,FY2026,contingent_note,Total trade finance notional,3,532422716.55999994,False
E19,Aspen Pharmacare,industrials_pharma,FY2024,contingent_note,Of which export,4,207599362.8,False
E19,Aspen Pharmacare,industrials_pharma,FY2025,contingent_note,Of which export,4,159269044.18,False
E19,Aspen Pharmacare,industrials_pharma,FY2026,contingent_note,Of which export,4,250929445.88,False
E19,Aspen Pharmacare,industrials_pharma,FY2024,contingent_note,Of which import,5,187215670.17,False
E19,Aspen Pharmacare,industrials_pharma,FY2025,contingent_note,Of which import,5,209898450.7,False
E19,Aspen Pharmacare,industrials_pharma,FY2026,contingent_note,Of which import,5,281493270.68,False
E19,Aspen Pharmacare,industrials_pharma,FY2024,contingent_note,Open exposure at period end,6,161092906.19,False
E19,Aspen Pharmacare,industrials_pharma,FY2025,contingent_note,Open exposure at period end,6,152625961.39,False
E19,Aspen Pharmacare,industrials_pharma,FY2026,contingent_note,Open exposure at period end,6,228067535.17,False
E19,Aspen Pharmacare,industrials_pharma,FY2024,contingent_note,Settled during period,7,210834853.96,False
E19,Aspen Pharmacare,industrials_pharma,FY2025,contingent_note,Settled during period,7,160021276.12,False
E19,Aspen Pharmacare,industrials_pharma,FY2026,contingent_note,Settled during period,7,277765686.01,False
E19,Aspen Pharmacare,industrials_pharma,FY2024,contingent_note,Weighted average tenor (days),8,102.56469438975729,True
E19,Aspen Pharmacare,industrials_pharma,FY2025,contingent_note,Weighted average tenor (days),8,108.94797786631719,True
E19,Aspen Pharmacare,industrials_pharma,FY2026,contingent_note,Weighted average tenor (days),8,116.28045187751333,True
E19,Aspen Pharmacare,industrials_pharma,FY2024,contingent_note,Instrument count,9,356.0,True
E19,Aspen Pharmacare,industrials_pharma,FY2025,contingent_note,Instrument count,9,345.0,True
E19,Aspen Pharmacare,industrials_pharma,FY2026,contingent_note,Instrument count,9,426.0,True
E19,Aspen Pharmacare,industrials_pharma,FY2024,contingent_note,Counterparty countries,10,18.0,True
E19,Aspen Pharmacare,industrials_pharma,FY2025,contingent_note,Counterparty countries,10,18.0,True
E19,Aspen Pharmacare,industrials_pharma,FY2026,contingent_note,Counterparty countries,10,18.0,True
E19,Aspen Pharmacare,industrials_pharma,FY2024,income_statement,Revenue - domestic collections,0,786032108.99,False
E19,Aspen Pharmacare,industrials_pharma,FY2025,income_statement,Revenue - domestic collections,0,778414132.28,False
E19,Aspen Pharmacare,industrials_pharma,FY2026,income_statement,Revenue - domestic collections,0,891942290.58,False
E19,Aspen Pharmacare,industrials_pharma,FY2024,income_statement,Revenue - cross-border trade receipts,1,322655025.83,False
E19,Aspen Pharmacare,industrials_pharma,FY2025,income_statement,Revenue - cross-border trade receipts,1,290668104.53,False
E19,Aspen Pharmacare,industrials_pharma,FY2026,income_statement,Revenue - cross-border trade receipts,1,324220469.19,False
E19,Aspen Pharmacare,industrials_pharma,FY2024,income_statement,Other operating income,2,76462077.57,False
E19,Aspen Pharmacare,industrials_pharma,FY2025,income_statement,Other operating income,2,67866814.97,False
E19,Aspen Pharmacare,industrials_pharma,FY2026,income_statement,Other operating income,2,68173908.61,False
E19,Aspen Pharmacare,industrials_pharma,FY2024,income_statement,Total revenue,3,1185149212.3899999,False
E19,Aspen Pharmacare,industrials_pharma,FY2025,income_statement,Total revenue,3,1136949051.78,False
E19,Aspen Pharmacare,industrials_pharma,FY2026,income_statement,Total revenue,3,1284336668.3799999,False
E19,Aspen Pharmacare,industrials_pharma,FY2024,income_statement,Cost of sales - domestic suppliers,4,-511422221.13,False
E19,Aspen Pharmacare,industrials_pharma,FY2025,income_statement,Cost of sales - domestic suppliers,4,-522835219.4,False
E19,Aspen Pharmacare,industrials_pharma,FY2026,income_statement,Cost of sales - domestic suppliers,4,-579823827.55,False
E19,Aspen Pharmacare,industrials_pharma,FY2024,income_statement,Cost of sales - cross-border trade payments,5,-325172358.29,False
E19,Aspen Pharmacare,industrials_pharma,FY2025,income_statement,Cost of sales - cross-border trade payments,5,-320537025.05,False
E19,Aspen Pharmacare,industrials_pharma,FY2026,income_statement,Cost of sales - cross-border trade payments,5,-351412929.47,False
E19,Aspen Pharmacare,industrials_pharma,FY2024,income_statement,Cost of sales and supplier payments,6,-836594579.4200001,False
E19,Aspen Pharmacare,industrials_pharma,FY2025,income_statement,Cost of sales and supplier payments,6,-843372244.45,False
E19,Aspen Pharmacare,industrials_pharma,FY2026,income_statement,Cost of sales and supplier payments,6,-931236757.02,False
E19,Aspen Pharmacare,industrials_pharma,FY2024,income_statement,Gross profit proxy,7,348554632.9699998,False
E19,Aspen Pharmacare,industrials_pharma,FY2025,income_statement,Gross profit proxy,7,293576807.3299999,False
E19,Aspen Pharmacare,industrials_pharma,FY2026,income_statement,Gross profit proxy,7,353099911.3599999,False
E19,Aspen Pharmacare,industrials_pharma,FY2024,income_statement,Employee costs,8,-2509017.58,False
E19,Aspen Pharmacare,industrials_pharma,FY2025,income_statement,Employee costs,8,-2575179.15,False
E19,Aspen Pharmacare,industrials_pharma,FY2026,income_statement,Employee costs,8,-2426896.98,False
E19,Aspen Pharmacare,industrials_pharma,FY2024,income_statement,Other operating expenses,9,-68262063.95,False
E19,Aspen Pharmacare,industrials_pharma,FY2025,income_statement,Other operating expenses,9,-90931013.01,False
E19,Aspen Pharmacare,industrials_pharma,FY2026,income_statement,Other operating expenses,9,-66301740.68,False
E19,Aspen Pharmacare,industrials_pharma,FY2024,income_statement,EBITDA proxy,10,277783551.4399998,False
E19,Aspen Pharmacare,industrials_pharma,FY2025,income_statement,EBITDA proxy,10,200070615.16999996,False
E19,Aspen Pharmacare,industrials_pharma,FY2026,income_statement,EBITDA proxy,10,284371273.69999987,False
E19,Aspen Pharmacare,industrials_pharma,FY2024,income_statement,Taxation paid,11,-7266508.56,False
E19,Aspen Pharmacare,industrials_pharma,FY2025,income_statement,Taxation paid,11,-6812234.890000001,False
E19,Aspen Pharmacare,industrials_pharma,FY2026,income_statement,Taxation paid,11,-5924703.06,False
E19,Aspen Pharmacare,industrials_pharma,FY2024,income_statement,Net cash earnings proxy,12,270517042.8799998,False
E19,Aspen Pharmacare,industrials_pharma,FY2025,income_statement,Net cash earnings proxy,12,193258380.27999997,False
E19,Aspen Pharmacare,industrials_pharma,FY2026,income_statement,Net cash earnings proxy,12,278446570.63999987,False
E19,Aspen Pharmacare,industrials_pharma,FY2024,income_statement,Gross margin proxy,13,0.2941018981627607,True
E19,Aspen Pharmacare,industrials_pharma,FY2025,income_statement,Gross margin proxy,13,0.2582145671966374,True
E19,Aspen Pharmacare,industrials_pharma,FY2026,income_statement,Gross margin proxy,13,0.27492784411846083,True
E19,Aspen Pharmacare,industrials_pharma,FY2024,income_statement,EBITDA margin proxy,14,0.23438698565205554,True
E19,Aspen Pharmacare,industrials_pharma,FY2025,income_statement,EBITDA margin proxy,14,0.17597148689888145,True
E19,Aspen Pharmacare,industrials_pharma,FY2026,income_statement,EBITDA margin proxy,14,0.2214148989911594,True
E19,Aspen Pharmacare,industrials_pharma,FY2024,income_statement,Employee cost ratio,15,0.0021170478398582875,True
E19,Aspen Pharmacare,industrials_pharma,FY2025,income_statement,Employee cost ratio,15,0.002264990806728161,True
E19,Aspen Pharmacare,industrials_pharma,FY2026,income_statement,Employee cost ratio,15,0.0018896112209123254,True
E19,Aspen Pharmacare,industrials_pharma,FY2024,income_statement,Export revenue share,16,0.2722484413412605,True
E19,Aspen Pharmacare,industrials_pharma,FY2025,income_statement,Export revenue share,16,0.25565622670156757,True
E19,Aspen Pharmacare,industrials_pharma,FY2026,income_statement,Export revenue share,16,0.25244196258832663,True
E19,Aspen Pharmacare,industrials_pharma,FY2024,income_statement,Effective cash tax rate,17,0.026158887098718435,True
E19,Aspen Pharmacare,industrials_pharma,FY2025,income_statement,Effective cash tax rate,17,0.034049152516533454,True
E19,Aspen Pharmacare,industrials_pharma,FY2026,income_statement,Effective cash tax rate,17,0.020834393653454325,True
E19,Aspen Pharmacare,industrials_pharma,FY2024,income_statement,Revenue growth,18,,True
E19,Aspen Pharmacare,industrials_pharma,FY2025,income_statement,Revenue growth,18,-0.040670119936035976,True
E19,Aspen Pharmacare,industrials_pharma,FY2026,income_statement,Revenue growth,18,0.12963431947038506,True
E20,Shaftesbury Capital plc,real_estate,FY2024,cash_flow,Receipts from customers,0,47188054.69,False
E20,Shaftesbury Capital plc,real_estate,FY2025,cash_flow,Receipts from customers,0,63056150.68,False
E20,Shaftesbury Capital plc,real_estate,FY2026,cash_flow,Receipts from customers,0,62869662.089999996,False
E20,Shaftesbury Capital plc,real_estate,FY2024,cash_flow,Payments to suppliers,1,-58333271.93,False
E20,Shaftesbury Capital plc,real_estate,FY2025,cash_flow,Payments to suppliers,1,-71710941.25,False
E20,Shaftesbury Capital plc,real_estate,FY2026,cash_flow,Payments to suppliers,1,-55563078.26,False
E20,Shaftesbury Capital plc,real_estate,FY2024,cash_flow,Payments to employees,2,-0.0,False
E20,Shaftesbury Capital plc,real_estate,FY2025,cash_flow,Payments to employees,2,-4739.5,False
E20,Shaftesbury Capital plc,real_estate,FY2026,cash_flow,Payments to employees,2,-4680.83,False
E20,Shaftesbury Capital plc,real_estate,FY2024,cash_flow,Taxation paid,3,-420356.57,False
E20,Shaftesbury Capital plc,real_estate,FY2025,cash_flow,Taxation paid,3,-189564.02,False
E20,Shaftesbury Capital plc,real_estate,FY2026,cash_flow,Taxation paid,3,-212768.29,False
E20,Shaftesbury Capital plc,real_estate,FY2024,cash_flow,Net cash from operating activities,4,-11565573.810000002,False
E20,Shaftesbury Capital plc,real_estate,FY2025,cash_flow,Net cash from operating activities,4,-8849094.09,False
E20,Shaftesbury Capital plc,real_estate,FY2026,cash_flow,Net cash from operating activities,4,7089134.709999998,False
E20,Shaftesbury Capital plc,real_estate,FY2024,cash_flow,Intragroup sweeps received,5,0.0,False
E20,Shaftesbury Capital plc,real_estate,FY2025,cash_flow,Intragroup sweeps received,5,0.0,False
E20,Shaftesbury Capital plc,real_estate,FY2026,cash_flow,Intragroup sweeps received,5,0.0,False
E20,Shaftesbury Capital plc,real_estate,FY2024,cash_flow,Intragroup sweeps paid,6,-0.0,False
E20,Shaftesbury Capital plc,real_estate,FY2025,cash_flow,Intragroup sweeps paid,6,-0.0,False
E20,Shaftesbury Capital plc,real_estate,FY2026,cash_flow,Intragroup sweeps paid,6,-0.0,False
E20,Shaftesbury Capital plc,real_estate,FY2024,cash_flow,Cross-border intragroup received,7,1716562.84,False
E20,Shaftesbury Capital plc,real_estate,FY2025,cash_flow,Cross-border intragroup received,7,2672968.59,False
E20,Shaftesbury Capital plc,real_estate,FY2026,cash_flow,Cross-border intragroup received,7,2210816.65,False
E20,Shaftesbury Capital plc,real_estate,FY2024,cash_flow,Cross-border intragroup paid,8,-4650807.640000001,False
E20,Shaftesbury Capital plc,real_estate,FY2025,cash_flow,Cross-border intragroup paid,8,-2493258.89,False
E20,Shaftesbury Capital plc,real_estate,FY2026,cash_flow,Cross-border intragroup paid,8,-2564956.13,False
E20,Shaftesbury Capital plc,real_estate,FY2024,cash_flow,Net intragroup and financing flows,9,-2934244.8000000007,False
E20,Shaftesbury Capital plc,real_estate,FY2025,cash_flow,Net intragroup and financing flows,9,179709.69999999972,False
E20,Shaftesbury Capital plc,real_estate,FY2026,cash_flow,Net intragroup and financing flows,9,-354139.48,False
E20,Shaftesbury Capital plc,real_estate,FY2024,cash_flow,Net movement in cash,10,-14499818.610000003,False
E20,Shaftesbury Capital plc,real_estate,FY2025,cash_flow,Net movement in cash,10,-8669384.39,False
E20,Shaftesbury Capital plc,real_estate,FY2026,cash_flow,Net movement in cash,10,6734995.229999999,False
E20,Shaftesbury Capital plc,real_estate,FY2024,cash_flow,Memo - gross cash inflows,11,48904617.53,False
E20,Shaftesbury Capital plc,real_estate,FY2025,cash_flow,Memo - gross cash inflows,11,65729119.269999996,False
E20,Shaftesbury Capital plc,real_estate,FY2026,cash_flow,Memo - gross cash inflows,11,65080478.739999995,False
E20,Shaftesbury Capital plc,real_estate,FY2024,cash_flow,Memo - gross cash outflows,12,-63404436.14,False
E20,Shaftesbury Capital plc,real_estate,FY2025,cash_flow,Memo - gross cash outflows,12,-74398503.66,False
E20,Shaftesbury Capital plc,real_estate,FY2026,cash_flow,Memo - gross cash outflows,12,-58345483.51,False
E20,Shaftesbury Capital plc,real_estate,FY2024,cash_flow,Memo - foreign currency gross flows,13,99418406.07,False
E20,Shaftesbury Capital plc,real_estate,FY2025,cash_flow,Memo - foreign currency gross flows,13,127748403.09,False
E20,Shaftesbury Capital plc,real_estate,FY2026,cash_flow,Memo - foreign currency gross flows,13,111379150.66,False
E20,Shaftesbury Capital plc,real_estate,FY2024,cash_flow,Operating cash conversion,14,-0.24509537182618713,True
E20,Shaftesbury Capital plc,real_estate,FY2025,cash_flow,Operating cash conversion,14,-0.14033673154119022,True
E20,Shaftesbury Capital plc,real_estate,FY2026,cash_flow,Operating cash conversion,14,0.11275923035583789,True
E20,Shaftesbury Capital plc,real_estate,FY2024,contingent_note,Letters of credit - notional,0,2475979.34,False
E20,Shaftesbury Capital plc,real_estate,FY2025,contingent_note,Letters of credit - notional,0,0.0,False
E20,Shaftesbury Capital plc,real_estate,FY2026,contingent_note,Letters of credit - notional,0,289523.39,False
E20,Shaftesbury Capital plc,real_estate,FY2024,contingent_note,Guarantees - notional,1,5347751.140000001,False
E20,Shaftesbury Capital plc,real_estate,FY2025,contingent_note,Guarantees - notional,1,1280610.8599999999,False
E20,Shaftesbury Capital plc,real_estate,FY2026,contingent_note,Guarantees - notional,1,8051238.28,False
E20,Shaftesbury Capital plc,real_estate,FY2024,contingent_note,Export collections - notional,2,2267526.7,False
E20,Shaftesbury Capital plc,real_estate,FY2025,contingent_note,Export collections - notional,2,1048579.95,False
E20,Shaftesbury Capital plc,real_estate,FY2026,contingent_note,Export collections - notional,2,0.0,False
E20,Shaftesbury Capital plc,real_estate,FY2024,contingent_note,Total trade finance notional,3,10091257.18,False
E20,Shaftesbury Capital plc,real_estate,FY2025,contingent_note,Total trade finance notional,3,2329190.8099999996,False
E20,Shaftesbury Capital plc,real_estate,FY2026,contingent_note,Total trade finance notional,3,8340761.67,False
E20,Shaftesbury Capital plc,real_estate,FY2024,contingent_note,Of which export,4,8366610.130000001,False
E20,Shaftesbury Capital plc,real_estate,FY2025,contingent_note,Of which export,4,1371852.65,False
E20,Shaftesbury Capital plc,real_estate,FY2026,contingent_note,Of which export,4,7575120.41,False
E20,Shaftesbury Capital plc,real_estate,FY2024,contingent_note,Of which import,5,1724647.05,False
E20,Shaftesbury Capital plc,real_estate,FY2025,contingent_note,Of which import,5,957338.1599999999,False
E20,Shaftesbury Capital plc,real_estate,FY2026,contingent_note,Of which import,5,765641.26,False
E20,Shaftesbury Capital plc,real_estate,FY2024,contingent_note,Open exposure at period end,6,3664422.39,False
E20,Shaftesbury Capital plc,real_estate,FY2025,contingent_note,Open exposure at period end,6,1633828.94,False
E20,Shaftesbury Capital plc,real_estate,FY2026,contingent_note,Open exposure at period end,6,4887359.27,False
E20,Shaftesbury Capital plc,real_estate,FY2024,contingent_note,Settled during period,7,6328444.4,False
E20,Shaftesbury Capital plc,real_estate,FY2025,contingent_note,Settled during period,7,695361.87,False
E20,Shaftesbury Capital plc,real_estate,FY2026,contingent_note,Settled during period,7,3453402.4,False
E20,Shaftesbury Capital plc,real_estate,FY2024,contingent_note,Weighted average tenor (days),8,67.0455902601424,True
E20,Shaftesbury Capital plc,real_estate,FY2025,contingent_note,Weighted average tenor (days),8,65.50555598319572,True
E20,Shaftesbury Capital plc,real_estate,FY2026,contingent_note,Weighted average tenor (days),8,101.4872443178202,True
E20,Shaftesbury Capital plc,real_estate,FY2024,contingent_note,Instrument count,9,12.0,True
E20,Shaftesbury Capital plc,real_estate,FY2025,contingent_note,Instrument count,9,6.0,True
E20,Shaftesbury Capital plc,real_estate,FY2026,contingent_note,Instrument count,9,12.0,True
E20,Shaftesbury Capital plc,real_estate,FY2024,contingent_note,Counterparty countries,10,7.0,True
E20,Shaftesbury Capital plc,real_estate,FY2025,contingent_note,Counterparty countries,10,5.0,True
E20,Shaftesbury Capital plc,real_estate,FY2026,contingent_note,Counterparty countries,10,6.0,True
E20,Shaftesbury Capital plc,real_estate,FY2024,income_statement,Revenue - domestic collections,0,5699201.23,False
E20,Shaftesbury Capital plc,real_estate,FY2025,income_statement,Revenue - domestic collections,0,6313466.28,False
E20,Shaftesbury Capital plc,real_estate,FY2026,income_statement,Revenue - domestic collections,0,5752187.37,False
E20,Shaftesbury Capital plc,real_estate,FY2024,income_statement,Revenue - cross-border trade receipts,1,36671540.32,False
E20,Shaftesbury Capital plc,real_estate,FY2025,income_statement,Revenue - cross-border trade receipts,1,53480744.33,False
E20,Shaftesbury Capital plc,real_estate,FY2026,income_statement,Revenue - cross-border trade receipts,1,50751689.97,False
E20,Shaftesbury Capital plc,real_estate,FY2024,income_statement,Other operating income,2,4817313.14,False
E20,Shaftesbury Capital plc,real_estate,FY2025,income_statement,Other operating income,2,3261940.07,False
E20,Shaftesbury Capital plc,real_estate,FY2026,income_statement,Other operating income,2,6365784.75,False
E20,Shaftesbury Capital plc,real_estate,FY2024,income_statement,Total revenue,3,47188054.69,False
E20,Shaftesbury Capital plc,real_estate,FY2025,income_statement,Total revenue,3,63056150.68,False
E20,Shaftesbury Capital plc,real_estate,FY2026,income_statement,Total revenue,3,62869662.089999996,False
E20,Shaftesbury Capital plc,real_estate,FY2024,income_statement,Cost of sales - domestic suppliers,4,-6771089.8,False
E20,Shaftesbury Capital plc,real_estate,FY2025,income_statement,Cost of sales - domestic suppliers,4,-5871450.04,False
E20,Shaftesbury Capital plc,real_estate,FY2026,income_statement,Cost of sales - domestic suppliers,4,-6077175.1,False
E20,Shaftesbury Capital plc,real_estate,FY2024,income_statement,Cost of sales - cross-border trade payments,5,-47363510.25,False
E20,Shaftesbury Capital plc,real_estate,FY2025,income_statement,Cost of sales - cross-border trade payments,5,-59865315.04,False
E20,Shaftesbury Capital plc,real_estate,FY2026,income_statement,Cost of sales - cross-border trade payments,5,-46067694.47,False
E20,Shaftesbury Capital plc,real_estate,FY2024,income_statement,Cost of sales and supplier payments,6,-54134600.05,False
E20,Shaftesbury Capital plc,real_estate,FY2025,income_statement,Cost of sales and supplier payments,6,-65736765.08,False
E20,Shaftesbury Capital plc,real_estate,FY2026,income_statement,Cost of sales and supplier payments,6,-52144869.57,False
E20,Shaftesbury Capital plc,real_estate,FY2024,income_statement,Gross profit proxy,7,-6946545.359999999,False
E20,Shaftesbury Capital plc,real_estate,FY2025,income_statement,Gross profit proxy,7,-2680614.3999999985,False
E20,Shaftesbury Capital plc,real_estate,FY2026,income_statement,Gross profit proxy,7,10724792.519999996,False
E20,Shaftesbury Capital plc,real_estate,FY2024,income_statement,Employee costs,8,-0.0,False
E20,Shaftesbury Capital plc,real_estate,FY2025,income_statement,Employee costs,8,-4739.5,False
E20,Shaftesbury Capital plc,real_estate,FY2026,income_statement,Employee costs,8,-4680.83,False
E20,Shaftesbury Capital plc,real_estate,FY2024,income_statement,Other operating expenses,9,-4198671.88,False
E20,Shaftesbury Capital plc,real_estate,FY2025,income_statement,Other operating expenses,9,-5974176.17,False
E20,Shaftesbury Capital plc,real_estate,FY2026,income_statement,Other operating expenses,9,-3418208.69,False
E20,Shaftesbury Capital plc,real_estate,FY2024,income_statement,EBITDA proxy,10,-11145217.239999998,False
E20,Shaftesbury Capital plc,real_estate,FY2025,income_statement,EBITDA proxy,10,-8659530.069999998,False
E20,Shaftesbury Capital plc,real_estate,FY2026,income_statement,EBITDA proxy,10,7301902.999999996,False
E20,Shaftesbury Capital plc,real_estate,FY2024,income_statement,Taxation paid,11,-420356.57,False
E20,Shaftesbury Capital plc,real_estate,FY2025,income_statement,Taxation paid,11,-189564.02,False
E20,Shaftesbury Capital plc,real_estate,FY2026,income_statement,Taxation paid,11,-212768.29,False
E20,Shaftesbury Capital plc,real_estate,FY2024,income_statement,Net cash earnings proxy,12,-11565573.809999999,False
E20,Shaftesbury Capital plc,real_estate,FY2025,income_statement,Net cash earnings proxy,12,-8849094.089999998,False
E20,Shaftesbury Capital plc,real_estate,FY2026,income_statement,Net cash earnings proxy,12,7089134.709999996,False
E20,Shaftesbury Capital plc,real_estate,FY2024,income_statement,Gross margin proxy,13,-0.147209826843574,True
E20,Shaftesbury Capital plc,real_estate,FY2025,income_statement,Gross margin proxy,13,-0.04251154520363434,True
E20,Shaftesbury Capital plc,real_estate,FY2026,income_statement,Gross margin proxy,13,0.17058772329087918,True
E20,Shaftesbury Capital plc,real_estate,FY2024,income_statement,EBITDA margin proxy,14,-0.23618725783925718,True
E20,Shaftesbury Capital plc,real_estate,FY2025,income_statement,EBITDA margin proxy,14,-0.13733045827592213,True
E20,Shaftesbury Capital plc,real_estate,FY2026,income_statement,EBITDA margin proxy,14,0.1161435063790717,True
E20,Shaftesbury Capital plc,real_estate,FY2024,income_statement,Employee cost ratio,15,0.0,True
E20,Shaftesbury Capital plc,real_estate,FY2025,income_statement,Employee cost ratio,15,7.51631672547253e-05,True
E20,Shaftesbury Capital plc,real_estate,FY2026,income_statement,Employee cost ratio,15,7.445292124044245e-05,True
E20,Shaftesbury Capital plc,real_estate,FY2024,income_statement,Export revenue share,16,0.7771360900743247,True
E20,Shaftesbury Capital plc,real_estate,FY2025,income_statement,Export revenue share,16,0.848144768642893,True
E20,Shaftesbury Capital plc,real_estate,FY2026,income_statement,Export revenue share,16,0.8072524693602978,True
E20,Shaftesbury Capital plc,real_estate,FY2024,income_statement,Effective cash tax rate,17,,True
E20,Shaftesbury Capital plc,real_estate,FY2025,income_statement,Effective cash tax rate,17,,True
E20,Shaftesbury Capital plc,real_estate,FY2026,income_statement,Effective cash tax rate,17,0.02913874506412919,True
E20,Shaftesbury Capital plc,real_estate,FY2024,income_statement,Revenue growth,18,,True
E20,Shaftesbury Capital plc,real_estate,FY2025,income_statement,Revenue growth,18,0.33627357801131685,True
E20,Shaftesbury Capital plc,real_estate,FY2026,income_statement,Revenue growth,18,-0.002957500386384204,True
